ply
format ascii 1.0
element vertex 10353
property float32 x
property float32 y
property float32 z
property float32 I
end_header
30.1550 24.7068 6.8739 0.8536
3.0974 32.6802 5.7882 0.8752
-2.4417 28.6486 5.0698 0.8898
-5.6839 29.1243 5.2323 0.8865
-5.8462 25.1222 4.5481 0.9005
-6.8032 25.1141 4.5879 0.8997
-8.8184 25.2217 4.7112 0.8972
-9.8787 25.3002 4.7891 0.8955
-13.3240 25.5951 5.0880 0.8894
-14.5836 25.7165 5.2129 0.8868
-15.1736 24.6505 5.1040 0.8891
-14.9296 22.4101 4.7481 0.8964
-15.3436 21.3304 4.6331 0.8988
-41.1734 21.4595 8.1869 0.8281
-41.1772 19.6152 8.0424 0.8309
-37.5379 14.6785 7.1070 0.8490
-42.0930 11.4251 7.6907 0.8376
-42.6301 9.9427 7.7186 0.8371
-42.4747 8.3111 7.6315 0.8388
-38.0976 -9.2269 6.9118 0.8528
-22.1668 -7.0866 4.1035 0.9098
-21.7825 -7.8361 4.0818 0.9103
-21.0946 -8.4556 4.0072 0.9118
-31.6723 -21.5131 6.7512 0.8560
-29.3566 -21.5196 6.4182 0.8626
-27.2455 -21.5172 6.1216 0.8685
-25.2915 -21.4923 5.8523 0.8739
-23.5171 -21.4848 5.6166 0.8786
-18.9404 -21.4730 5.0487 0.8902
-4.8206 -7.3706 1.5529 0.9649
-4.8322 -8.0014 1.6482 0.9627
-4.4949 -8.0854 1.6312 0.9631
-3.3966 -8.0409 1.5391 0.9652
-3.0919 -8.1213 1.5323 0.9653
-3.0557 -8.9835 1.6732 0.9622
-5.6157 -21.4493 3.9096 0.9139
-3.9970 -21.4462 3.8467 0.9152
-1.6438 -21.4338 3.7905 0.9164
-0.1015 -21.4291 3.7786 0.9166
0.6681 -21.4268 3.7800 0.9166
1.4375 -21.4000 3.7819 0.9166
4.1296 -23.3856 4.1873 0.9081
-1.6602 33.7716 5.9620 0.8717
-2.4417 28.6486 5.0698 0.8898
-3.3348 27.4419 4.8743 0.8938
-6.8032 25.1141 4.5879 0.8997
-7.7928 25.1518 4.6429 0.8986
-8.8185 25.2217 4.7112 0.8972
-10.9789 25.3880 4.8772 0.8937
-14.5836 25.7165 5.2129 0.8868
-15.1736 24.6506 5.1040 0.8891
-14.9296 22.4102 4.7481 0.8964
-15.3437 21.3304 4.6331 0.8988
-16.2883 21.0095 4.6875 0.8976
-41.1772 19.6152 8.0424 0.8309
-38.0079 16.4586 7.3032 0.8452
-37.5379 14.6785 7.1070 0.8490
-38.0370 13.3202 7.1063 0.8490
-42.6301 9.9427 7.7186 0.8371
-38.8131 -7.9370 6.9854 0.8514
-22.1668 -7.0866 4.1035 0.9098
-21.7825 -7.8361 4.0818 0.9103
-21.0946 -8.4556 4.0072 0.9118
-20.7311 -9.1868 3.9983 0.9120
-25.2915 -21.4923 5.8523 0.8739
-23.5170 -21.4848 5.6166 0.8786
-21.8815 -21.4815 5.4068 0.8829
-18.9404 -21.4730 5.0487 0.8902
-5.9390 -7.2413 1.6514 0.9627
-4.8206 -7.3706 1.5529 0.9649
-4.4949 -8.0854 1.6312 0.9631
-4.0612 -7.9658 1.5766 0.9643
-3.7522 -8.0624 1.5680 0.9645
-3.3966 -8.0409 1.5391 0.9652
-3.0919 -8.1213 1.5323 0.9653
-3.9970 -21.4462 3.8467 0.9152
-0.8714 -21.4314 3.7821 0.9166
1.4375 -21.4000 3.7819 0.9166
3.0630 -21.9130 3.9014 0.9141
30.1550 24.7068 6.8739 0.8536
3.0974 32.6802 5.7882 0.8752
-0.4117 31.1444 5.4921 0.8812
-1.6602 33.7716 5.9620 0.8717
-2.4417 28.6486 5.0698 0.8898
-3.3348 27.4419 4.8743 0.8938
-9.8787 25.3002 4.7891 0.8955
-10.9789 25.3880 4.8772 0.8937
-14.5836 25.7165 5.2129 0.8868
-15.3437 21.3304 4.6331 0.8988
-16.2883 21.0095 4.6875 0.8976
-37.5380 14.6784 7.1070 0.8490
-38.0370 13.3202 7.1063 0.8490
-42.6301 9.9427 7.7186 0.8371
-42.4747 8.3111 7.6315 0.8388
-38.8131 -7.9370 6.9854 0.8514
-38.0975 -9.2270 6.9118 0.8528
-22.1668 -7.0866 4.1035 0.9098
-21.7825 -7.8361 4.0818 0.9103
-21.0946 -8.4556 4.0072 0.9118
-20.7311 -9.1868 3.9983 0.9120
-27.2454 -21.5172 6.1216 0.8685
-23.5170 -21.4848 5.6166 0.8786
-21.8815 -21.4815 5.4068 0.8829
-18.9403 -21.4730 5.0487 0.8902
-5.9390 -7.2414 1.6514 0.9627
-5.0332 -6.6070 1.4645 0.9668
-4.8574 -6.8748 1.4843 0.9664
-4.8206 -7.3706 1.5529 0.9649
-4.8322 -8.0014 1.6482 0.9627
-4.4949 -8.0854 1.6312 0.9631
-4.0612 -7.9658 1.5766 0.9643
-3.3966 -8.0409 1.5391 0.9652
-6.4501 -21.4605 3.9513 0.9130
-3.9969 -21.4462 3.8467 0.9152
-1.6438 -21.4338 3.7904 0.9164
-0.8714 -21.4314 3.7821 0.9166
0.6681 -21.4268 3.7800 0.9166
1.4375 -21.4000 3.7819 0.9166
3.0631 -21.9130 3.9014 0.9141
4.1297 -23.3858 4.1874 0.9080
2.7732 7.6970 1.4426 0.9673
-0.4117 31.1444 5.4921 0.8812
-4.6837 29.6187 5.2875 0.8853
-5.6839 29.1243 5.2323 0.8865
-5.8462 25.1222 4.5481 0.9005
-10.9789 25.3880 4.8772 0.8937
-12.1251 25.4860 4.9765 0.8917
-13.3241 25.5951 5.0880 0.8894
-15.1736 24.6504 5.1040 0.8891
-14.9296 22.4101 4.7481 0.8964
-15.3437 21.3304 4.6331 0.8988
-16.2883 21.0095 4.6875 0.8976
-41.1735 21.4594 8.1869 0.8281
-41.1772 19.6151 8.0424 0.8309
-38.0076 16.4584 7.3031 0.8452
-37.5380 14.6784 7.1070 0.8490
-42.0930 11.4250 7.6907 0.8376
-42.6301 9.9427 7.7186 0.8371
-22.2485 -6.2419 4.0745 0.9104
-22.1668 -7.0866 4.1035 0.9098
-21.7825 -7.8361 4.0818 0.9103
-20.7311 -9.1869 3.9983 0.9120
-34.2771 -21.5260 7.1370 0.8484
-31.6722 -21.5131 6.7511 0.8560
-29.3566 -21.5196 6.4182 0.8626
-23.5169 -21.4848 5.6166 0.8786
-20.3591 -21.4756 5.2179 0.8867
-18.9403 -21.4730 5.0487 0.8902
-4.8574 -6.8748 1.4843 0.9664
-4.8206 -7.3706 1.5529 0.9649
-4.4949 -8.0854 1.6312 0.9631
-3.5828 -7.6985 1.4973 0.9661
-3.0919 -8.1213 1.5323 0.9653
-3.0557 -8.9835 1.6732 0.9622
-3.9969 -21.4462 3.8467 0.9152
-2.4206 -21.4362 3.8038 0.9161
-1.6438 -21.4338 3.7904 0.9164
-0.8714 -21.4314 3.7821 0.9166
0.6681 -21.4268 3.7800 0.9166
3.0631 -21.9130 3.9014 0.9141
44.8716 -18.4815 7.4343 0.8217
47.0148 -13.6717 7.5008 0.8203
48.2766 -10.3495 7.5638 0.8189
46.1898 -6.4797 7.1453 0.8280
49.2335 -3.3316 7.5596 0.8190
46.6796 0.1980 7.1511 0.8279
46.6218 3.5524 7.1629 0.8276
47.4556 10.5953 7.4489 0.8214
45.5281 15.4612 7.3659 0.8232
44.2242 20.5551 7.4709 0.8209
-3.3908 27.9024 4.3059 0.8925
-4.3639 27.5970 4.2802 0.8931
-7.6180 24.5881 3.9434 0.9011
-10.6972 24.7367 4.1287 0.8967
-11.8079 24.8193 4.2105 0.8947
-12.9678 24.9109 4.3023 0.8926
-14.4754 23.5163 4.2304 0.8943
-15.3448 21.3321 4.0256 0.8991
-42.7505 20.3647 7.2542 0.8256
-42.3539 16.5617 6.9668 0.8319
-43.2274 13.4165 6.9338 0.8326
-39.5324 -6.6156 6.1404 0.8503
-37.8837 -9.1751 5.9713 0.8541
-20.4981 -8.2165 3.3831 0.9145
-44.2731 -21.5526 7.5434 0.8193
-37.1796 -21.5277 6.5816 0.8404
-34.2715 -21.5224 6.1996 0.8489
-23.5156 -21.4835 4.8795 0.8791
-20.3582 -21.4746 4.5331 0.8871
-5.9118 -7.2081 1.4281 0.9630
-5.7356 -7.5291 1.4500 0.9624
-4.9316 -6.9800 1.3093 0.9660
-4.7553 -7.2708 1.3309 0.9655
-4.8321 -8.0013 1.4319 0.9629
-4.4696 -8.0397 1.4092 0.9635
-3.5219 -7.5676 1.2787 0.9668
-3.0466 -8.9567 1.4493 0.9624
-6.4496 -21.4585 3.4326 0.9133
-1.6438 -21.4329 3.2930 0.9167
-0.8714 -21.4305 3.2858 0.9169
1.4375 -21.3990 3.2856 0.9169
44.8716 -18.4815 7.4343 0.8217
47.0150 -13.6717 7.5008 0.8203
48.2767 -10.3495 7.5638 0.8189
48.5970 -8.6063 7.5606 0.8190
49.2335 -3.3316 7.5596 0.8190
46.6568 -1.4778 7.1511 0.8279
46.6796 0.1980 7.1511 0.8279
46.7027 1.8760 7.1604 0.8277
45.5281 15.4612 7.3659 0.8232
44.2242 20.5551 7.4709 0.8209
2.7742 7.6996 1.2538 0.9674
-2.3600 27.6895 4.2573 0.8936
-3.3908 27.9024 4.3059 0.8925
-5.7275 24.6122 3.8712 0.9028
-6.6525 24.5577 3.8977 0.9022
-7.6181 24.5881 3.9434 0.9011
-8.6095 24.6240 3.9962 0.8998
-10.6973 24.7368 4.1287 0.8967
-11.8079 24.8193 4.2105 0.8947
-14.4754 23.5163 4.2304 0.8943
-42.7505 20.3647 7.2542 0.8256
-41.1705 17.8282 6.8730 0.8340
-45.9219 16.0815 7.4539 0.8213
-43.2274 13.4164 6.9338 0.8326
-43.1348 11.7078 6.8471 0.8345
-44.7900 10.4464 7.0457 0.8302
-38.5382 -7.8808 6.0260 0.8528
-21.7031 -7.8076 3.5334 0.9109
-20.4981 -8.2165 3.3831 0.9145
-20.4525 -9.0634 3.4271 0.9134
-44.2731 -21.5526 7.5434 0.8193
-40.4467 -21.5190 7.0186 0.8308
-37.1797 -21.5277 6.5816 0.8404
-34.2715 -21.5224 6.1996 0.8489
-25.2896 -21.4906 5.0841 0.8743
-5.7356 -7.5291 1.4500 0.9624
-4.8321 -8.0013 1.4319 0.9629
-4.0850 -8.0123 1.3778 0.9643
-3.5219 -7.5676 1.2787 0.9668
-3.3832 -8.8864 1.4567 0.9623
-3.0466 -8.9567 1.4493 0.9624
-6.4495 -21.4585 3.4326 0.9133
-5.6154 -21.4479 3.3965 0.9142
-1.6438 -21.4329 3.2930 0.9167
-0.1015 -21.4282 3.2827 0.9169
0.6680 -21.4247 3.2837 0.9169
1.4375 -21.3990 3.2856 0.9169
3.0642 -21.9218 3.3909 0.9143
4.1414 -23.4527 3.6484 0.9081
44.8716 -18.4815 7.4343 0.8217
46.1898 -6.4797 7.1453 0.8280
49.0756 -5.0961 7.5585 0.8190
49.2335 -3.3315 7.5596 0.8190
46.6568 -1.4777 7.1511 0.8279
46.1395 8.5754 7.1893 0.8270
47.4557 10.5953 7.4489 0.8214
45.1886 13.5574 7.2275 0.8262
45.5280 15.4612 7.3658 0.8232
2.7742 7.6996 1.2538 0.9674
3.0965 32.6714 5.0275 0.8756
-0.4408 33.3491 5.1093 0.8737
-1.6452 33.4653 5.1329 0.8732
-5.5662 28.5217 4.4518 0.8891
-5.7275 24.6122 3.8712 0.9028
-6.6526 24.5577 3.8977 0.9022
-10.6973 24.7368 4.1287 0.8967
-11.8079 24.8193 4.2105 0.8947
-12.9678 24.9109 4.3023 0.8926
-14.4754 23.5162 4.2303 0.8943
-14.2880 21.4470 3.9479 0.9010
-15.3449 21.3321 4.0256 0.8991
-16.5508 21.3481 4.1381 0.8965
-41.6891 21.7283 7.2019 0.8268
-42.7505 20.3647 7.2542 0.8256
-42.3539 16.5616 6.9668 0.8319
-45.9219 16.0815 7.4539 0.8213
-43.2274 13.4164 6.9338 0.8326
-39.5324 -6.6156 6.1404 0.8503
-38.5382 -7.8808 6.0260 0.8528
-21.9622 -7.0212 3.5322 0.9109
-21.7031 -7.8076 3.5334 0.9109
-20.4981 -8.2165 3.3831 0.9145
-40.4467 -21.5190 7.0186 0.8308
-34.2714 -21.5224 6.1996 0.8489
-31.6688 -21.5107 5.8648 0.8565
-29.3517 -21.5161 5.5752 0.8631
-23.5156 -21.4835 4.8795 0.8791
-21.8803 -21.4803 4.6972 0.8833
-20.3582 -21.4746 4.5331 0.8871
-18.9395 -21.4720 4.3861 0.8906
-5.9117 -7.2081 1.4281 0.9630
-5.7356 -7.5291 1.4500 0.9624
-4.9316 -6.9800 1.3093 0.9660
-4.8321 -8.0013 1.4319 0.9629
-4.4696 -8.0397 1.4092 0.9635
-4.0850 -8.0123 1.3778 0.9643
-3.5219 -7.5676 1.2787 0.9668
-3.4076 -8.0669 1.3415 0.9652
-3.3832 -8.8864 1.4567 0.9623
-6.4495 -21.4585 3.4326 0.9133
-5.6154 -21.4479 3.3965 0.9142
-1.6437 -21.4329 3.2930 0.9167
-0.8714 -21.4305 3.2857 0.9169
-0.1015 -21.4282 3.2827 0.9169
0.6680 -21.4247 3.2837 0.9169
1.4375 -21.3990 3.2856 0.9169
2.2216 -21.4973 3.3108 0.9163
4.1415 -23.4530 3.6485 0.9081
43.9177 -16.2703 7.1748 0.8274
47.0150 -13.6717 7.5008 0.8203
48.2767 -10.3495 7.5638 0.8189
49.2335 -3.3315 7.5596 0.8190
46.6568 -1.4777 7.1511 0.8279
46.6796 0.1981 7.1511 0.8279
46.7027 1.8760 7.1604 0.8277
46.6218 3.5524 7.1629 0.8276
46.1394 8.5755 7.1893 0.8270
47.4552 10.5953 7.4489 0.8214
45.5280 15.4612 7.3658 0.8232
-0.4408 33.3491 5.1093 0.8737
-2.3600 27.6895 4.2573 0.8936
-3.3908 27.9024 4.3059 0.8925
-4.3640 27.5970 4.2802 0.8931
-5.7275 24.6122 3.8712 0.9028
-6.6526 24.5577 3.8977 0.9022
-7.6181 24.5881 3.9434 0.9011
-8.6095 24.6240 3.9962 0.8998
-9.6310 24.6657 4.0565 0.8984
-11.8079 24.8193 4.2105 0.8947
-14.2880 21.4470 3.9479 0.9010
-16.5508 21.3481 4.1381 0.8965
-41.6895 21.7284 7.2020 0.8268
-42.7503 20.3644 7.2542 0.8256
-41.1709 17.8282 6.8731 0.8340
-42.3539 16.5616 6.9668 0.8319
-45.9219 16.0815 7.4539 0.8213
-44.7900 10.4464 7.0457 0.8302
-39.5323 -6.6156 6.1404 0.8503
-38.5383 -7.8809 6.0260 0.8528
-37.8836 -9.1752 5.9713 0.8541
-21.9622 -7.0212 3.5322 0.9109
-21.7031 -7.8076 3.5334 0.9109
-20.4525 -9.0634 3.4271 0.9134
-37.1795 -21.5277 6.5816 0.8404
-34.2714 -21.5224 6.1996 0.8489
-29.3517 -21.5161 5.5752 0.8631
-5.9117 -7.2081 1.4281 0.9630
-4.8321 -8.0013 1.4319 0.9629
-4.4695 -8.0397 1.4092 0.9635
-4.0849 -8.0123 1.3778 0.9643
-3.5219 -7.5675 1.2787 0.9668
-3.3832 -8.8864 1.4567 0.9623
-6.4495 -21.4585 3.4326 0.9133
-5.6154 -21.4479 3.3965 0.9142
-4.7994 -21.4464 3.3667 0.9149
-3.2047 -21.4433 3.3215 0.9160
-1.6437 -21.4329 3.2930 0.9167
-0.1015 -21.4282 3.2827 0.9169
1.4375 -21.3990 3.2856 0.9169
2.2216 -21.4973 3.3108 0.9163
31.4543 -25.3286 5.2589 0.8497
44.9648 -20.4374 6.4318 0.8194
46.5741 -15.3770 6.3869 0.8205
46.5965 -13.5500 6.3192 0.8222
46.6187 -11.7592 6.2609 0.8237
46.6629 -8.2638 6.1710 0.8260
46.7073 -4.8502 6.1150 0.8274
46.5625 -3.1509 6.0773 0.8284
46.8215 3.5676 6.1148 0.8274
46.8455 5.2665 6.1387 0.8268
46.9206 10.4758 6.2605 0.8237
46.9470 12.2664 6.3187 0.8222
45.1172 15.3216 6.2047 0.8251
2.7751 7.7022 1.0661 0.9675
-1.4146 28.7753 3.7517 0.8903
-3.4072 28.0378 3.6780 0.8923
-4.4372 28.0601 3.6994 0.8917
-5.8002 29.7202 3.9432 0.8850
-6.5093 24.0290 3.2419 0.9045
-8.4195 24.0808 3.3220 0.9022
-11.5107 24.1947 3.4890 0.8976
-13.8090 24.3507 3.6454 0.8932
-13.8434 22.4895 3.4390 0.8990
-15.3461 21.3338 3.4222 0.8994
-37.0327 28.7401 6.1043 0.8277
-36.8930 26.5660 5.9202 0.8324
-41.7109 25.7037 6.3801 0.8207
-45.8868 16.0692 6.3312 0.8219
-43.7883 13.5906 5.9705 0.8312
-38.9100 -6.5114 5.1374 0.8529
-34.2658 -21.5188 5.2690 0.8494
-31.6654 -21.5084 4.9848 0.8569
-27.2369 -21.5105 4.5195 0.8694
-23.5142 -21.4822 4.1475 0.8794
-21.8790 -21.4790 3.9926 0.8837
-20.3573 -21.4736 3.8532 0.8875
-5.7091 -7.4943 1.2268 0.9627
-4.8946 -6.9276 1.1046 0.9664
-4.6921 -7.1741 1.1163 0.9660
-4.6472 -7.6951 1.1706 0.9644
-4.0483 -7.9405 1.1606 0.9647
-3.4634 -7.4419 1.0689 0.9674
-3.3520 -8.8044 1.2268 0.9627
-3.0303 -8.9089 1.2254 0.9628
-5.6150 -21.4466 2.8869 0.9145
-4.7992 -21.4450 2.8617 0.9152
-3.2046 -21.4420 2.8232 0.9163
-0.1015 -21.4273 2.7903 0.9172
1.4374 -21.3980 2.7927 0.9171
46.5965 -13.5500 6.3192 0.8222
46.6187 -11.7591 6.2609 0.8237
46.6629 -8.2638 6.1710 0.8260
46.7521 -1.4808 6.0912 0.8280
46.7981 1.8798 6.0990 0.8278
46.8455 5.2665 6.1387 0.8268
46.8699 6.9810 6.1708 0.8260
46.8949 8.7158 6.2113 0.8250
46.9470 12.2664 6.3187 0.8222
46.9742 14.0931 6.3864 0.8205
45.1172 15.3216 6.2047 0.8251
24.0528 35.3738 5.5704 0.8415
-1.4146 28.7753 3.7517 0.8903
-2.3769 27.8882 3.6448 0.8932
-3.4072 28.0378 3.6780 0.8923
-8.4195 24.0808 3.3220 0.9022
-13.9778 20.9814 3.2830 0.9033
-16.5521 21.3498 3.5179 0.8968
-37.0327 28.7401 6.1043 0.8277
-36.8930 26.5659 5.9202 0.8324
-41.7110 25.7037 6.3801 0.8207
-45.5445 17.8093 6.3681 0.8210
-45.8868 16.0692 6.3312 0.8219
-38.2903 -7.8301 5.0894 0.8541
-37.8068 -9.1565 5.0656 0.8548
-21.6719 -6.9284 2.9628 0.9123
-40.4441 -21.5176 5.9657 0.8313
-34.2658 -21.5188 5.2690 0.8494
-31.6654 -21.5084 4.9848 0.8569
-29.3469 -21.5126 4.7384 0.8635
-27.2369 -21.5105 4.5195 0.8694
-25.2876 -21.4889 4.3214 0.8747
-23.5142 -21.4822 4.1475 0.8794
-21.8790 -21.4790 3.9926 0.8837
-20.3573 -21.4736 3.8532 0.8875
-5.8849 -7.1754 1.2085 0.9633
-3.4634 -7.4419 1.0689 0.9674
-3.6751 -8.7002 1.2299 0.9626
-3.3520 -8.8044 1.2268 0.9627
-3.0303 -8.9089 1.2254 0.9628
-5.6150 -21.4466 2.8869 0.9145
-3.9965 -21.4435 2.8405 0.9158
-2.4205 -21.4344 2.8089 0.9167
3.0655 -21.9306 2.8836 0.9146
31.4926 -29.3233 5.6035 0.8407
31.4728 -27.2625 5.4222 0.8454
32.9611 -24.6451 5.3594 0.8470
44.9648 -20.4374 6.4318 0.8194
46.6408 -9.9988 6.2116 0.8250
46.6629 -8.2638 6.1710 0.8260
46.6851 -6.5492 6.1389 0.8268
46.7073 -4.8502 6.1150 0.8274
46.7521 -1.4807 6.0912 0.8280
46.7981 1.8798 6.0990 0.8278
46.8699 6.9810 6.1708 0.8260
46.8949 8.7158 6.2113 0.8250
46.9206 10.4758 6.2605 0.8237
45.1172 15.3216 6.2047 0.8251
2.7751 7.7022 1.0661 0.9675
3.0957 32.6626 4.2724 0.8760
-2.3769 27.8882 3.6448 0.8932
-5.9795 25.6951 3.4354 0.8990
-6.5093 24.0290 3.2419 0.9045
-10.4441 24.1514 3.4265 0.8993
-13.8434 22.4894 3.4389 0.8990
-37.0327 28.7401 6.1043 0.8277
-38.0036 25.3451 5.9485 0.8317
-45.5445 17.8092 6.3681 0.8210
-45.8868 16.0692 6.3312 0.8219
-38.2903 -7.8301 5.0894 0.8541
-21.6719 -6.9284 2.9628 0.9123
-20.5924 -8.2543 2.8890 0.9144
-20.3485 -9.0173 2.8983 0.9141
-40.4441 -21.5176 5.9657 0.8313
-37.1746 -21.5247 5.5938 0.8409
-34.2657 -21.5188 5.2690 0.8494
-31.6654 -21.5084 4.9848 0.8569
-29.3469 -21.5126 4.7384 0.8635
-27.2369 -21.5105 4.5195 0.8694
-25.2876 -21.4889 4.3214 0.8747
-21.8790 -21.4790 3.9926 0.8837
-20.3573 -21.4736 3.8532 0.8875
-18.9386 -21.4710 3.7282 0.8909
-5.8849 -7.1754 1.2085 0.9633
-4.8946 -6.9276 1.1046 0.9664
-4.4265 -7.9623 1.1863 0.9639
-3.4634 -7.4419 1.0689 0.9674
-3.6751 -8.7002 1.2299 0.9626
-3.3520 -8.8044 1.2268 0.9627
-3.0303 -8.9089 1.2254 0.9628
0.6679 -21.4226 2.7910 0.9172
4.1534 -23.5201 3.1102 0.9082
31.4926 -29.3231 5.6035 0.8407
32.9611 -24.6451 5.3594 0.8470
46.5741 -15.3770 6.3869 0.8205
46.5965 -13.5500 6.3192 0.8222
46.6187 -11.7591 6.2609 0.8237
46.6408 -9.9988 6.2116 0.8250
46.6629 -8.2637 6.1710 0.8260
46.6851 -6.5491 6.1389 0.8268
46.7073 -4.8501 6.1150 0.8274
46.8215 3.5676 6.1148 0.8274
46.8455 5.2665 6.1387 0.8268
46.9206 10.4759 6.2605 0.8237
46.9742 14.0931 6.3864 0.8205
2.7751 7.7022 1.0661 0.9675
-0.4471 33.8260 4.4052 0.8724
-1.4146 28.7753 3.7517 0.8903
-4.4372 28.0601 3.6994 0.8917
-5.9795 25.6949 3.4354 0.8990
-6.5093 24.0290 3.2419 0.9045
-7.4522 24.0527 3.2790 0.9034
-8.4195 24.0808 3.3220 0.9022
-9.4154 24.1136 3.3710 0.9008
-10.4441 24.1514 3.4265 0.8993
-11.5107 24.1947 3.4890 0.8976
-12.6325 24.2667 3.5625 0.8955
-13.8091 24.3507 3.6454 0.8932
-13.8434 22.4894 3.4389 0.8990
-15.3461 21.3338 3.4222 0.8994
-16.5521 21.3498 3.5179 0.8968
-37.0327 28.7401 6.1043 0.8277
-38.0036 25.3451 5.9485 0.8317
-45.5445 17.8092 6.3681 0.8210
-45.8868 16.0692 6.3312 0.8219
-47.6796 12.9414 6.4335 0.8193
-38.9101 -6.5115 5.1374 0.8529
-38.2904 -7.8302 5.0894 0.8541
-37.8067 -9.1566 5.0656 0.8548
-21.6719 -6.9284 2.9628 0.9123
-20.5924 -8.2543 2.8890 0.9144
-40.4439 -21.5176 5.9656 0.8313
-37.1745 -21.5247 5.5938 0.8409
-34.2657 -21.5188 5.2690 0.8494
-29.3469 -21.5126 4.7384 0.8635
-25.2876 -21.4889 4.3214 0.8747
-21.8789 -21.4790 3.9926 0.8837
-5.7091 -7.4943 1.2268 0.9627
-4.6921 -7.1741 1.1163 0.9660
-4.0483 -7.9405 1.1606 0.9647
-3.6751 -8.7002 1.2299 0.9626
-6.4490 -21.4566 2.9176 0.9136
-3.2046 -21.4420 2.8232 0.9163
-1.6437 -21.4320 2.7991 0.9169
-0.8714 -21.4296 2.7929 0.9171
-0.1015 -21.4273 2.7903 0.9172
1.4374 -21.3980 2.7927 0.9171
2.2219 -21.4997 2.8146 0.9165
31.5104 -33.8752 4.9680 0.8302
31.4676 -29.2999 4.6170 0.8412
31.4486 -27.2415 4.4678 0.8459
39.5701 -25.3756 5.0478 0.8277
44.9364 -20.4245 5.3004 0.8199
48.7259 -6.8355 5.2835 0.8204
48.7495 -5.0622 5.2629 0.8210
48.9945 -1.5521 5.2638 0.8210
48.9159 5.4993 5.2858 0.8203
48.9187 7.2861 5.3109 0.8196
28.2144 35.6892 4.8853 0.8327
-5.5717 28.5498 3.1236 0.8896
-5.9937 25.7563 2.8396 0.8991
-6.3986 23.6204 2.6278 0.9062
-7.3221 23.6330 2.6568 0.9053
-8.2674 23.6458 2.6898 0.9041
-9.2147 23.5996 2.7205 0.9031
-10.1407 23.4497 2.7434 0.9023
-11.1092 23.3508 2.7768 0.9012
-13.1240 23.1427 2.8569 0.8985
-17.6420 21.1424 2.9569 0.8951
-35.9104 25.8585 4.7518 0.8369
-38.8219 -6.4967 4.2267 0.8535
-38.8228 -7.9390 4.2551 0.8526
-37.7605 -9.1453 4.1720 0.8553
-21.6928 -7.8038 2.4756 0.9114
-20.2462 -8.9719 2.3780 0.9148
-44.2538 -21.5432 5.2852 0.8204
-37.1695 -21.5217 4.6121 0.8413
-34.2600 -21.5152 4.3442 0.8498
-31.6621 -21.5061 4.1101 0.8573
-29.3422 -21.5091 3.9067 0.8638
-25.2857 -21.4873 3.5632 0.8750
-21.8777 -21.4778 3.2921 0.8840
-18.9378 -21.4700 3.0742 0.8912
-5.8585 -7.1432 0.9920 0.9635
-5.3986 -7.6409 1.0046 0.9631
-4.5837 -7.5900 0.9521 0.9650
-4.3866 -7.8904 0.9694 0.9643
-4.0126 -7.8704 0.9486 0.9651
-3.6385 -8.6136 1.0041 0.9631
-3.3187 -8.7170 1.0016 0.9632
-4.7989 -21.4437 2.3596 0.9154
-3.2044 -21.4407 2.3279 0.9165
-0.1015 -21.4264 2.3008 0.9174
0.6679 -21.4206 2.3013 0.9174
1.4373 -21.3970 2.3028 0.9173
3.0667 -21.9393 2.3788 0.9147
4.1651 -23.5869 2.5720 0.9081
31.4881 -31.5037 4.7830 0.8359
31.4308 -25.3096 4.3333 0.8501
32.9609 -24.6450 4.4194 0.8474
39.5702 -25.3756 5.0478 0.8277
46.3966 -17.1888 5.3131 0.8195
46.7090 -15.4215 5.2820 0.8205
48.7022 -8.6250 5.3111 0.8196
48.7259 -6.8355 5.2835 0.8204
48.7495 -5.0622 5.2629 0.8210
44.8327 -3.0339 4.8252 0.8346
49.0126 3.7346 5.2783 0.8206
48.9159 5.4993 5.2858 0.8203
48.9187 7.2861 5.3109 0.8196
2.7760 7.7047 0.8794 0.9676
3.0953 32.6585 3.5226 0.8764
-1.5614 31.7621 3.4148 0.8799
-2.3940 28.0887 3.0271 0.8928
-3.4247 28.1823 3.0485 0.8921
-4.4667 28.2471 3.0709 0.8913
-6.3986 23.6204 2.6278 0.9062
-7.3221 23.6330 2.6568 0.9053
-9.2146 23.5996 2.7205 0.9031
-10.1407 23.4497 2.7434 0.9023
-11.1092 23.3508 2.7768 0.9012
-13.4771 21.8945 2.7608 0.9017
-14.2032 21.3197 2.7509 0.9021
-16.5535 21.3516 2.9011 0.8970
-17.6420 21.1424 2.9569 0.8951
-36.1125 30.1640 5.0526 0.8275
-35.9977 27.9368 4.8930 0.8325
-35.9104 25.8585 4.7518 0.8369
-36.6866 24.4667 4.7352 0.8374
-38.8219 -6.4967 4.2267 0.8535
-38.8228 -7.9390 4.2551 0.8526
-21.7671 -6.9588 2.4539 0.9122
-21.6928 -7.8039 2.4756 0.9114
-20.2462 -8.9719 2.3780 0.9148
-40.4414 -21.5162 4.9190 0.8317
-37.1695 -21.5217 4.6121 0.8413
-34.2601 -21.5152 4.3442 0.8498
-29.3421 -21.5091 3.9067 0.8638
-27.2326 -21.5072 3.7263 0.8697
-23.5128 -21.4810 3.4199 0.8797
-21.8777 -21.4778 3.2921 0.8840
-18.9378 -21.4700 3.0742 0.8912
-5.8585 -7.1432 0.9920 0.9635
-5.3986 -7.6409 1.0046 0.9631
-4.7874 -7.3199 0.9392 0.9654
-4.5837 -7.5900 0.9521 0.9650
-4.0126 -7.8704 0.9486 0.9651
-3.6452 -7.8325 0.9277 0.9658
-3.6385 -8.6136 1.0041 0.9631
-3.3187 -8.7170 1.0016 0.9632
-7.2981 -21.4558 2.4336 0.9129
-4.7989 -21.4437 2.3596 0.9154
-3.9962 -21.4422 2.3421 0.9160
-0.8713 -21.4288 2.3030 0.9173
-0.1015 -21.4264 2.3008 0.9174
0.6679 -21.4206 2.3013 0.9174
2.2221 -21.5021 2.3212 0.9167
3.0667 -21.9393 2.3788 0.9147
31.4881 -31.5037 4.7830 0.8359
31.4676 -29.2999 4.6170 0.8412
31.4486 -27.2415 4.4678 0.8459
31.4308 -25.3096 4.3333 0.8501
32.9610 -24.6450 4.4194 0.8474
36.0463 -24.9861 4.7097 0.8382
39.5702 -25.3756 5.0478 0.8277
44.9364 -20.4245 5.3004 0.8199
46.3966 -17.1887 5.3131 0.8195
46.7090 -15.4213 5.2820 0.8205
48.7022 -8.6250 5.3111 0.8196
48.7495 -5.0622 5.2629 0.8210
44.8327 -3.0338 4.8252 0.8346
49.0517 0.2080 5.2673 0.8209
49.0578 1.9705 5.2722 0.8208
49.0126 3.7346 5.2783 0.8206
48.9187 7.2861 5.3109 0.8196
45.4203 15.4246 5.1509 0.8245
28.2144 35.6892 4.8853 0.8327
-0.4443 33.6153 3.6100 0.8735
-2.3940 28.0887 3.0271 0.8928
-3.4247 28.1823 3.0485 0.8921
-4.4667 28.2471 3.0709 0.8913
-6.3987 23.6204 2.6278 0.9062
-7.3221 23.6330 2.6568 0.9053
-9.2146 23.5996 2.7205 0.9031
-10.1407 23.4497 2.7434 0.9023
-12.1632 23.3651 2.8286 0.8995
-14.2032 21.3197 2.7509 0.9021
-15.3473 21.3355 2.8222 0.8997
-16.5535 21.3516 2.9011 0.8970
-17.6420 21.1424 2.9569 0.8951
-36.1125 30.1638 5.0526 0.8275
-35.9977 27.9368 4.8930 0.8325
-36.6866 24.4667 4.7352 0.8374
-38.8228 -7.9390 4.2551 0.8526
-21.7671 -6.9588 2.4539 0.9122
-21.6928 -7.8039 2.4756 0.9114
-20.2919 -8.1339 2.3475 0.9158
-20.2462 -8.9719 2.3780 0.9148
-44.2538 -21.5432 5.2852 0.8204
-31.6620 -21.5061 4.1101 0.8573
-27.2326 -21.5072 3.7263 0.8697
-25.2857 -21.4873 3.5632 0.8750
-21.8777 -21.4778 3.2921 0.8840
-5.6831 -7.4602 1.0071 0.9630
-5.3986 -7.6409 1.0046 0.9631
-4.5837 -7.5900 0.9521 0.9650
-4.0126 -7.8704 0.9486 0.9651
-3.6385 -8.6136 1.0041 0.9631
-7.2981 -21.4558 2.4336 0.9129
-6.4484 -21.4547 2.4056 0.9138
-3.2043 -21.4407 2.3279 0.9165
0.6679 -21.4206 2.3013 0.9174
1.4373 -21.3970 2.3028 0.9173
2.2221 -21.5021 2.3212 0.9167
4.1652 -23.5872 2.5720 0.9081
31.4881 -31.5036 4.7830 0.8359
31.4676 -29.2998 4.6170 0.8412
31.4486 -27.2414 4.4678 0.8459
31.4308 -25.3096 4.3333 0.8501
36.0463 -24.9861 4.7097 0.8382
44.9364 -20.4244 5.3004 0.8199
48.7495 -5.0621 5.2629 0.8210
44.8327 -3.0338 4.8252 0.8346
48.9945 -1.5518 5.2638 0.8210
49.0517 0.2080 5.2673 0.8209
49.0578 1.9705 5.2722 0.8208
49.0126 3.7346 5.2783 0.8206
48.9187 7.2863 5.3109 0.8196
28.2144 35.6892 4.8853 0.8327
2.7760 7.7047 0.8794 0.9676
3.0952 32.6585 3.5226 0.8764
-0.4443 33.6153 3.6100 0.8735
-1.5614 31.7621 3.4148 0.8799
-3.4248 28.1823 3.0485 0.8921
-4.4668 28.2474 3.0709 0.8913
-6.3987 23.6204 2.6278 0.9062
-7.3221 23.6330 2.6568 0.9053
-8.2674 23.6458 2.6898 0.9041
-9.2146 23.5996 2.7205 0.9031
-10.1407 23.4497 2.7434 0.9023
-12.1632 23.3651 2.8286 0.8995
-16.5535 21.3516 2.9011 0.8970
-17.6420 21.1424 2.9569 0.8951
-36.1125 30.1638 5.0526 0.8275
-35.9977 27.9368 4.8930 0.8325
-35.9104 25.8585 4.7518 0.8369
-38.8229 -7.9391 4.2551 0.8526
-21.7671 -6.9588 2.4539 0.9122
-20.2919 -8.1339 2.3475 0.9158
-40.4412 -21.5162 4.9190 0.8317
-37.1694 -21.5217 4.6121 0.8413
-29.3421 -21.5091 3.9067 0.8638
-25.2857 -21.4873 3.5632 0.8750
-5.6831 -7.4602 1.0071 0.9630
-4.7874 -7.3199 0.9392 0.9654
-4.3866 -7.8904 0.9694 0.9643
-3.6452 -7.8325 0.9277 0.9658
-3.6385 -8.6136 1.0041 0.9631
-3.3187 -8.7170 1.0016 0.9632
-6.4484 -21.4547 2.4056 0.9138
-4.7988 -21.4437 2.3596 0.9154
-3.2043 -21.4407 2.3279 0.9165
2.2221 -21.5021 2.3212 0.9167
3.0668 -21.9394 2.3788 0.9147
31.5346 -36.4410 5.1748 0.8238
31.4836 -33.8464 3.9131 0.8306
31.4623 -31.4779 3.7675 0.8364
31.4427 -29.2768 3.6369 0.8416
32.9609 -24.6450 3.4839 0.8477
39.5700 -25.3756 3.9793 0.8280
44.8227 -20.3728 4.1679 0.8207
45.3062 15.3857 4.0504 0.8252
24.0169 35.3210 3.6158 0.8424
3.0960 32.6653 2.7776 0.8766
-1.5633 31.8012 2.6953 0.8800
-4.4609 28.2099 2.4177 0.8917
-8.2679 23.6472 2.1206 0.9043
-10.2377 23.6740 2.1834 0.9016
-11.2696 23.6880 2.2206 0.9001
-12.3388 23.7025 2.2621 0.8983
-14.2043 21.3213 2.1687 0.9023
-15.3236 21.3025 2.2214 0.9000
-16.5281 21.3188 2.2835 0.8974
-35.2994 29.4848 3.8935 0.8314
-35.3302 27.4188 3.7858 0.8357
-35.3593 25.4616 3.6885 0.8395
-35.9928 24.0041 3.6624 0.8406
-22.0292 -7.9249 1.9818 0.9103
-20.9370 -8.3924 1.9095 0.9134
-44.2443 -21.5385 4.1656 0.8207
-40.4388 -21.5148 3.8776 0.8320
-29.3375 -21.5056 3.0793 0.8641
-27.2285 -21.5038 2.9371 0.8700
-23.5114 -21.4797 2.6958 0.8800
-21.8764 -21.4766 2.5952 0.8842
-20.3553 -21.4716 2.5046 0.8880
-18.9369 -21.4691 2.4234 0.8914
-5.8202 -7.0965 0.7769 0.9638
-4.5222 -7.4882 0.7405 0.9655
-4.3998 -7.9142 0.7665 0.9643
-3.9216 -8.4264 0.7868 0.9634
-3.6028 -8.5291 0.7838 0.9635
-7.2975 -21.4538 1.9183 0.9130
-6.4478 -21.4527 1.8963 0.9140
-4.7986 -21.4424 1.8601 0.9156
-3.2042 -21.4394 1.8351 0.9167
-0.8713 -21.4279 1.8154 0.9175
1.4372 -21.3960 1.8153 0.9175
2.2223 -21.5045 1.8301 0.9169
3.0679 -21.9480 1.8760 0.9149
31.4245 -27.2206 3.5194 0.8463
36.0461 -24.9860 3.7128 0.8386
44.8227 -20.3728 4.1679 0.8207
45.3062 15.3857 4.0504 0.8252
-0.4635 35.0681 2.9689 0.8687
-2.7396 32.1439 2.7309 0.8785
-4.4609 28.2099 2.4177 0.8917
-5.6805 29.1071 2.5105 0.8878
-6.0079 25.8174 2.2439 0.8991
-7.3226 23.6344 2.0945 0.9054
-12.3388 23.7025 2.2621 0.8983
-13.3412 23.5256 2.2894 0.8971
-13.4915 21.9178 2.1787 0.9018
-14.2042 21.3213 2.1688 0.9023
-15.3236 21.3025 2.2214 0.9000
-35.2994 29.4848 3.8935 0.8314
-35.9929 24.0041 3.6623 0.8406
-39.0193 24.0449 3.8799 0.8319
-42.1413 23.9255 4.1022 0.8232
-37.2485 -9.0213 3.2443 0.8574
-22.0292 -7.9249 1.9818 0.9103
-20.9370 -8.3925 1.9095 0.9134
-31.6586 -21.5038 3.2398 0.8576
-27.2284 -21.5038 2.9370 0.8700
-25.2837 -21.4856 2.8088 0.8753
-23.5114 -21.4797 2.6958 0.8800
-20.3553 -21.4716 2.5046 0.8880
-5.8202 -7.0965 0.7769 0.9638
-5.6192 -7.3763 0.7850 0.9635
-5.3365 -7.5530 0.7829 0.9636
-4.7510 -7.2643 0.7348 0.9658
-3.9350 -7.7181 0.7334 0.9658
-3.6028 -8.5291 0.7838 0.9635
-6.4478 -21.4527 1.8963 0.9140
-4.7986 -21.4424 1.8601 0.9156
-2.4203 -21.4326 1.8259 0.9171
-0.8713 -21.4279 1.8154 0.9175
0.6678 -21.4185 1.8140 0.9176
3.0679 -21.9480 1.8760 0.9149
4.1770 -23.6541 2.0334 0.9081
31.5067 -36.4088 4.0759 0.8242
31.4836 -33.8464 3.9131 0.8306
31.4427 -29.2768 3.6369 0.8416
31.4245 -27.2207 3.5194 0.8463
31.4075 -25.2908 3.4136 0.8505
32.9610 -24.6450 3.4840 0.8477
45.3062 15.3858 4.0504 0.8252
24.0169 35.3210 3.6158 0.8424
2.7770 7.7073 0.6935 0.9676
3.0960 32.6653 2.7776 0.8766
-3.6726 30.2215 2.5772 0.8850
-4.4609 28.2099 2.4177 0.8917
-6.3990 23.6218 2.0717 0.9064
-8.2679 23.6472 2.1206 0.9043
-9.2384 23.6604 2.1502 0.9031
-12.3388 23.7025 2.2621 0.8983
-13.4915 21.9178 2.1787 0.9018
-14.2043 21.3213 2.1688 0.9023
-16.5281 21.3188 2.2835 0.8974
-35.2994 29.4847 3.8935 0.8314
-35.3302 27.4188 3.7858 0.8357
-35.9929 24.0041 3.6623 0.8406
-39.0193 24.0449 3.8799 0.8319
-42.1413 23.9255 4.1022 0.8232
-38.4773 -6.4390 3.3025 0.8550
-39.0035 -7.9760 3.3701 0.8523
-21.5823 -6.8997 1.9181 0.9131
-20.9370 -8.3925 1.9095 0.9134
-20.1455 -8.9273 1.8653 0.9153
-44.2443 -21.5385 4.1656 0.8207
-40.4388 -21.5148 3.8776 0.8320
-34.2543 -21.5116 3.4241 0.8501
-31.6586 -21.5038 3.2398 0.8576
-29.3374 -21.5056 3.0793 0.8641
-27.2284 -21.5038 2.9370 0.8700
-21.8764 -21.4766 2.5952 0.8842
-20.3553 -21.4716 2.5046 0.8880
-5.8202 -7.0965 0.7769 0.9638
-5.3365 -7.5530 0.7829 0.9636
-4.7510 -7.2643 0.7348 0.9658
-4.5222 -7.4882 0.7405 0.9655
-3.9350 -7.7181 0.7334 0.9658
-3.9216 -8.4264 0.7868 0.9634
-3.2862 -8.6316 0.7819 0.9636
-7.2975 -21.4538 1.9183 0.9130
-3.2041 -21.4394 1.8351 0.9167
-2.4202 -21.4326 1.8259 0.9171
-1.6435 -21.4302 1.8195 0.9173
-0.8713 -21.4279 1.8154 0.9175
-0.1014 -21.4256 1.8138 0.9176
1.4372 -21.3960 1.8153 0.9175
3.0680 -21.9481 1.8760 0.9149
31.5067 -36.4088 4.0759 0.8242
31.4245 -27.2206 3.5194 0.8463
32.9610 -24.6450 3.4840 0.8477
44.8227 -20.3727 4.1679 0.8207
24.0169 35.3210 3.6158 0.8424
2.7770 7.7073 0.6935 0.9676
3.0959 32.6653 2.7776 0.8766
-2.7396 32.1439 2.7309 0.8785
-4.4610 28.2102 2.4177 0.8917
-6.0079 25.8171 2.2439 0.8991
-12.3388 23.7025 2.2621 0.8983
-13.3412 23.5256 2.2894 0.8971
-13.4915 21.9178 2.1787 0.9018
-14.2043 21.3213 2.1688 0.9023
-35.2994 29.4847 3.8935 0.8314
-42.1413 23.9254 4.1022 0.8232
-38.4775 -6.4391 3.3025 0.8550
-39.0036 -7.9761 3.3701 0.8523
-37.2483 -9.0213 3.2443 0.8574
-21.5823 -6.8997 1.9181 0.9131
-22.0292 -7.9249 1.9818 0.9103
-20.9370 -8.3925 1.9095 0.9134
-44.2440 -21.5385 4.1656 0.8208
-40.4386 -21.5148 3.8776 0.8320
-37.1643 -21.5188 3.6354 0.8416
-34.2543 -21.5116 3.4241 0.8501
-31.6586 -21.5038 3.2398 0.8576
-29.3374 -21.5056 3.0793 0.8641
-25.2837 -21.4856 2.8088 0.8753
-23.5113 -21.4797 2.6958 0.8800
-20.3552 -21.4716 2.5046 0.8880
-18.9369 -21.4691 2.4234 0.8914
-5.8202 -7.0965 0.7769 0.9638
-5.6192 -7.3763 0.7850 0.9635
-4.7510 -7.2643 0.7348 0.9658
-4.5222 -7.4882 0.7405 0.9655
-3.9216 -8.4264 0.7868 0.9634
-7.2975 -21.4538 1.9183 0.9130
-5.6143 -21.4439 1.8765 0.9149
-3.9959 -21.4409 1.8463 0.9162
-2.4202 -21.4326 1.8259 0.9171
-0.8713 -21.4279 1.8154 0.9175
-0.1014 -21.4256 1.8138 0.9176
3.0680 -21.9481 1.8760 0.9149
4.1771 -23.6543 2.0334 0.9081
31.4569 -33.8178 2.8640 0.8310
31.4367 -31.4523 2.7576 0.8368
31.4006 -27.1999 2.5761 0.8466
31.3843 -25.2722 2.4987 0.8509
32.9608 -24.6449 2.5521 0.8479
36.0460 -24.9859 2.7197 0.8388
39.5699 -25.3755 2.9149 0.8283
44.8081 -20.3662 3.0521 0.8210
45.2922 15.3810 2.9661 0.8256
-1.5652 31.8402 1.9768 0.8801
-4.6962 29.6984 1.8645 0.8865
-6.0222 25.8785 1.6476 0.8990
-14.2052 21.3228 1.5888 0.9024
-15.3246 21.3040 1.6273 0.9002
-19.2386 23.0557 1.8621 0.8866
-21.6420 22.4445 1.9334 0.8825
-30.8206 25.7438 2.4902 0.8513
-31.8393 22.9270 2.4330 0.8545
-35.9965 24.0066 2.6830 0.8408
-38.3201 23.6141 2.7912 0.8349
-42.4376 24.0938 3.0261 0.8224
-39.2034 -6.5605 2.4648 0.8527
-38.9000 -7.9548 2.4621 0.8529
-39.2142 -9.4974 2.5020 0.8507
-21.0954 -8.4559 1.4093 0.9129
-44.2347 -21.5339 3.0508 0.8211
-34.2488 -21.5081 2.5078 0.8504
-31.6553 -21.5015 2.3730 0.8578
-27.2243 -21.5005 2.1512 0.8702
-25.2818 -21.4840 2.0573 0.8755
-23.5100 -21.4784 1.9747 0.8802
-21.8752 -21.4753 1.9009 0.8844
-20.3544 -21.4706 1.8346 0.8882
-5.2761 -7.4675 0.5670 0.9640
-4.9885 -7.6274 0.5652 0.9641
-4.6369 -7.6781 0.5562 0.9647
-3.5679 -8.4465 0.5686 0.9639
-5.6140 -21.4426 1.3745 0.9150
-4.7983 -21.4411 1.3625 0.9157
-3.9958 -21.4396 1.3524 0.9163
-1.6435 -21.4294 1.3327 0.9175
-0.8712 -21.4270 1.3298 0.9176
1.4372 -21.3950 1.3297 0.9177
2.2226 -21.5069 1.3408 0.9170
3.0691 -21.9567 1.3748 0.9150
4.1889 -23.7213 1.4937 0.9080
31.4789 -36.3768 2.9831 0.8247
31.4569 -33.8177 2.8640 0.8310
31.4367 -31.4522 2.7576 0.8368
31.4006 -27.1999 2.5761 0.8466
36.0460 -24.9859 2.7197 0.8388
2.7779 7.7099 0.5082 0.9677
-3.8232 31.4607 1.9652 0.8807
-7.1969 36.8771 2.3299 0.8602
-6.3993 23.6232 1.5177 0.9066
-11.4376 21.9714 1.5360 0.9055
-15.3247 21.3040 1.6273 0.9002
-16.5293 21.3204 1.6729 0.8975
-20.4326 22.7724 1.8972 0.8846
-30.9258 27.7759 2.5777 0.8465
-30.8206 25.7438 2.4902 0.8513
-35.9966 24.0066 2.6830 0.8408
-42.4376 24.0938 3.0261 0.8224
-39.2034 -6.5605 2.4648 0.8527
-21.6507 -7.7887 1.4268 0.9119
-21.0954 -8.4559 1.4093 0.9129
-44.2347 -21.5339 3.0508 0.8211
-40.4362 -21.5134 2.8403 0.8323
-34.2488 -21.5081 2.5078 0.8504
-27.2242 -21.5005 2.1511 0.8702
-25.2818 -21.4840 2.0573 0.8755
-21.8752 -21.4753 1.9009 0.8844
-18.9361 -21.4681 1.7751 0.8916
-17.6030 -21.4630 1.7213 0.8947
-5.2761 -7.4675 0.5670 0.9640
-3.7939 -7.4414 0.5180 0.9671
-8.1676 -21.4530 1.4235 0.9121
2.2226 -21.5069 1.3408 0.9170
4.1889 -23.7213 1.4937 0.9080
31.4789 -36.3767 2.9831 0.8247
31.4367 -31.4522 2.7576 0.8368
31.3843 -25.2721 2.4987 0.8509
44.8081 -20.3662 3.0521 0.8210
3.0966 32.6721 2.0351 0.8768
-1.5653 31.8402 1.9768 0.8801
-2.7621 32.4081 2.0169 0.8778
-3.8232 31.4607 1.9652 0.8807
-4.6962 29.6984 1.8645 0.8865
-7.1969 36.8771 2.3299 0.8602
-6.3994 23.6232 1.5177 0.9066
-6.7881 21.9092 1.4223 0.9122
-7.6575 21.9012 1.4387 0.9112
-8.5596 21.9219 1.4593 0.9100
-11.4376 21.9714 1.5360 0.9055
-12.4722 21.9934 1.5678 0.9036
-13.5059 21.9411 1.5977 0.9019
-15.3247 21.3040 1.6273 0.9002
-19.2386 23.0556 1.8620 0.8866
-21.6420 22.4445 1.9334 0.8825
-30.9258 27.7759 2.5777 0.8465
-31.8394 22.9270 2.4330 0.8545
-35.9966 24.0066 2.6830 0.8408
-38.3201 23.6141 2.7912 0.8349
-42.4376 24.0938 3.0261 0.8224
-39.2142 -9.4974 2.5020 0.8507
-21.9301 -7.0109 1.4277 0.9119
-21.6507 -7.7887 1.4268 0.9119
-21.0954 -8.4559 1.4093 0.9129
-44.2347 -21.5339 3.0508 0.8211
-40.4362 -21.5134 2.8403 0.8323
-37.1594 -21.5159 2.6627 0.8419
-34.2487 -21.5081 2.5078 0.8504
-25.2818 -21.4840 2.0573 0.8755
-23.5100 -21.4784 1.9747 0.8802
-20.3544 -21.4706 1.8346 0.8882
-17.6029 -21.4630 1.7213 0.8947
-5.5479 -7.2827 0.5677 0.9640
-4.6369 -7.6781 0.5562 0.9647
-3.7939 -7.4414 0.5180 0.9671
-3.8835 -8.3445 0.5707 0.9638
-7.2969 -21.4519 1.4051 0.9132
-6.4472 -21.4508 1.3890 0.9141
-4.7983 -21.4411 1.3625 0.9157
-2.4201 -21.4317 1.3374 0.9172
-1.6435 -21.4294 1.3327 0.9175
-0.8712 -21.4270 1.3298 0.9176
-0.1014 -21.4247 1.3286 0.9177
0.6678 -21.4165 1.3287 0.9177
1.4372 -21.3950 1.3297 0.9177
2.2226 -21.5069 1.3408 0.9170
3.0692 -21.9568 1.3748 0.9150
31.4569 -33.8177 2.8640 0.8310
31.4180 -29.2536 2.6620 0.8419
31.4006 -27.1998 2.5761 0.8466
31.3843 -25.2721 2.4987 0.8509
39.5700 -25.3755 2.9150 0.8283
44.8081 -20.3661 3.0521 0.8210
2.7779 7.7099 0.5082 0.9677
-2.7621 32.4081 2.0169 0.8778
-3.8232 31.4606 1.9652 0.8807
-4.6963 29.6983 1.8645 0.8865
-8.5596 21.9219 1.4593 0.9100
-9.5176 22.0089 1.4869 0.9084
-10.4764 22.0206 1.5122 0.9069
-14.2052 21.3228 1.5888 0.9024
-16.5293 21.3204 1.6729 0.8975
-19.2386 23.0556 1.8620 0.8866
-21.6420 22.4444 1.9334 0.8825
-30.8206 25.7437 2.4902 0.8513
-38.3201 23.6141 2.7912 0.8349
-38.8998 -7.9548 2.4621 0.8529
-21.9301 -7.0109 1.4277 0.9119
-40.4360 -21.5134 2.8402 0.8323
-31.6553 -21.5015 2.3730 0.8578
-27.2242 -21.5005 2.1511 0.8702
-23.5099 -21.4784 1.9747 0.8802
-20.3543 -21.4706 1.8346 0.8882
-18.9360 -21.4681 1.7751 0.8916
-17.6029 -21.4630 1.7213 0.8947
-4.9885 -7.6274 0.5652 0.9641
-4.2981 -7.7314 0.5485 0.9652
-3.8834 -8.3445 0.5707 0.9638
-3.5679 -8.4465 0.5686 0.9639
-5.6140 -21.4426 1.3745 0.9150
-3.9957 -21.4396 1.3524 0.9163
-2.4201 -21.4317 1.3374 0.9172
0.6678 -21.4165 1.3287 0.9177
2.2227 -21.5070 1.3408 0.9170
4.1890 -23.7216 1.4937 0.9080
31.4112 -31.4267 1.7520 0.8371
31.3767 -27.1793 1.6368 0.8469
31.3612 -25.2536 1.5877 0.8511
36.0459 -24.9859 1.7294 0.8390
39.5698 -25.3754 1.8535 0.8285
3.0972 32.6789 1.2943 0.8769
-5.2935 33.4758 1.3364 0.8731
-6.7796 21.8820 0.9033 0.9124
-7.0725 20.2281 0.8450 0.9178
-7.9027 20.2394 0.8567 0.9167
-8.7574 20.2511 0.8700 0.9155
-9.6402 20.2631 0.8848 0.9141
-10.5548 20.2755 0.9013 0.9126
-11.5054 20.2885 0.9197 0.9109
-12.4969 20.3020 0.9400 0.9090
-16.5304 21.3219 1.0638 0.8976
-18.9328 22.6893 1.1652 0.8884
-21.9172 22.7299 1.2451 0.8813
-23.0421 22.2403 1.2628 0.8797
-29.2083 22.6678 1.4579 0.8624
-31.8424 22.9292 1.5472 0.8546
-33.8211 22.5558 1.6030 0.8498
-39.5607 22.4604 1.7938 0.8335
-43.9498 22.9065 1.9542 0.8200
-22.6095 -7.2281 0.9360 0.9094
-21.6727 -7.7966 0.9082 0.9119
-37.1544 -21.5130 1.6929 0.8421
-34.2432 -21.5046 1.5944 0.8506
-29.3280 -21.4986 1.4339 0.8645
-27.2201 -21.4972 1.3677 0.8704
-25.2799 -21.4824 1.3081 0.8756
-21.8739 -21.4741 1.2087 0.8845
-20.3535 -21.4696 1.1665 0.8883
-17.6022 -21.4621 1.0945 0.8948
-5.2770 -7.4688 0.3606 0.9641
-4.6010 -7.6186 0.3509 0.9650
-4.1616 -8.1625 0.3613 0.9640
-3.5338 -8.3658 0.3581 0.9643
-8.1669 -21.4510 0.9051 0.9122
-7.2962 -21.4500 0.8934 0.9133
-5.6136 -21.4413 0.8739 0.9151
-3.9955 -21.4383 0.8599 0.9164
-3.2038 -21.4368 0.8547 0.9169
-2.4200 -21.4309 0.8504 0.9173
-1.6435 -21.4285 0.8474 0.9176
-0.8712 -21.4262 0.8456 0.9177
-0.1015 -21.4238 0.8448 0.9178
2.2229 -21.5093 0.8527 0.9171
31.4112 -31.4267 1.7520 0.8371
31.3934 -29.2308 1.6914 0.8422
31.3767 -27.1793 1.6368 0.8469
31.3612 -25.2536 1.5877 0.8511
2.7788 7.7124 0.3232 0.9677
3.0972 32.6789 1.2943 0.8769
-6.7796 21.8819 0.9033 0.9124
-8.7575 20.2511 0.8700 0.9155
-9.6402 20.2631 0.8848 0.9141
-10.5548 20.2755 0.9013 0.9126
-15.3257 21.3055 1.0349 0.9003
-16.5305 21.3219 1.0638 0.8976
-18.9329 22.6893 1.1652 0.8884
-21.9172 22.7299 1.2451 0.8813
-23.0421 22.2403 1.2628 0.8797
-29.2970 26.3130 1.5527 0.8542
-29.2083 22.6678 1.4579 0.8624
-31.8425 22.9292 1.5472 0.8546
-33.8211 22.5558 1.6030 0.8498
-36.5175 22.5032 1.6914 0.8422
-43.9498 22.9065 1.9542 0.8200
-38.4454 -7.8619 1.5473 0.8546
-44.2252 -21.5293 1.9395 0.8213
-37.1544 -21.5130 1.6929 0.8421
-34.2432 -21.5046 1.5944 0.8506
-31.6519 -21.4993 1.5088 0.8580
-29.3279 -21.4986 1.4339 0.8645
-27.2201 -21.4972 1.3676 0.8704
-21.8739 -21.4741 1.2087 0.8845
-18.9353 -21.4671 1.1287 0.8917
-17.6023 -21.4621 1.0945 0.8948
-16.3461 -21.4575 1.0636 0.8976
-5.2770 -7.4688 0.3606 0.9641
-5.0483 -7.7188 0.3637 0.9638
-4.1616 -8.1625 0.3613 0.9640
-3.8462 -8.2644 0.3594 0.9642
-6.4467 -21.4489 0.8831 0.9142
-2.4201 -21.4309 0.8504 0.9173
-0.8712 -21.4262 0.8456 0.9177
-0.1014 -21.4238 0.8448 0.9178
2.2229 -21.5093 0.8527 0.9171
31.4513 -36.3448 1.8952 0.8250
31.4304 -33.7892 1.8196 0.8313
31.4112 -31.4267 1.7520 0.8371
32.9608 -24.6449 1.6228 0.8481
36.0460 -24.9859 1.7294 0.8390
44.8586 -20.3892 1.9430 0.8210
2.7788 7.7124 0.3232 0.9677
3.0972 32.6789 1.2943 0.8769
-5.2935 33.4758 1.3364 0.8731
-6.0364 25.9398 1.0502 0.8989
-6.3998 23.6246 0.9651 0.9067
-6.7796 21.8819 0.9033 0.9124
-9.6402 20.2631 0.8848 0.9141
-10.5548 20.2755 0.9013 0.9126
-12.4969 20.3020 0.9400 0.9090
-15.3257 21.3055 1.0349 0.9003
-16.5305 21.3219 1.0638 0.8976
-29.2083 22.6678 1.4579 0.8624
-31.8425 22.9292 1.5472 0.8546
-36.5175 22.5032 1.6914 0.8422
-43.9498 22.9065 1.9542 0.8200
-21.6727 -7.7966 0.9082 0.9119
-20.7791 -8.3291 0.8827 0.9143
-44.2252 -21.5293 1.9395 0.8213
-25.2799 -21.4824 1.3081 0.8756
-20.3535 -21.4696 1.1665 0.8883
-18.9352 -21.4671 1.1287 0.8917
-17.6022 -21.4621 1.0945 0.8948
-16.3461 -21.4575 1.0636 0.8976
-5.0483 -7.7188 0.3637 0.9638
-4.6010 -7.6186 0.3509 0.9650
-3.8462 -8.2644 0.3594 0.9642
-3.5338 -8.3658 0.3581 0.9643
-6.4467 -21.4489 0.8831 0.9142
-5.6136 -21.4413 0.8739 0.9151
-4.7980 -21.4398 0.8663 0.9158
-3.9955 -21.4383 0.8599 0.9164
-3.2037 -21.4368 0.8547 0.9169
-1.6434 -21.4285 0.8474 0.9176
-0.8712 -21.4262 0.8456 0.9177
-0.1014 -21.4238 0.8448 0.9178
1.4371 -21.3940 0.8455 0.9177
4.2009 -23.7891 0.9525 0.9078
31.3767 -27.1792 1.6368 0.8469
32.9608 -24.6449 1.6228 0.8481
36.0460 -24.9859 1.7294 0.8390
39.5699 -25.3754 1.8535 0.8285
2.7788 7.7124 0.3232 0.9677
3.0972 32.6789 1.2943 0.8769
-6.0364 25.9396 1.0502 0.8989
-6.3998 23.6246 0.9651 0.9067
-6.7796 21.8819 0.9033 0.9124
-8.7575 20.2511 0.8700 0.9155
-9.6403 20.2631 0.8848 0.9141
-10.5549 20.2755 0.9013 0.9126
-11.5055 20.2885 0.9197 0.9109
-14.2062 21.3242 1.0103 0.9025
-15.3257 21.3055 1.0349 0.9003
-20.3757 22.7089 1.2030 0.8850
-21.9173 22.7299 1.2451 0.8813
-23.0422 22.2403 1.2628 0.8797
-29.2970 26.3129 1.5527 0.8542
-29.2083 22.6678 1.4579 0.8624
-31.8425 22.9292 1.5472 0.8546
-33.8211 22.5558 1.6030 0.8498
-36.5175 22.5032 1.6914 0.8422
-38.4457 -7.8620 1.5473 0.8546
-21.6727 -7.7966 0.9082 0.9119
-20.7791 -8.3291 0.8827 0.9143
-34.2431 -21.5046 1.5944 0.8506
-31.6519 -21.4993 1.5088 0.8580
-29.3279 -21.4986 1.4339 0.8645
-25.2799 -21.4824 1.3081 0.8756
-23.5085 -21.4771 1.2556 0.8803
-20.3534 -21.4696 1.1665 0.8883
-17.6022 -21.4621 1.0945 0.8948
-5.2770 -7.4688 0.3606 0.9641
-5.0483 -7.7188 0.3637 0.9638
-4.6010 -7.6187 0.3509 0.9650
-4.1616 -8.1626 0.3613 0.9640
-3.5338 -8.3658 0.3581 0.9643
-7.2962 -21.4500 0.8934 0.9133
-4.7979 -21.4398 0.8663 0.9158
-3.9955 -21.4383 0.8599 0.9164
-2.4200 -21.4309 0.8504 0.9173
-0.8712 -21.4262 0.8456 0.9177
1.4371 -21.3940 0.8455 0.9177
3.0704 -21.9654 0.8745 0.9150
4.2009 -23.7891 0.9525 0.9078
31.4039 -33.7608 0.7789 0.8316
31.3857 -31.4013 0.7500 0.8373
32.9606 -24.6448 0.6952 0.8482
36.0458 -24.9858 0.7409 0.8391
45.3101 15.3871 0.8083 0.8258
0.1473 6.4910 0.1097 0.9744
-0.0858 6.4910 0.1097 0.9744
-1.2831 6.5748 0.1132 0.9736
-1.5300 6.5748 0.1140 0.9734
-1.7810 6.5748 0.1151 0.9731
-2.2987 6.5748 0.1177 0.9725
-2.5671 6.5748 0.1192 0.9722
-2.8432 6.5748 0.1210 0.9717
-4.0470 6.5748 0.1304 0.9696
-5.4113 6.4850 0.1427 0.9668
-5.8937 6.5688 0.1491 0.9653
-6.3338 6.5688 0.1541 0.9642
-6.8054 6.5688 0.1598 0.9629
-8.4639 6.5687 0.1810 0.9580
-11.5923 6.5815 0.2252 0.9481
-12.6275 6.5815 0.2405 0.9446
-13.8160 6.5815 0.2585 0.9406
-15.1983 6.5814 0.2798 0.9359
-16.8224 6.5781 0.3051 0.9303
-18.7840 6.5781 0.3362 0.9235
-28.1927 6.5755 0.4890 0.8906
-33.5905 6.5728 0.5782 0.8720
-38.8106 -7.9365 0.6692 0.8534
-21.3738 -7.6891 0.3837 0.9131
-21.6755 -8.6884 0.3945 0.9108
-40.4310 -21.5106 0.7736 0.8326
-37.1493 -21.5101 0.7251 0.8422
-34.2376 -21.5011 0.6829 0.8507
-29.3233 -21.4952 0.6142 0.8646
-27.2159 -21.4939 0.5858 0.8705
-25.2780 -21.4808 0.5603 0.8757
-21.8727 -21.4729 0.5178 0.8846
-20.3525 -21.4686 0.4997 0.8884
-17.6015 -21.4612 0.4689 0.8949
-16.3455 -21.4566 0.4556 0.8977
-5.2113 -7.3757 0.1526 0.9645
-5.0067 -7.6552 0.1545 0.9641
-4.2951 -7.7258 0.1493 0.9653
-4.1219 -8.0847 0.1533 0.9643
-3.8097 -8.1859 0.1525 0.9645
-9.0609 -21.4501 0.3933 0.9111
-8.1661 -21.4491 0.3877 0.9123
-7.2956 -21.4480 0.3827 0.9134
-6.4461 -21.4470 0.3783 0.9143
-0.8712 -21.4253 0.3622 0.9178
-0.1015 -21.4230 0.3619 0.9179
0.6676 -21.4124 0.3619 0.9179
1.4371 -21.3931 0.3622 0.9178
3.0716 -21.9740 0.3748 0.9151
31.4237 -36.3130 0.8112 0.8252
31.4039 -33.7608 0.7789 0.8316
31.3688 -29.2079 0.7240 0.8424
31.3530 -27.1587 0.7007 0.8471
32.9606 -24.6448 0.6952 0.8482
36.0458 -24.9858 0.7409 0.8391
45.3101 15.3871 0.8083 0.8258
-0.0858 6.4910 0.1097 0.9744
-1.2831 6.5748 0.1132 0.9736
-1.5300 6.5748 0.1140 0.9734
-1.7810 6.5748 0.1151 0.9731
-2.2987 6.5748 0.1177 0.9725
-3.4226 6.5748 0.1252 0.9708
-3.7284 6.5748 0.1277 0.9702
-4.3800 6.5748 0.1334 0.9689
-4.7294 6.5748 0.1368 0.9681
-5.0646 6.5327 0.1396 0.9675
-5.8938 6.5688 0.1491 0.9653
-6.3338 6.5688 0.1541 0.9642
-6.8054 6.5688 0.1598 0.9629
-7.8640 6.5687 0.1731 0.9598
-8.4639 6.5687 0.1810 0.9580
-9.8493 6.5687 0.2000 0.9537
-11.5923 6.5815 0.2252 0.9481
-12.6275 6.5815 0.2405 0.9446
-13.8160 6.5815 0.2585 0.9406
-16.8223 6.5781 0.3051 0.9303
-18.7840 6.5781 0.3362 0.9235
-20.9277 6.4954 0.3701 0.9161
-24.2388 6.5791 0.4243 0.9044
-33.5905 6.5728 0.5782 0.8720
-41.4746 6.5795 0.7093 0.8454
-38.8106 -7.9365 0.6692 0.8534
-21.3739 -7.6891 0.3837 0.9131
-44.2157 -21.5247 0.8307 0.8214
-40.4310 -21.5106 0.7736 0.8326
-34.2376 -21.5011 0.6829 0.8507
-31.6486 -21.4970 0.6463 0.8581
-25.2780 -21.4808 0.5603 0.8757
-23.5072 -21.4759 0.5378 0.8804
-18.9344 -21.4662 0.4835 0.8918
-17.6015 -21.4612 0.4689 0.8949
-16.3454 -21.4566 0.4556 0.8977
-5.2112 -7.3757 0.1526 0.9645
-4.7616 -7.8845 0.1556 0.9638
-4.2951 -7.7258 0.1493 0.9653
-5.6133 -21.4399 0.3744 0.9152
-3.2036 -21.4355 0.3661 0.9169
-2.4200 -21.4300 0.3643 0.9173
-1.6434 -21.4276 0.3630 0.9176
-0.8712 -21.4253 0.3622 0.9178
0.6677 -21.4124 0.3619 0.9179
3.0716 -21.9740 0.3748 0.9151
31.3530 -27.1587 0.7007 0.8471
32.9607 -24.6448 0.6952 0.8482
44.8523 -20.3863 0.8322 0.8211
-0.0858 6.4910 0.1097 0.9744
-1.2831 6.5748 0.1132 0.9736
-1.5300 6.5748 0.1140 0.9734
-1.7810 6.5748 0.1151 0.9731
-2.2987 6.5748 0.1177 0.9725
-2.8432 6.5748 0.1210 0.9717
-3.1279 6.5748 0.1230 0.9713
-3.4226 6.5748 0.1252 0.9708
-3.7284 6.5748 0.1277 0.9702
-4.0471 6.5748 0.1304 0.9696
-5.0646 6.5327 0.1396 0.9675
-5.4113 6.4850 0.1427 0.9668
-6.3338 6.5688 0.1541 0.9642
-6.8054 6.5688 0.1598 0.9629
-8.4639 6.5687 0.1810 0.9580
-10.5233 6.4849 0.2088 0.9518
-11.5923 6.5815 0.2252 0.9481
-12.6275 6.5815 0.2405 0.9446
-20.9277 6.4954 0.3701 0.9161
-33.5905 6.5728 0.5782 0.8720
-41.4746 6.5795 0.7093 0.8454
-21.3739 -7.6891 0.3837 0.9131
-44.2157 -21.5247 0.8307 0.8214
-40.4310 -21.5106 0.7736 0.8326
-34.2374 -21.5011 0.6829 0.8507
-29.3232 -21.4952 0.6142 0.8646
-27.2159 -21.4939 0.5857 0.8705
-25.2780 -21.4808 0.5603 0.8757
-21.8727 -21.4729 0.5178 0.8846
-20.3525 -21.4686 0.4997 0.8884
-16.3454 -21.4566 0.4556 0.8977
-5.2112 -7.3757 0.1526 0.9645
-4.7616 -7.8845 0.1556 0.9638
-4.2951 -7.7258 0.1493 0.9653
-4.1219 -8.0847 0.1533 0.9643
-3.8097 -8.1859 0.1525 0.9645
-9.0609 -21.4501 0.3933 0.9111
-8.1661 -21.4491 0.3877 0.9123
-6.4461 -21.4470 0.3783 0.9143
-5.6133 -21.4399 0.3744 0.9152
-4.7977 -21.4384 0.3711 0.9159
-3.2036 -21.4355 0.3661 0.9169
-2.4199 -21.4300 0.3643 0.9173
-1.6433 -21.4276 0.3630 0.9176
2.2231 -21.5117 0.3653 0.9171
3.0716 -21.9741 0.3748 0.9151
31.3382 -25.2350 0.6797 0.8513
36.0459 -24.9858 0.7409 0.8391
0.1473 6.4910 0.1097 0.9744
-0.0858 6.4910 0.1097 0.9744
-1.0397 6.5748 0.1124 0.9737
-1.2831 6.5748 0.1132 0.9736
-1.5300 6.5748 0.1140 0.9734
-2.0370 6.5748 0.1163 0.9728
-2.5671 6.5748 0.1192 0.9722
-3.1279 6.5748 0.1230 0.9713
-3.4226 6.5748 0.1252 0.9708
-3.7285 6.5748 0.1277 0.9702
-4.0471 6.5748 0.1304 0.9696
-4.7294 6.5748 0.1368 0.9681
-6.3338 6.5688 0.1541 0.9642
-7.8640 6.5687 0.1731 0.9598
-8.4639 6.5687 0.1810 0.9580
-9.8493 6.5687 0.2000 0.9537
-12.6276 6.5815 0.2405 0.9446
-18.7840 6.5781 0.3362 0.9235
-20.9277 6.4954 0.3701 0.9161
-28.1928 6.5755 0.4890 0.8906
-33.5909 6.5728 0.5782 0.8720
-41.4752 6.5795 0.7094 0.8454
-38.8109 -7.9367 0.6692 0.8534
-40.4308 -21.5106 0.7736 0.8326
-37.1492 -21.5101 0.7251 0.8422
-25.2780 -21.4808 0.5603 0.8757
-23.5071 -21.4759 0.5378 0.8804
-21.8726 -21.4729 0.5178 0.8846
-20.3524 -21.4686 0.4997 0.8884
-18.9343 -21.4662 0.4835 0.8918
-16.3454 -21.4566 0.4556 0.8977
-5.2112 -7.3757 0.1526 0.9645
-5.0067 -7.6552 0.1545 0.9641
-4.7615 -7.8845 0.1556 0.9638
-4.1218 -8.0847 0.1533 0.9643
-3.8097 -8.1859 0.1525 0.9645
-9.0609 -21.4501 0.3933 0.9111
-8.1661 -21.4491 0.3877 0.9123
-7.2955 -21.4480 0.3827 0.9134
-5.6133 -21.4399 0.3744 0.9152
-3.9952 -21.4370 0.3683 0.9165
-3.2036 -21.4355 0.3661 0.9169
-0.1014 -21.4230 0.3619 0.9179
0.6677 -21.4124 0.3619 0.9179
2.2231 -21.5118 0.3653 0.9171
3.0716 -21.9741 0.3748 0.9151
31.4237 -36.3128 0.8112 0.8252
31.3776 -33.7324 -0.2594 0.8317
31.3603 -31.3758 -0.2497 0.8374
31.3293 -27.1382 -0.2334 0.8472
36.0457 -24.9858 -0.2469 0.8391
39.5695 -25.3753 -0.2647 0.8286
44.5691 -3.0160 -0.2515 0.8364
-0.3232 6.5751 -0.0371 0.9740
-0.5604 6.5751 -0.0372 0.9739
-0.7990 6.5751 -0.0373 0.9739
-1.2831 6.5751 -0.0377 0.9736
-1.5301 6.5751 -0.0380 0.9734
-1.7811 6.5751 -0.0384 0.9731
-2.0371 6.5751 -0.0388 0.9728
-2.2989 6.5751 -0.0392 0.9725
-2.5673 6.5752 -0.0397 0.9722
-3.1281 6.5752 -0.0410 0.9713
-3.4228 6.5752 -0.0417 0.9708
-3.7287 6.5752 -0.0426 0.9702
-4.0473 6.5752 -0.0435 0.9696
-4.7296 6.5752 -0.0456 0.9681
-5.0693 6.5388 -0.0466 0.9674
-6.3343 6.5692 -0.0514 0.9642
-7.3141 6.5692 -0.0554 0.9614
-7.8646 6.5692 -0.0577 0.9598
-10.5243 6.4855 -0.0696 0.9518
-11.5934 6.5822 -0.0751 0.9481
-12.6289 6.5822 -0.0802 0.9446
-13.8177 6.5822 -0.0862 0.9406
-16.8247 6.5790 -0.1017 0.9303
-18.7868 6.5791 -0.1121 0.9235
-20.9312 6.4965 -0.1234 0.9161
-28.1989 6.5769 -0.1630 0.8906
-21.7377 -7.8200 -0.1301 0.9117
-44.2062 -21.5200 -0.2768 0.8215
-40.4283 -21.5092 -0.2578 0.8326
-31.6453 -21.4947 -0.2154 0.8581
-29.3186 -21.4917 -0.2047 0.8647
-27.2118 -21.4906 -0.1952 0.8705
-25.2761 -21.4791 -0.1867 0.8757
-23.5058 -21.4746 -0.1793 0.8804
-21.8714 -21.4717 -0.1726 0.8846
-18.9335 -21.4652 -0.1611 0.8918
-4.9443 -7.5598 -0.0509 0.9645
-4.0829 -8.0083 -0.0506 0.9647
-8.1654 -21.4471 -0.1292 0.9123
-5.6129 -21.4386 -0.1248 0.9152
-3.2034 -21.4342 -0.1220 0.9170
-1.6433 -21.4268 -0.1210 0.9176
-0.1015 -21.4221 -0.1206 0.9179
1.4370 -21.3921 -0.1207 0.9178
31.3962 -36.2812 -0.2701 0.8254
31.3443 -29.1851 -0.2411 0.8426
31.3152 -25.2166 -0.2264 0.8514
36.0457 -24.9858 -0.2469 0.8391
39.5696 -25.3753 -0.2647 0.8286
44.3354 -20.1513 -0.2742 0.8230
44.5691 -3.0161 -0.2515 0.8364
44.8168 15.2195 -0.2665 0.8275
3.0985 32.6925 -0.1849 0.8769
0.1473 6.4913 -0.0366 0.9744
-0.5604 6.5751 -0.0372 0.9739
-1.2831 6.5751 -0.0377 0.9736
-2.2989 6.5751 -0.0392 0.9725
-2.5673 6.5752 -0.0397 0.9722
-2.8433 6.5752 -0.0403 0.9718
-3.1281 6.5752 -0.0410 0.9713
-3.4228 6.5752 -0.0417 0.9708
-3.7287 6.5752 -0.0426 0.9702
-4.7297 6.5752 -0.0456 0.9681
-5.0693 6.5388 -0.0466 0.9674
-5.8942 6.5692 -0.0497 0.9653
-7.3141 6.5692 -0.0554 0.9614
-9.1228 6.5693 -0.0633 0.9560
-10.5243 6.4855 -0.0696 0.9518
-12.6289 6.5822 -0.0802 0.9446
-16.8246 6.5790 -0.1017 0.9303
-20.9312 6.4965 -0.1234 0.9161
-24.2435 6.5803 -0.1414 0.9044
-33.5991 6.5745 -0.1928 0.8720
-41.4879 6.5816 -0.2365 0.8453
-38.7270 -7.9194 -0.2225 0.8538
-21.7377 -7.8200 -0.1301 0.9117
-44.2062 -21.5200 -0.2768 0.8215
-40.4283 -21.5092 -0.2578 0.8326
-34.2320 -21.4975 -0.2276 0.8507
-31.6452 -21.4947 -0.2154 0.8581
-29.3185 -21.4917 -0.2047 0.8647
-25.2761 -21.4791 -0.1867 0.8757
-23.5058 -21.4746 -0.1793 0.8804
-21.8714 -21.4717 -0.1726 0.8846
-15.1562 -21.4514 -0.1479 0.9003
-9.0601 -21.4482 -0.1311 0.9111
-7.2949 -21.4461 -0.1275 0.9134
-6.4455 -21.4451 -0.1261 0.9143
-4.7974 -21.4371 -0.1237 0.9159
-3.2034 -21.4342 -0.1220 0.9170
-1.6433 -21.4268 -0.1210 0.9176
2.2233 -21.5141 -0.1218 0.9171
3.0728 -21.9827 -0.1250 0.9150
31.3962 -36.2812 -0.2701 0.8254
31.3776 -33.7324 -0.2594 0.8317
31.3443 -29.1851 -0.2411 0.8426
31.3152 -25.2165 -0.2264 0.8514
44.5691 -3.0160 -0.2515 0.8364
44.8168 15.2196 -0.2665 0.8275
0.1473 6.4913 -0.0366 0.9744
-0.7990 6.5751 -0.0373 0.9739
-1.0397 6.5751 -0.0375 0.9737
-1.2831 6.5751 -0.0377 0.9736
-1.7811 6.5751 -0.0384 0.9731
-2.0371 6.5751 -0.0388 0.9728
-2.8433 6.5752 -0.0403 0.9718
-3.1281 6.5752 -0.0410 0.9713
-3.4228 6.5752 -0.0417 0.9708
-4.0473 6.5752 -0.0435 0.9696
-4.7297 6.5752 -0.0456 0.9681
-6.8060 6.5692 -0.0533 0.9629
-8.4646 6.5693 -0.0603 0.9580
-9.1228 6.5693 -0.0633 0.9560
-11.5934 6.5822 -0.0751 0.9481
-12.6289 6.5822 -0.0802 0.9446
-13.8177 6.5822 -0.0862 0.9406
-15.2002 6.5823 -0.0933 0.9359
-16.8247 6.5790 -0.1017 0.9303
-38.7270 -7.9194 -0.2225 0.8538
-21.7377 -7.8200 -0.1301 0.9117
-37.1444 -21.5072 -0.2416 0.8422
-34.2319 -21.4975 -0.2276 0.8507
-31.6452 -21.4947 -0.2154 0.8581
-29.3185 -21.4917 -0.2047 0.8647
-27.2117 -21.4906 -0.1952 0.8705
-18.9334 -21.4652 -0.1611 0.8918
-17.6007 -21.4603 -0.1563 0.8949
-15.1562 -21.4514 -0.1479 0.9003
-4.9443 -7.5598 -0.0509 0.9645
-4.7359 -7.8420 -0.0516 0.9640
-4.5864 -8.2498 -0.0531 0.9629
-4.0829 -8.0083 -0.0506 0.9647
-3.7739 -8.1091 -0.0504 0.9649
-4.7974 -21.4371 -0.1237 0.9159
-2.4198 -21.4291 -0.1214 0.9174
-1.6433 -21.4268 -0.1210 0.9176
-0.8711 -21.4244 -0.1207 0.9178
1.4370 -21.3921 -0.1207 0.9178
2.2233 -21.5141 -0.1218 0.9171
31.3604 -31.3757 -0.2498 0.8374
31.3293 -27.1381 -0.2334 0.8472
32.9606 -24.6447 -0.2317 0.8482
36.0458 -24.9858 -0.2469 0.8391
44.3354 -20.1512 -0.2742 0.8230
32.4914 -13.3824 -0.1978 0.8689
44.5691 -3.0160 -0.2515 0.8364
44.8168 15.2196 -0.2665 0.8275
-0.3232 6.5751 -0.0371 0.9740
-0.5604 6.5751 -0.0372 0.9739
-0.7990 6.5751 -0.0373 0.9739
-1.0397 6.5751 -0.0375 0.9737
-1.2832 6.5751 -0.0377 0.9736
-1.5301 6.5751 -0.0380 0.9734
-2.0371 6.5751 -0.0388 0.9728
-2.5673 6.5752 -0.0397 0.9722
-2.8433 6.5752 -0.0403 0.9718
-3.7287 6.5752 -0.0426 0.9702
-4.0473 6.5752 -0.0435 0.9696
-4.7297 6.5752 -0.0456 0.9681
-5.0693 6.5388 -0.0466 0.9674
-5.4116 6.4854 -0.0475 0.9668
-8.4646 6.5693 -0.0603 0.9580
-9.8501 6.5693 -0.0667 0.9537
-11.5935 6.5822 -0.0751 0.9481
-12.6290 6.5822 -0.0802 0.9446
-24.2435 6.5803 -0.1414 0.9044
-28.1989 6.5769 -0.1630 0.8906
-21.7377 -7.8200 -0.1301 0.9117
-44.2059 -21.5200 -0.2768 0.8215
-40.4282 -21.5092 -0.2578 0.8326
-37.1442 -21.5072 -0.2416 0.8422
-34.2319 -21.4975 -0.2276 0.8507
-29.3185 -21.4917 -0.2047 0.8647
-27.2117 -21.4906 -0.1952 0.8705
-18.9334 -21.4652 -0.1611 0.8918
-17.6007 -21.4603 -0.1563 0.8949
-16.3448 -21.4557 -0.1519 0.8977
-4.5864 -8.2499 -0.0531 0.9629
-3.7739 -8.1091 -0.0504 0.9649
-6.4455 -21.4451 -0.1261 0.9143
-4.7974 -21.4371 -0.1237 0.9159
-3.9950 -21.4357 -0.1228 0.9165
-0.1014 -21.4221 -0.1206 0.9179
0.6676 -21.4103 -0.1206 0.9179
1.4370 -21.3921 -0.1207 0.9178
2.2234 -21.5141 -0.1218 0.9171
3.0728 -21.9827 -0.1250 0.9150
31.3962 -36.2810 -0.2701 0.8254
31.3512 -33.7041 -1.2961 0.8318
31.3350 -31.3505 -1.2481 0.8375
31.3056 -27.1177 -1.1662 0.8473
32.9605 -24.6447 -1.1588 0.8482
39.5695 -25.3752 -1.3236 0.8285
32.4648 -13.3715 -0.9886 0.8689
44.5437 -3.0143 -1.2571 0.8364
37.7801 17.5599 -1.1731 0.8464
37.8901 22.8569 -1.2460 0.8377
38.0019 26.8217 -1.3097 0.8302
38.0162 28.9307 -1.3452 0.8260
38.0314 31.1601 -1.3844 0.8214
0.1473 6.4917 -0.1828 0.9744
-1.2832 6.5755 -0.1886 0.9735
-1.7812 6.5755 -0.1918 0.9731
-2.0372 6.5755 -0.1938 0.9728
-2.2990 6.5755 -0.1961 0.9725
-2.5674 6.5755 -0.1988 0.9721
-3.1283 6.5755 -0.2050 0.9713
-4.7300 6.5756 -0.2281 0.9681
-5.0740 6.5448 -0.2332 0.9674
-5.4120 6.4858 -0.2379 0.9668
-5.8946 6.5697 -0.2485 0.9653
-6.3347 6.5697 -0.2570 0.9641
-7.3146 6.5697 -0.2768 0.9614
-7.8652 6.5698 -0.2886 0.9598
-8.4653 6.5698 -0.3017 0.9580
-9.8510 6.5699 -0.3334 0.9537
-10.5253 6.4861 -0.3481 0.9517
-11.5946 6.5829 -0.3754 0.9480
-15.2021 6.5831 -0.4665 0.9359
-16.8270 6.5799 -0.5087 0.9303
-18.7896 6.5801 -0.5606 0.9234
-24.2480 6.5816 -0.7075 0.9043
-28.2051 6.5784 -0.8155 0.8906
-33.6078 6.5762 -0.9643 0.8719
-46.5965 3.9946 -1.3169 0.8293
-46.9486 -1.0421 -1.3223 0.8287
-47.0028 -2.7338 -1.3257 0.8283
-47.0252 -4.4335 -1.3300 0.8278
-46.7888 -11.3319 -1.3556 0.8248
-46.4678 -14.8554 -1.3737 0.8227
-21.7059 -7.8085 -0.6495 0.9118
-44.6001 -19.7641 -1.3736 0.8227
-42.6253 -20.7504 -1.3349 0.8272
-40.4257 -21.5078 -1.2894 0.8326
-37.1393 -21.5043 -1.2084 0.8422
-31.6419 -21.4925 -1.0771 0.8581
-29.3139 -21.4883 -1.0234 0.8646
-17.6000 -21.4594 -0.7815 0.8949
-16.3441 -21.4549 -0.7594 0.8977
-11.9265 -21.4529 -0.6911 0.9064
-10.9366 -21.4511 -0.6780 0.9081
-8.1646 -21.4452 -0.6461 0.9123
-5.6126 -21.4373 -0.6240 0.9151
-3.9948 -21.4344 -0.6139 0.9164
-0.8711 -21.4236 -0.6037 0.9178
-0.1014 -21.4212 -0.6032 0.9179
1.4369 -21.3911 -0.6037 0.9178
16.9999 -45.9565 -1.3797 0.8219
31.3512 -33.7041 -1.2961 0.8318
31.3350 -31.3505 -1.2481 0.8375
31.3198 -29.1623 -1.2050 0.8426
32.9605 -24.6447 -1.1588 0.8482
39.5695 -25.3752 -1.3236 0.8285
32.4648 -13.3715 -0.9886 0.8689
44.5437 -3.0143 -1.2571 0.8364
44.7897 15.2104 -1.3319 0.8276
38.0314 31.1602 -1.3844 0.8214
3.1017 32.7258 -0.9256 0.8767
-0.3232 6.5755 -0.1854 0.9740
-0.5604 6.5755 -0.1858 0.9739
-1.5301 6.5755 -0.1901 0.9733
-1.7812 6.5755 -0.1918 0.9731
-2.2990 6.5755 -0.1961 0.9725
-2.5674 6.5755 -0.1988 0.9721
-3.1283 6.5755 -0.2050 0.9713
-3.7289 6.5755 -0.2129 0.9702
-4.3805 6.5756 -0.2225 0.9689
-5.0740 6.5448 -0.2332 0.9674
-5.4120 6.4858 -0.2379 0.9668
-5.8946 6.5697 -0.2485 0.9653
-7.8652 6.5698 -0.2886 0.9598
-9.1236 6.5698 -0.3166 0.9560
-9.8510 6.5699 -0.3334 0.9537
-12.6302 6.5829 -0.4010 0.9446
-13.8192 6.5830 -0.4310 0.9406
-15.2021 6.5831 -0.4665 0.9359
-16.8269 6.5799 -0.5087 0.9303
-24.2481 6.5816 -0.7075 0.9043
-28.2051 6.5784 -0.8155 0.8906
-41.5009 6.5837 -1.1832 0.8452
-46.7453 2.3212 -1.3179 0.8292
-46.9486 -1.0421 -1.3223 0.8287
-47.0028 -2.7338 -1.3257 0.8283
-44.6431 -5.8322 -1.2677 0.8351
-44.1129 -7.3821 -1.2594 0.8361
-38.7739 -7.9290 -1.1144 0.8535
-46.7888 -11.3319 -1.3556 0.8248
-46.6457 -13.0866 -1.3642 0.8238
-46.4678 -14.8555 -1.3737 0.8227
-46.0038 -18.4403 -1.3956 0.8201
-44.6000 -19.7641 -1.3736 0.8227
-37.1394 -21.5043 -1.2084 0.8422
-34.2264 -21.4940 -1.1380 0.8507
-29.3138 -21.4883 -1.0234 0.8646
-27.2076 -21.4874 -0.9763 0.8705
-21.8702 -21.4704 -0.8630 0.8846
-16.3441 -21.4549 -0.7595 0.8977
-4.8834 -7.4668 -0.2512 0.9649
-12.9557 -21.4529 -0.7057 0.9046
-11.9265 -21.4529 -0.6911 0.9064
-9.9824 -21.4494 -0.6662 0.9097
-8.1646 -21.4452 -0.6461 0.9123
-5.6126 -21.4373 -0.6240 0.9151
-4.7971 -21.4358 -0.6185 0.9159
-3.9948 -21.4344 -0.6139 0.9164
-3.2032 -21.4329 -0.6102 0.9169
-2.4198 -21.4283 -0.6072 0.9173
-0.8711 -21.4236 -0.6037 0.9178
0.6675 -21.4083 -0.6031 0.9179
2.2236 -21.5165 -0.6091 0.9171
31.3512 -33.7041 -1.2961 0.8318
31.3350 -31.3505 -1.2481 0.8375
31.3198 -29.1624 -1.2050 0.8426
31.3056 -27.1177 -1.1662 0.8473
31.2923 -25.1980 -1.1313 0.8515
36.0457 -24.9857 -1.2350 0.8390
39.5696 -25.3752 -1.3236 0.8285
32.4648 -13.3715 -0.9886 0.8689
44.7897 15.2104 -1.3319 0.8276
37.7801 17.5599 -1.1731 0.8464
37.8901 22.8569 -1.2460 0.8377
-0.0858 6.4917 -0.1828 0.9744
-0.5604 6.5755 -0.1858 0.9739
-1.0397 6.5755 -0.1874 0.9737
-1.2832 6.5755 -0.1886 0.9735
-1.5301 6.5755 -0.1901 0.9733
-2.5674 6.5755 -0.1988 0.9721
-2.8435 6.5755 -0.2017 0.9717
-3.4229 6.5755 -0.2087 0.9708
-3.7289 6.5755 -0.2129 0.9702
-4.0475 6.5756 -0.2174 0.9696
-4.7300 6.5756 -0.2281 0.9681
-5.8946 6.5697 -0.2485 0.9653
-6.3347 6.5697 -0.2570 0.9641
-7.3146 6.5697 -0.2768 0.9614
-7.8653 6.5698 -0.2886 0.9598
-11.5946 6.5829 -0.3754 0.9480
-12.6302 6.5829 -0.4010 0.9446
-13.8192 6.5830 -0.4310 0.9406
-16.8271 6.5799 -0.5087 0.9303
-18.7897 6.5801 -0.5606 0.9234
-24.2481 6.5816 -0.7075 0.9043
-28.2051 6.5784 -0.8155 0.8906
-33.6078 6.5762 -0.9643 0.8719
-41.5009 6.5837 -1.1832 0.8452
-43.5900 5.3190 -1.2365 0.8389
-46.7453 2.3211 -1.3179 0.8292
-46.9486 -1.0421 -1.3223 0.8287
-44.1129 -7.3821 -1.2594 0.8361
-38.7739 -7.9290 -1.1144 0.8535
-46.7888 -11.3320 -1.3556 0.8248
-46.6457 -13.0866 -1.3642 0.8238
-46.0038 -18.4403 -1.3956 0.8201
-44.6000 -19.7641 -1.3736 0.8227
-42.6253 -20.7504 -1.3349 0.8272
-37.1394 -21.5043 -1.2084 0.8422
-31.6419 -21.4925 -1.0771 0.8581
-29.3138 -21.4883 -1.0234 0.8646
-17.5999 -21.4594 -0.7815 0.8949
-16.3441 -21.4549 -0.7595 0.8977
-15.1556 -21.4505 -0.7396 0.9002
-12.9557 -21.4529 -0.7057 0.9046
-10.9366 -21.4511 -0.6780 0.9081
-9.0592 -21.4462 -0.6555 0.9110
-7.2942 -21.4442 -0.6378 0.9133
-4.7971 -21.4358 -0.6185 0.9159
-3.2032 -21.4329 -0.6102 0.9169
-1.6432 -21.4259 -0.6051 0.9176
1.4369 -21.3911 -0.6037 0.9178
3.0740 -21.9914 -0.6253 0.9150
17.0000 -45.9564 -1.3797 0.8219
18.1789 -44.1988 -1.3457 0.8259
31.3512 -33.7041 -1.2961 0.8318
32.9606 -24.6447 -1.1589 0.8482
36.0457 -24.9857 -1.2350 0.8390
39.5696 -25.3752 -1.3236 0.8285
44.3079 -20.1387 -1.3704 0.8230
44.5437 -3.0142 -1.2571 0.8364
44.7897 15.2104 -1.3319 0.8276
37.7801 17.5600 -1.1731 0.8464
38.0019 26.8217 -1.3097 0.8302
38.0162 28.9308 -1.3452 0.8260
3.1016 32.7256 -0.9256 0.8767
0.1473 6.4917 -0.1828 0.9744
-0.0858 6.4917 -0.1828 0.9744
-0.3232 6.5755 -0.1854 0.9740
-1.0398 6.5755 -0.1875 0.9737
-1.2832 6.5755 -0.1886 0.9735
-1.7812 6.5755 -0.1918 0.9731
-3.1283 6.5755 -0.2050 0.9713
-4.7300 6.5756 -0.2281 0.9681
-5.0740 6.5448 -0.2332 0.9674
-6.3347 6.5697 -0.2570 0.9641
-6.8065 6.5697 -0.2664 0.9629
-7.3147 6.5697 -0.2768 0.9614
-9.1236 6.5698 -0.3166 0.9560
-9.8510 6.5699 -0.3334 0.9537
-12.6303 6.5829 -0.4010 0.9446
-13.8193 6.5830 -0.4310 0.9406
-15.2022 6.5831 -0.4665 0.9359
-16.8271 6.5799 -0.5087 0.9303
-28.2051 6.5784 -0.8155 0.8906
-43.5900 5.3189 -1.2365 0.8389
-46.8627 0.6425 -1.3197 0.8290
-47.0028 -2.7338 -1.3257 0.8283
-47.0252 -4.4336 -1.3300 0.8278
-46.7888 -11.3320 -1.3556 0.8248
-46.6457 -13.0866 -1.3642 0.8238
-46.4678 -14.8555 -1.3737 0.8227
-42.6253 -20.7505 -1.3349 0.8272
-34.2263 -21.4940 -1.1380 0.8507
-31.6419 -21.4925 -1.0771 0.8581
-29.3138 -21.4883 -1.0234 0.8646
-25.2742 -21.4775 -0.9339 0.8757
-23.5043 -21.4733 -0.8964 0.8804
-21.8701 -21.4704 -0.8630 0.8846
-15.1556 -21.4505 -0.7396 0.9002
-11.9264 -21.4529 -0.6911 0.9064
-10.9365 -21.4511 -0.6780 0.9081
-9.0592 -21.4462 -0.6555 0.9110
-8.1646 -21.4452 -0.6461 0.9123
-5.6126 -21.4373 -0.6240 0.9151
-4.7971 -21.4358 -0.6185 0.9159
-3.2032 -21.4329 -0.6102 0.9169
-2.4197 -21.4283 -0.6072 0.9173
-0.8711 -21.4236 -0.6037 0.9178
1.4369 -21.3911 -0.6037 0.9178
2.2236 -21.5165 -0.6091 0.9171
3.0740 -21.9914 -0.6253 0.9150
17.0000 -45.9564 -1.3797 0.8219
18.1790 -44.1988 -1.3457 0.8259
31.3687 -36.2493 -1.3498 0.8255
31.2820 -27.0972 -2.0989 0.8473
32.9604 -24.6446 -2.0871 0.8480
36.0455 -24.9856 -2.2242 0.8389
39.5694 -25.3752 -2.3839 0.8284
37.6236 -18.7583 -2.1321 0.8450
37.6630 -17.1186 -2.0981 0.8473
32.4382 -13.3605 -1.7792 0.8689
37.6874 -13.9623 -2.0382 0.8513
37.6990 -12.4468 -2.0134 0.8530
37.7103 -10.9660 -1.9917 0.8545
37.7213 -9.5149 -1.9729 0.8557
37.6477 -8.0709 -1.9527 0.8571
37.7831 -1.1967 -1.9171 0.8595
37.8125 2.8811 -1.9232 0.8591
37.8223 4.2521 -1.9302 0.8586
37.8321 5.6348 -1.9398 0.8580
37.8619 9.8926 -1.9846 0.8549
37.9036 15.9889 -2.0863 0.8481
37.9259 19.3124 -2.1584 0.8433
37.9376 21.0663 -2.2007 0.8405
37.9622 24.8014 -2.2997 0.8339
37.9753 26.8029 -2.3573 0.8301
37.9889 28.9099 -2.4210 0.8260
38.0032 31.1371 -2.4916 0.8214
2.4967 7.7963 -0.4152 0.9677
6.4392 49.1007 -2.5114 0.8201
2.8109 47.9203 -2.4344 0.8251
0.1473 6.4920 -0.3293 0.9743
-0.0858 6.4920 -0.3293 0.9743
-0.5604 6.5758 -0.3347 0.9739
-0.7991 6.5758 -0.3359 0.9738
-1.2833 6.5758 -0.3398 0.9735
-1.7813 6.5758 -0.3455 0.9731
-2.0373 6.5758 -0.3491 0.9728
-2.2991 6.5758 -0.3533 0.9725
-2.5676 6.5759 -0.3580 0.9721
-2.8436 6.5759 -0.3633 0.9717
-3.1284 6.5759 -0.3693 0.9713
-3.4231 6.5759 -0.3760 0.9707
-4.0478 6.5759 -0.3916 0.9695
-6.3351 6.5701 -0.4629 0.9641
-6.8069 6.5702 -0.4798 0.9628
-8.4660 6.5703 -0.5435 0.9580
-9.1244 6.5704 -0.5702 0.9560
-12.6316 6.5836 -0.7224 0.9445
-13.8208 6.5838 -0.7764 0.9405
-15.2040 6.5839 -0.8402 0.9358
-20.9381 6.4986 -1.1118 0.9159
-30.3549 5.9396 -1.5686 0.8835
-30.5254 4.8425 -1.5674 0.8836
-32.6581 3.9851 -1.6685 0.8765
-32.8808 1.6327 -1.6696 0.8765
-32.9500 0.4518 -1.6712 0.8764
-32.9909 -0.7323 -1.6735 0.8762
-30.7716 -6.2926 -1.5929 0.8818
-30.6474 -7.4226 -1.5992 0.8814
-31.5174 -13.9667 -1.7483 0.8710
-30.4645 -17.6395 -1.7853 0.8685
-29.0623 -19.7403 -1.7817 0.8687
-26.8390 -21.1962 -1.7344 0.8720
-21.8690 -21.4692 -1.5542 0.8845
-12.9546 -21.4510 -1.2709 0.9045
-11.9251 -21.4505 -1.2446 0.9064
-9.9813 -21.4470 -1.1997 0.9096
-9.0584 -21.4442 -1.1806 0.9110
-5.6122 -21.4360 -1.1237 0.9151
-3.9945 -21.4331 -1.1057 0.9164
-3.2030 -21.4316 -1.0990 0.9169
-2.4197 -21.4274 -1.0936 0.9173
-1.6432 -21.4250 -1.0897 0.9175
-0.1015 -21.4204 -1.0863 0.9178
0.6674 -21.4063 -1.0861 0.9178
1.4369 -21.3901 -1.0872 0.9177
2.2238 -21.5189 -1.0971 0.9170
3.0752 -22.0000 -1.1266 0.9149
16.9722 -45.8813 -2.4809 0.8221
17.3892 -42.2789 -2.3184 0.8327
31.3413 -36.2178 -2.4290 0.8254
31.2954 -29.1395 -2.1686 0.8426
37.6630 -17.1186 -2.0981 0.8473
32.4382 -13.3605 -1.7792 0.8689
37.6874 -13.9623 -2.0382 0.8513
37.6990 -12.4468 -2.0134 0.8530
37.7103 -10.9660 -1.9917 0.8545
37.6477 -8.0709 -1.9527 0.8571
37.7426 -6.6841 -1.9439 0.8577
37.7631 -3.9214 -1.9254 0.8589
37.7732 -2.5561 -1.9200 0.8593
37.7831 -1.1967 -1.9171 0.8595
37.7930 0.1603 -1.9167 0.8595
37.8028 1.5184 -1.9187 0.8594
37.8125 2.8812 -1.9232 0.8591
37.8223 4.2521 -1.9302 0.8586
37.8321 5.6349 -1.9398 0.8580
37.7976 12.8359 -2.0244 0.8522
37.8928 14.4051 -2.0559 0.8501
37.8879 17.6100 -2.1189 0.8459
37.9259 19.3124 -2.1584 0.8433
37.9376 21.0663 -2.2007 0.8405
37.9622 24.8014 -2.2997 0.8339
37.9889 28.9100 -2.4210 0.8260
38.0032 31.1371 -2.4916 0.8214
2.4967 7.7963 -0.4152 0.9677
3.0891 32.5929 -1.6603 0.8771
0.1473 6.4920 -0.3293 0.9743
-0.3232 6.5758 -0.3339 0.9740
-0.5604 6.5758 -0.3347 0.9739
-1.0398 6.5758 -0.3376 0.9737
-1.2833 6.5758 -0.3398 0.9735
-1.5302 6.5758 -0.3424 0.9733
-1.7813 6.5758 -0.3455 0.9731
-2.0373 6.5758 -0.3491 0.9728
-2.5676 6.5759 -0.3580 0.9721
-3.1284 6.5759 -0.3693 0.9713
-4.7303 6.5760 -0.4108 0.9681
-6.8069 6.5702 -0.4798 0.9628
-7.3152 6.5702 -0.4987 0.9614
-7.8658 6.5703 -0.5198 0.9598
-8.4660 6.5703 -0.5435 0.9580
-9.8519 6.5705 -0.6006 0.9537
-10.5263 6.4867 -0.6271 0.9517
-12.6316 6.5836 -0.7224 0.9445
-15.2040 6.5839 -0.8402 0.9358
-16.8292 6.5808 -0.9164 0.9302
-20.9383 6.4986 -1.1118 0.9159
-30.3549 5.9396 -1.5686 0.8835
-32.8808 1.6328 -1.6696 0.8765
-32.9500 0.4518 -1.6712 0.8764
-32.9876 -3.1101 -1.6804 0.8757
-32.9430 -4.3037 -1.6849 0.8754
-30.6474 -7.4226 -1.5992 0.8814
-32.2802 -10.3198 -1.7187 0.8731
-31.8031 -12.7480 -1.7376 0.8718
-31.5174 -13.9667 -1.7483 0.8710
-31.1994 -15.1882 -1.7598 0.8702
-30.8487 -16.4125 -1.7721 0.8694
-30.4645 -17.6395 -1.7853 0.8685
-25.2722 -21.4759 -1.6819 0.8756
-23.5030 -21.4720 -1.6145 0.8803
-18.9318 -21.4633 -1.4514 0.8917
-15.1550 -21.4497 -1.3319 0.9002
-14.0309 -21.4533 -1.3000 0.9024
-12.9546 -21.4510 -1.2709 0.9045
-10.9354 -21.4487 -1.2210 0.9081
-9.0584 -21.4442 -1.1806 0.9110
-7.2936 -21.4423 -1.1486 0.9133
-5.6122 -21.4360 -1.1237 0.9151
-2.4197 -21.4274 -1.0936 0.9173
-1.6432 -21.4250 -1.0897 0.9175
-0.8711 -21.4227 -1.0873 0.9177
-0.1014 -21.4204 -1.0863 0.9178
0.6675 -21.4063 -1.0861 0.9178
2.2238 -21.5189 -1.0971 0.9170
17.3893 -42.2789 -2.3184 0.8327
31.3413 -36.2177 -2.4290 0.8254
31.3249 -33.6758 -2.3325 0.8318
31.3096 -31.3251 -2.2461 0.8375
31.2693 -25.1796 -2.0361 0.8515
32.9605 -24.6446 -2.0871 0.8480
37.6236 -18.7583 -2.1321 0.8450
37.6630 -17.1186 -2.0981 0.8473
32.4382 -13.3605 -1.7792 0.8689
37.7213 -9.5149 -1.9729 0.8557
37.6477 -8.0709 -1.9527 0.8571
37.7426 -6.6841 -1.9439 0.8577
37.7529 -5.2962 -1.9334 0.8584
37.7631 -3.9214 -1.9254 0.8589
37.7930 0.1603 -1.9167 0.8595
37.8028 1.5184 -1.9187 0.8594
37.8321 5.6349 -1.9398 0.8580
37.8619 9.8927 -1.9846 0.8549
37.8928 14.4051 -2.0559 0.8501
37.8974 22.8613 -2.2446 0.8376
38.0032 31.1371 -2.4916 0.8214
6.4392 49.1007 -2.5114 0.8201
3.0891 32.5929 -1.6603 0.8771
-0.0858 6.4920 -0.3293 0.9743
-0.5604 6.5758 -0.3347 0.9739
-1.0398 6.5758 -0.3376 0.9737
-1.7813 6.5758 -0.3455 0.9731
-2.0373 6.5758 -0.3491 0.9728
-2.5676 6.5759 -0.3580 0.9721
-2.8436 6.5759 -0.3633 0.9717
-3.4231 6.5759 -0.3760 0.9707
-3.7291 6.5759 -0.3834 0.9702
-4.7303 6.5760 -0.4108 0.9681
-5.0787 6.5509 -0.4204 0.9673
-5.4123 6.4863 -0.4284 0.9667
-5.8949 6.5701 -0.4477 0.9653
-6.8069 6.5702 -0.4798 0.9628
-7.3152 6.5702 -0.4987 0.9614
-7.8659 6.5703 -0.5198 0.9598
-9.1244 6.5704 -0.5702 0.9560
-12.6316 6.5836 -0.7224 0.9445
-15.2040 6.5839 -0.8402 0.9358
-16.8293 6.5808 -0.9164 0.9302
-18.7925 6.5810 -1.0098 0.9233
-20.9383 6.4986 -1.1118 0.9159
-32.7835 2.8104 -1.6687 0.8765
-32.8808 1.6327 -1.6696 0.8765
-32.9500 0.4518 -1.6712 0.8764
-32.9909 -0.7323 -1.6735 0.8762
-32.8695 -5.5005 -1.6901 0.8750
-30.7716 -6.2926 -1.5929 0.8818
-30.6474 -7.4226 -1.5992 0.8814
-30.4953 -8.5555 -1.6063 0.8809
-21.6693 -7.7954 -1.1679 0.9119
-31.5174 -13.9667 -1.7483 0.8710
-31.1994 -15.1882 -1.7598 0.8702
-29.0623 -19.7403 -1.7817 0.8687
-27.3322 -20.0357 -1.7187 0.8731
-26.8389 -21.1962 -1.7344 0.8720
-21.8690 -21.4692 -1.5542 0.8845
-18.9318 -21.4633 -1.4514 0.8917
-16.3434 -21.4540 -1.3678 0.8976
-15.1550 -21.4497 -1.3319 0.9002
-14.0309 -21.4533 -1.3000 0.9024
-9.0584 -21.4442 -1.1806 0.9110
-3.9945 -21.4331 -1.1057 0.9164
-1.6431 -21.4250 -1.0897 0.9175
-0.8711 -21.4227 -1.0873 0.9177
0.6675 -21.4063 -1.0861 0.9178
1.4369 -21.3901 -1.0872 0.9177
3.0753 -22.0001 -1.1266 0.9149
16.9722 -45.8813 -2.4809 0.8221
31.2954 -29.1395 -2.1686 0.8426
31.2820 -27.0971 -2.0989 0.8473
32.9605 -24.6446 -2.0871 0.8480
36.0456 -24.9856 -2.2243 0.8389
39.5695 -25.3752 -2.3839 0.8284
37.6236 -18.7582 -2.1321 0.8450
37.6630 -17.1185 -2.0981 0.8473
32.4381 -13.3604 -1.7791 0.8689
37.6874 -13.9622 -2.0382 0.8513
37.7103 -10.9660 -1.9917 0.8545
37.7213 -9.5149 -1.9729 0.8557
37.6477 -8.0709 -1.9527 0.8571
37.7426 -6.6840 -1.9439 0.8577
37.7631 -3.9213 -1.9254 0.8589
37.7732 -2.5561 -1.9200 0.8593
37.7831 -1.1967 -1.9171 0.8595
37.7930 0.1603 -1.9167 0.8595
37.8028 1.5184 -1.9187 0.8594
37.8125 2.8812 -1.9232 0.8591
37.8519 8.4512 -1.9669 0.8561
37.7976 12.8360 -2.0244 0.8522
37.9036 15.9889 -2.0863 0.8481
37.8972 22.8613 -2.2445 0.8376
37.9622 24.8014 -2.2997 0.8339
37.9753 26.8030 -2.3573 0.8301
37.9889 28.9100 -2.4210 0.8260
38.0032 31.1371 -2.4916 0.8214
2.8108 47.9202 -2.4344 0.8251
0.1473 6.4920 -0.3293 0.9743
-0.0858 6.4920 -0.3293 0.9743
-0.3232 6.5758 -0.3339 0.9740
-1.0398 6.5758 -0.3376 0.9737
-1.2833 6.5758 -0.3398 0.9735
-2.0373 6.5758 -0.3491 0.9728
-2.2991 6.5758 -0.3533 0.9725
-3.1284 6.5759 -0.3693 0.9713
-4.7303 6.5760 -0.4108 0.9681
-5.0787 6.5509 -0.4204 0.9673
-5.4123 6.4863 -0.4284 0.9667
-5.8950 6.5701 -0.4477 0.9653
-6.3352 6.5701 -0.4629 0.9641
-7.8659 6.5703 -0.5198 0.9598
-9.8519 6.5705 -0.6006 0.9537
-10.5263 6.4867 -0.6271 0.9517
-11.5958 6.5835 -0.6762 0.9480
-16.8293 6.5808 -0.9164 0.9302
-24.2527 6.5828 -1.2745 0.9042
-28.2113 6.5798 -1.4691 0.8905
-30.3549 5.9395 -1.5686 0.8835
-32.6581 3.9850 -1.6685 0.8765
-32.7835 2.8104 -1.6687 0.8765
-32.8808 1.6327 -1.6696 0.8765
-32.9500 0.4518 -1.6712 0.8764
-33.0035 -1.9196 -1.6766 0.8760
-32.9430 -4.3038 -1.6849 0.8754
-32.8695 -5.5006 -1.6901 0.8750
-30.7716 -6.2927 -1.5929 0.8818
-21.6693 -7.7954 -1.1679 0.9119
-31.8031 -12.7480 -1.7376 0.8718
-30.8487 -16.4126 -1.7721 0.8694
-29.0623 -19.7403 -1.7817 0.8687
-27.3322 -20.0357 -1.7187 0.8731
-26.8389 -21.1962 -1.7344 0.8720
-25.2722 -21.4759 -1.6819 0.8756
-23.5029 -21.4720 -1.6145 0.8803
-20.3496 -21.4656 -1.5000 0.8883
-18.9318 -21.4633 -1.4514 0.8917
-17.5992 -21.4585 -1.4074 0.8948
-16.3434 -21.4540 -1.3678 0.8976
-12.9545 -21.4510 -1.2709 0.9045
-11.9251 -21.4505 -1.2446 0.9064
-10.9353 -21.4487 -1.2210 0.9081
-9.9813 -21.4470 -1.1997 0.9096
-8.1639 -21.4432 -1.1636 0.9122
-5.6122 -21.4360 -1.1237 0.9151
-4.7968 -21.4345 -1.1139 0.9158
-3.2030 -21.4316 -1.0990 0.9169
-2.4196 -21.4274 -1.0936 0.9173
-1.6431 -21.4250 -1.0897 0.9175
-0.8711 -21.4227 -1.0873 0.9177
-0.1014 -21.4204 -1.0863 0.9178
2.2239 -21.5189 -1.0971 0.9170
16.9722 -45.8813 -2.4809 0.8221
29.6224 -31.8455 -3.1890 0.8399
31.2709 -29.1168 -3.1329 0.8425
31.2464 -25.1611 -2.9415 0.8514
32.9603 -24.6446 -3.0176 0.8478
39.1514 -25.1071 -3.4102 0.8298
40.3373 -23.8689 -3.4366 0.8286
41.4642 -22.5667 -3.4613 0.8275
37.6646 -13.9538 -2.9451 0.8512
37.6880 -10.9595 -2.8778 0.8543
37.6992 -9.5093 -2.8508 0.8556
37.6258 -8.0662 -2.8215 0.8570
37.7208 -6.6802 -2.8088 0.8576
37.7415 -3.9192 -2.7822 0.8588
37.7616 -1.1961 -2.7702 0.8594
37.7714 0.1602 -2.7695 0.8594
37.7812 1.5175 -2.7724 0.8593
37.7909 2.8795 -2.7789 0.8590
37.8103 5.6316 -2.8029 0.8579
37.7355 7.0134 -2.8142 0.8573
37.8396 9.8868 -2.8676 0.8548
37.8697 14.3962 -2.9706 0.8500
37.8801 15.9790 -3.0145 0.8480
37.8640 17.5989 -3.0615 0.8458
34.0390 25.9040 -3.1363 0.8424
32.7056 26.7965 -3.1002 0.8440
31.3482 27.6234 -3.0636 0.8457
29.9710 28.3847 -3.0267 0.8474
28.8956 29.4045 -3.0228 0.8476
25.9190 32.7857 -3.0644 0.8457
24.4067 33.2606 -3.0249 0.8475
22.8959 33.6722 -2.9856 0.8493
21.3892 34.0220 -2.9466 0.8511
15.4595 34.8394 -2.7947 0.8582
14.0124 34.9074 -2.7580 0.8600
12.5835 34.9247 -2.7219 0.8617
2.4947 7.7900 -0.5998 0.9677
9.7861 34.8150 -2.6516 0.8650
8.4203 34.6920 -2.6175 0.8666
5.4097 32.2288 -2.3961 0.8772
3.0101 31.7591 -2.3391 0.8799
1.8526 31.5823 -2.3197 0.8808
0.1473 6.4923 -0.4761 0.9743
-0.3232 6.5761 -0.4828 0.9739
-0.5604 6.5761 -0.4839 0.9739
-1.0398 6.5761 -0.4882 0.9737
-1.7814 6.5762 -0.4996 0.9730
-2.0374 6.5762 -0.5048 0.9728
-2.5677 6.5762 -0.5176 0.9721
-2.8438 6.5762 -0.5253 0.9717
-3.7293 6.5763 -0.5543 0.9701
-5.0835 6.5571 -0.6083 0.9673
-5.4127 6.4867 -0.6194 0.9667
-7.8665 6.5708 -0.7515 0.9597
-8.4667 6.5709 -0.7858 0.9579
-9.1251 6.5709 -0.8245 0.9559
-10.5273 6.4874 -0.9067 0.9516
-11.5969 6.5842 -0.9778 0.9479
-15.2060 6.5847 -1.2150 0.9357
-16.8316 6.5817 -1.3251 0.9301
-23.2384 5.4199 -1.7496 0.9087
-23.9043 4.6774 -1.7860 0.9069
-25.0579 3.9751 -1.8603 0.9032
-25.2741 2.1667 -1.8600 0.9033
-25.4162 -1.4783 -1.8667 0.9029
-25.3908 -2.3938 -1.8700 0.9028
-23.2115 -7.4205 -1.7868 0.9069
-22.8096 -9.1430 -1.8018 0.9061
-24.0354 -10.6511 -1.9276 0.8999
-23.1164 -13.3848 -1.9586 0.8984
-21.9514 -16.0913 -1.9956 0.8966
-19.9995 -19.6340 -2.0550 0.8937
-17.6986 -20.0652 -1.9618 0.8982
-14.0297 -21.4515 -1.8794 0.9023
-10.9341 -21.4463 -1.7651 0.9080
-9.9802 -21.4446 -1.7343 0.9095
-6.4438 -21.4394 -1.6415 0.9141
-3.2028 -21.4303 -1.5888 0.9168
-2.4196 -21.4265 -1.5810 0.9172
-0.8711 -21.4218 -1.5720 0.9176
0.6674 -21.4042 -1.5702 0.9177
8.0224 -37.5117 -2.8126 0.8574
9.4886 -37.6957 -2.8501 0.8556
10.9801 -37.8286 -2.8882 0.8539
14.0315 -37.9317 -2.9654 0.8503
18.7460 -37.6455 -3.0835 0.8448
21.9494 -37.1352 -3.1629 0.8411
23.5596 -36.7785 -3.2025 0.8393
25.1707 -36.3510 -3.2419 0.8375
26.7789 -35.8518 -3.2811 0.8357
28.3800 -35.2794 -3.3198 0.8339
29.6224 -31.8455 -3.1890 0.8399
31.0806 -31.0960 -3.2236 0.8383
31.2709 -29.1168 -3.1329 0.8425
31.2464 -25.1611 -2.9415 0.8514
32.9604 -24.6446 -3.0176 0.8478
41.4643 -22.5667 -3.4614 0.8275
37.5997 -18.7464 -3.0805 0.8449
37.6646 -13.9538 -2.9451 0.8512
37.6765 -12.4394 -2.9092 0.8529
37.6258 -8.0662 -2.8215 0.8570
37.7208 -6.6802 -2.8088 0.8576
37.7312 -5.2931 -2.7936 0.8583
37.7415 -3.9192 -2.7822 0.8588
37.7516 -2.5547 -2.7744 0.8592
37.7616 -1.1960 -2.7702 0.8594
37.7714 0.1602 -2.7695 0.8594
37.8103 5.6316 -2.8029 0.8579
37.8298 8.4461 -2.8421 0.8560
37.8396 9.8868 -2.8676 0.8548
37.8697 14.3963 -2.9706 0.8500
37.9016 19.3000 -3.1186 0.8432
37.9128 21.0526 -3.1797 0.8404
35.3441 24.9458 -3.1720 0.8407
34.0389 25.9041 -3.1363 0.8424
32.7055 26.7965 -3.1002 0.8440
31.3482 27.6234 -3.0636 0.8457
28.8956 29.4045 -3.0228 0.8476
27.4296 32.2460 -3.1040 0.8438
21.3892 34.0221 -2.9466 0.8511
19.8898 34.3120 -2.9080 0.8529
15.4595 34.8394 -2.7947 0.8582
12.5834 34.9247 -2.7219 0.8617
9.7861 34.8151 -2.6516 0.8650
5.4097 32.2288 -2.3961 0.8772
3.0101 31.7591 -2.3391 0.8799
-0.3233 6.5761 -0.4828 0.9739
-0.5605 6.5761 -0.4839 0.9739
-1.2833 6.5761 -0.4913 0.9735
-3.4233 6.5763 -0.5436 0.9707
-4.7305 6.5764 -0.5940 0.9680
-5.0835 6.5570 -0.6083 0.9673
-5.8954 6.5705 -0.6473 0.9652
-7.3157 6.5707 -0.7210 0.9613
-8.4667 6.5709 -0.7858 0.9579
-13.8224 6.5845 -1.1226 0.9404
-23.0575 6.2584 -1.7518 0.9086
-23.9043 4.6774 -1.7860 0.9069
-25.3460 1.2586 -1.8607 0.9032
-25.4171 -0.5642 -1.8641 0.9031
-25.3408 -3.3105 -1.8738 0.9026
-25.2661 -4.2281 -1.8783 0.9024
-23.9541 -5.8015 -1.8071 0.9059
-23.3762 -6.5583 -1.7802 0.9072
-22.8096 -9.1430 -1.8018 0.9061
-24.0354 -10.6511 -1.9276 0.8999
-23.4496 -12.4760 -1.9476 0.8989
-23.1164 -13.3848 -1.9586 0.8984
-22.3675 -15.1930 -1.9826 0.8972
-21.0335 -17.8739 -2.0239 0.8952
-19.9995 -19.6340 -2.0550 0.8937
-17.6986 -20.0652 -1.9618 0.8982
-16.3428 -21.4531 -1.9774 0.8975
-14.0297 -21.4515 -1.8794 0.9023
-10.9341 -21.4463 -1.7651 0.9080
-9.9802 -21.4446 -1.7343 0.9095
-6.4438 -21.4394 -1.6414 0.9141
-4.7965 -21.4332 -1.6104 0.9157
-3.2028 -21.4303 -1.5888 0.9168
-1.6431 -21.4242 -1.5755 0.9174
-0.1014 -21.4195 -1.5705 0.9177
3.0764 -22.0087 -1.6294 0.9147
9.4886 -37.6958 -2.8501 0.8556
10.9802 -37.8286 -2.8882 0.8539
12.4950 -37.9080 -2.9266 0.8521
14.0315 -37.9317 -2.9654 0.8503
17.1595 -37.8026 -3.0440 0.8466
23.5597 -36.7784 -3.2025 0.8393
25.1708 -36.3509 -3.2419 0.8375
28.3800 -35.2794 -3.3198 0.8339
29.5529 -34.1510 -3.3114 0.8343
31.0806 -31.0960 -3.2236 0.8383
31.2709 -29.1168 -3.1329 0.8425
32.9604 -24.6446 -3.0176 0.8478
39.1514 -25.1070 -3.4102 0.8298
41.4643 -22.5667 -3.4614 0.8275
37.5997 -18.7464 -3.0805 0.8449
37.6395 -17.1079 -3.0315 0.8472
37.6992 -9.5093 -2.8508 0.8556
37.6258 -8.0662 -2.8215 0.8570
37.7208 -6.6802 -2.8088 0.8576
37.7516 -2.5546 -2.7744 0.8592
37.7616 -1.1960 -2.7702 0.8594
37.7714 0.1602 -2.7695 0.8594
37.7909 2.8795 -2.7789 0.8590
37.8006 4.2497 -2.7891 0.8585
37.7355 7.0134 -2.8142 0.8573
37.8396 9.8869 -2.8676 0.8548
37.7830 12.8310 -2.9257 0.8521
37.8697 14.3963 -2.9706 0.8500
37.8801 15.9790 -3.0145 0.8480
37.8640 17.5989 -3.0615 0.8458
37.9128 21.0526 -3.1797 0.8404
37.8516 22.8336 -3.2412 0.8375
36.6164 23.9222 -3.2070 0.8391
35.3440 24.9458 -3.1720 0.8407
34.0389 25.9041 -3.1363 0.8424
31.3482 27.6234 -3.0636 0.8457
29.9710 28.3847 -3.0267 0.8474
24.4067 33.2607 -3.0249 0.8475
22.8958 33.6722 -2.9856 0.8493
21.3892 34.0221 -2.9466 0.8511
19.8898 34.3120 -2.9080 0.8529
18.4002 34.5436 -2.8697 0.8547
16.9227 34.7188 -2.8319 0.8565
15.4595 34.8394 -2.7947 0.8582
12.5834 34.9247 -2.7219 0.8617
9.7861 34.8151 -2.6516 0.8650
4.2108 32.1083 -2.3744 0.8782
0.1473 6.4923 -0.4761 0.9743
-0.0858 6.4923 -0.4761 0.9743
-0.3233 6.5761 -0.4828 0.9739
-0.7991 6.5761 -0.4857 0.9738
-1.2833 6.5761 -0.4913 0.9735
-1.7814 6.5762 -0.4996 0.9730
-2.0374 6.5762 -0.5048 0.9728
-2.8438 6.5762 -0.5253 0.9717
-3.4233 6.5763 -0.5436 0.9707
-3.7293 6.5763 -0.5543 0.9701
-4.0480 6.5763 -0.5662 0.9695
-4.3811 6.5764 -0.5794 0.9688
-4.7305 6.5764 -0.5940 0.9680
-5.4127 6.4867 -0.6194 0.9667
-5.8954 6.5705 -0.6473 0.9652
-6.3356 6.5706 -0.6692 0.9641
-7.3157 6.5707 -0.7210 0.9613
-7.8665 6.5708 -0.7515 0.9597
-8.4667 6.5709 -0.7858 0.9579
-9.1252 6.5709 -0.8245 0.9559
-12.6330 6.5843 -1.0445 0.9445
-13.8224 6.5845 -1.1226 0.9404
-15.2060 6.5847 -1.2150 0.9357
-18.7954 6.5820 -1.4602 0.9232
-20.9418 6.4997 -1.6077 0.9158
-23.0575 6.2584 -1.7518 0.9086
-23.9043 4.6774 -1.7860 0.9069
-25.1780 3.0723 -1.8598 0.9033
-25.2741 2.1667 -1.8600 0.9033
-25.4162 -1.4783 -1.8667 0.9029
-25.3408 -3.3105 -1.8738 0.9026
-25.2661 -4.2281 -1.8783 0.9024
-25.1664 -5.1464 -1.8834 0.9021
-23.9539 -5.8015 -1.8071 0.9059
-23.3762 -6.5583 -1.7802 0.9072
-23.2115 -7.4206 -1.7868 0.9069
-21.6328 -7.7823 -1.6857 0.9119
-22.8096 -9.1430 -1.8018 0.9061
-24.0354 -10.6511 -1.9276 0.8999
-23.7559 -11.5646 -1.9373 0.8995
-23.4496 -12.4760 -1.9476 0.8989
-22.7558 -14.2906 -1.9702 0.8978
-21.9514 -16.0913 -1.9956 0.8966
-21.5068 -16.9852 -2.0094 0.8959
-21.0335 -17.8739 -2.0239 0.8952
-20.5312 -18.7571 -2.0390 0.8945
-19.9995 -19.6340 -2.0550 0.8937
-17.6986 -20.0652 -1.9618 0.8982
-14.0297 -21.4515 -1.8794 0.9023
-10.9341 -21.4463 -1.7651 0.9080
-9.0575 -21.4422 -1.7067 0.9109
-7.2929 -21.4404 -1.6605 0.9132
-6.4438 -21.4394 -1.6414 0.9141
-3.9943 -21.4318 -1.5985 0.9163
-3.2028 -21.4303 -1.5888 0.9168
-0.8710 -21.4218 -1.5720 0.9176
-0.1014 -21.4195 -1.5705 0.9177
1.4368 -21.3892 -1.5718 0.9176
8.0224 -37.5118 -2.8126 0.8574
10.9802 -37.8286 -2.8882 0.8539
14.0315 -37.9317 -2.9654 0.8503
15.5871 -37.8972 -3.0046 0.8484
17.1595 -37.8026 -3.0440 0.8466
18.7461 -37.6455 -3.0835 0.8448
25.1708 -36.3509 -3.2419 0.8375
29.5529 -34.1510 -3.3114 0.8343
29.6224 -31.8455 -3.1890 0.8399
31.0807 -31.0957 -3.2236 0.8383
31.2583 -27.0766 -3.0322 0.8472
36.0455 -24.9856 -3.2158 0.8387
40.3373 -23.8688 -3.4366 0.8286
37.5997 -18.7463 -3.0805 0.8449
37.6395 -17.1078 -3.0315 0.8472
32.3396 -13.3198 -2.5645 0.8691
37.6646 -13.9538 -2.9451 0.8512
37.6765 -12.4393 -2.9092 0.8529
37.6992 -9.5093 -2.8508 0.8556
37.7312 -5.2930 -2.7936 0.8583
37.7516 -2.5546 -2.7744 0.8592
37.7616 -1.1960 -2.7702 0.8594
37.7812 1.5176 -2.7724 0.8593
37.7909 2.8795 -2.7789 0.8590
37.8006 4.2497 -2.7891 0.8585
37.8298 8.4462 -2.8421 0.8560
37.7830 12.8310 -2.9257 0.8521
37.8801 15.9790 -3.0145 0.8480
37.9128 21.0527 -3.1797 0.8404
37.8515 22.8337 -3.2412 0.8375
36.6164 23.9222 -3.2070 0.8391
32.7055 26.7965 -3.1002 0.8440
31.3482 27.6234 -3.0636 0.8457
28.8956 29.4046 -3.0228 0.8476
27.4294 32.2460 -3.1040 0.8438
25.9190 32.7857 -3.0644 0.8457
22.8958 33.6722 -2.9856 0.8493
21.3892 34.0221 -2.9466 0.8511
18.4001 34.5436 -2.8697 0.8547
15.4593 34.8394 -2.7947 0.8582
14.0124 34.9074 -2.7580 0.8600
9.7861 34.8151 -2.6516 0.8650
5.4096 32.2288 -2.3961 0.8772
-0.3233 6.5761 -0.4828 0.9739
-0.5605 6.5761 -0.4839 0.9739
-0.7991 6.5761 -0.4857 0.9738
-2.0374 6.5762 -0.5048 0.9728
-2.5677 6.5762 -0.5176 0.9721
-3.1286 6.5762 -0.5340 0.9712
-3.7293 6.5763 -0.5543 0.9701
-4.3811 6.5764 -0.5794 0.9688
-4.7305 6.5764 -0.5940 0.9680
-5.4127 6.4867 -0.6194 0.9667
-5.8954 6.5705 -0.6473 0.9652
-6.3356 6.5706 -0.6693 0.9641
-6.8074 6.5706 -0.6937 0.9628
-7.8665 6.5708 -0.7515 0.9597
-8.4667 6.5709 -0.7858 0.9579
-9.1252 6.5709 -0.8245 0.9559
-10.5273 6.4874 -0.9067 0.9516
-11.5970 6.5842 -0.9778 0.9479
-13.8225 6.5845 -1.1226 0.9404
-15.2061 6.5847 -1.2150 0.9357
-16.8316 6.5817 -1.3251 0.9301
-23.2384 5.4199 -1.7496 0.9087
-25.1781 3.0723 -1.8598 0.9033
-25.2741 2.1667 -1.8600 0.9033
-25.3461 1.2585 -1.8607 0.9032
-25.4171 -0.5642 -1.8641 0.9031
-25.4162 -1.4783 -1.8667 0.9029
-25.3908 -2.3939 -1.8700 0.9028
-25.2661 -4.2282 -1.8783 0.9024
-25.1664 -5.1464 -1.8834 0.9021
-22.8096 -9.1430 -1.8018 0.9061
-22.3675 -15.1930 -1.9826 0.8972
-19.9995 -19.6340 -2.0550 0.8937
-18.7095 -19.7356 -1.9940 0.8967
-17.6986 -20.0652 -1.9618 0.8982
-14.0297 -21.4515 -1.8794 0.9023
-9.9802 -21.4446 -1.7343 0.9095
-8.1631 -21.4413 -1.6822 0.9121
-6.4438 -21.4394 -1.6414 0.9141
-3.9943 -21.4318 -1.5985 0.9163
-3.2028 -21.4303 -1.5888 0.9168
-2.4195 -21.4265 -1.5810 0.9172
2.2241 -21.5213 -1.5864 0.9169
9.4887 -37.6957 -2.8501 0.8556
17.1596 -37.8027 -3.0440 0.8466
18.7461 -37.6455 -3.0835 0.8448
21.9495 -37.1352 -3.1629 0.8411
26.7790 -35.8518 -3.2811 0.8357
28.3800 -35.2794 -3.3198 0.8339
22.2200 -23.8875 -3.1321 0.8771
24.2355 -22.5660 -3.1792 0.8754
25.2064 -21.8343 -3.2016 0.8746
26.1489 -21.0564 -3.2232 0.8738
29.3707 -17.3796 -3.2764 0.8718
29.3690 -15.9839 -3.2101 0.8743
29.3665 -14.6415 -3.1503 0.8765
29.7857 -13.5382 -3.1411 0.8768
30.3650 -12.5066 -3.1528 0.8764
30.8957 -11.4461 -3.1631 0.8760
32.1785 -8.1167 -3.1861 0.8752
32.7612 -5.8019 -3.1942 0.8749
33.1162 -3.4389 -3.1964 0.8748
33.2069 -2.2471 -3.1953 0.8748
33.2394 -1.0528 -3.1927 0.8749
33.1301 1.3307 -3.1832 0.8753
32.9892 2.5136 -3.1763 0.8755
32.7915 3.6865 -3.1680 0.8758
32.5384 4.8464 -3.1583 0.8762
32.2307 5.9903 -3.1473 0.8766
31.8698 7.1155 -3.1350 0.8770
31.4575 8.2193 -3.1215 0.8775
29.0638 13.5087 -3.0769 0.8792
29.0385 14.7868 -3.1285 0.8773
29.0114 16.1097 -3.1858 0.8752
28.2559 17.0451 -3.1681 0.8758
25.6581 19.5261 -3.0955 0.8785
24.7363 20.2671 -3.0701 0.8794
21.8402 22.2248 -2.9915 0.8823
20.8397 22.7881 -2.9647 0.8833
18.8004 23.7812 -2.9104 0.8853
17.7664 24.2114 -2.8831 0.8863
16.7257 24.5979 -2.8557 0.8873
12.5361 25.7191 -2.7469 0.8914
10.4509 26.0351 -2.6934 0.8934
9.4165 26.1351 -2.6670 0.8944
6.3625 26.2137 -2.5897 0.8973
5.0384 24.5763 -2.4085 0.9041
4.1130 24.5036 -2.3854 0.9050
1.4207 24.2200 -2.3292 0.9071
-1.5304 6.5765 -0.6482 0.9732
-1.7815 6.5765 -0.6541 0.9730
-2.0375 6.5765 -0.6610 0.9727
-2.8439 6.5766 -0.6879 0.9716
-3.1288 6.5766 -0.6992 0.9712
-3.4235 6.5766 -0.7118 0.9706
-3.7295 6.5767 -0.7258 0.9701
-4.0482 6.5767 -0.7414 0.9694
-4.7308 6.5768 -0.7778 0.9680
-5.0883 6.5632 -0.7973 0.9672
-5.4130 6.4871 -0.8111 0.9666
-5.8957 6.5710 -0.8475 0.9651
-7.3163 6.5712 -0.9441 0.9613
-7.8671 6.5713 -0.9841 0.9596
-8.4673 6.5714 -1.0290 0.9578
-9.1259 6.5715 -1.0796 0.9558
-9.8537 6.5716 -1.1371 0.9535
-10.5283 6.4880 -1.1873 0.9515
-16.8338 6.5826 -1.7353 0.9299
-18.5676 5.7628 -1.8665 0.9249
-18.7385 5.0861 -1.8641 0.9249
-20.0083 4.6666 -1.9725 0.9208
-20.3745 3.2322 -1.9805 0.9204
-20.4733 2.4982 -1.9801 0.9205
-20.6080 1.0233 -1.9809 0.9204
-20.6439 0.2831 -1.9821 0.9204
-20.6588 -0.4586 -1.9838 0.9203
-20.5067 -3.4317 -1.9961 0.9198
-20.3025 -4.9171 -2.0055 0.9195
-18.7934 -6.0081 -1.8942 0.9238
-18.2300 -8.0784 -1.9143 0.9230
-18.0006 -8.7629 -1.9220 0.9227
-17.9663 -12.2034 -2.0851 0.9164
-17.6092 -12.9083 -2.0961 0.9160
-17.2291 -13.6068 -2.1077 0.9156
-16.3995 -14.9824 -2.1326 0.9146
-15.9497 -15.6582 -2.1458 0.9141
-14.9797 -16.9827 -2.1740 0.9130
-14.4593 -17.6300 -2.1890 0.9124
-12.7556 -19.5033 -2.2373 0.9106
-11.9079 -19.7178 -2.2114 0.9116
-8.8651 -20.9869 -2.1872 0.9125
-8.1624 -21.4393 -2.2024 0.9119
-7.2923 -21.4384 -2.1740 0.9130
-5.6116 -21.4333 -2.1271 0.9148
-4.7962 -21.4319 -2.1085 0.9155
-3.9940 -21.4304 -2.0929 0.9161
-2.4195 -21.4256 -2.0700 0.9170
-1.6430 -21.4233 -2.0628 0.9173
-0.8710 -21.4210 -2.0582 0.9175
-0.1014 -21.4222 -2.0567 0.9175
1.4367 -21.3882 -2.0580 0.9175
5.5909 -26.1424 -2.5665 0.8981
8.0923 -27.8794 -2.7870 0.8899
17.9718 -25.9543 -3.0308 0.8809
19.0541 -25.5098 -3.0568 0.8799
20.1248 -25.0173 -3.0824 0.8790
22.2200 -23.8875 -3.1321 0.8771
23.2391 -23.2506 -3.1560 0.8763
24.2355 -22.5660 -3.1792 0.8754
26.1489 -21.0564 -3.2232 0.8738
27.0601 -20.2329 -3.2438 0.8730
27.9373 -19.3653 -3.2635 0.8723
28.7777 -18.4546 -3.2821 0.8716
29.3690 -15.9839 -3.2101 0.8743
29.3665 -14.6415 -3.1503 0.8765
29.7857 -13.5382 -3.1411 0.8768
30.8957 -11.4461 -3.1631 0.8760
31.3760 -10.3592 -3.1722 0.8757
32.1784 -8.1167 -3.1860 0.8752
32.4979 -6.9669 -3.1908 0.8750
32.9676 -4.6248 -3.1960 0.8748
33.1162 -3.4389 -3.1964 0.8748
33.2137 0.1409 -3.1887 0.8751
33.1301 1.3307 -3.1832 0.8753
32.7915 3.6865 -3.1680 0.8758
32.2307 5.9903 -3.1473 0.8766
31.4574 8.2192 -3.1214 0.8775
30.9951 9.2991 -3.1067 0.8781
30.4849 10.3525 -3.0909 0.8786
29.3286 12.3717 -3.0559 0.8799
29.0639 13.5087 -3.0769 0.8792
29.0385 14.7868 -3.1285 0.8773
27.4205 17.9143 -3.1445 0.8767
26.5537 18.7416 -3.1203 0.8776
25.6581 19.5261 -3.0955 0.8785
21.8402 22.2248 -2.9915 0.8823
20.8397 22.7881 -2.9647 0.8833
19.8256 23.3069 -2.9376 0.8843
16.7256 24.5980 -2.8557 0.8873
13.5837 25.5012 -2.7739 0.8904
11.4913 25.8968 -2.7200 0.8924
7.3710 26.2233 -2.6151 0.8963
6.3625 26.2137 -2.5897 0.8973
5.0384 24.5763 -2.4085 0.9041
4.1130 24.5036 -2.3854 0.9050
1.4207 24.2200 -2.3292 0.9071
0.1473 6.4926 -0.6235 0.9742
-0.3233 6.5764 -0.6321 0.9739
-0.5605 6.5764 -0.6337 0.9738
-0.7991 6.5765 -0.6360 0.9737
-1.2834 6.5765 -0.6433 0.9734
-2.0375 6.5765 -0.6610 0.9727
-2.5678 6.5766 -0.6778 0.9720
-2.8439 6.5766 -0.6879 0.9716
-3.4235 6.5766 -0.7118 0.9706
-3.7295 6.5767 -0.7258 0.9701
-4.0482 6.5767 -0.7414 0.9694
-5.0883 6.5632 -0.7973 0.9672
-5.4130 6.4871 -0.8111 0.9666
-6.3360 6.5710 -0.8763 0.9640
-6.8079 6.5711 -0.9084 0.9627
-8.4674 6.5714 -1.0290 0.9578
-9.8537 6.5716 -1.1371 0.9535
-10.5283 6.4880 -1.1873 0.9515
-11.5981 6.5848 -1.2804 0.9478
-12.6343 6.5851 -1.3678 0.9444
-13.8240 6.5853 -1.4701 0.9403
-15.2079 6.5856 -1.5910 0.9356
-18.3772 6.4356 -1.8694 0.9247
-18.5676 5.7628 -1.8665 0.9249
-20.3745 3.2322 -1.9805 0.9204
-20.4733 2.4982 -1.9801 0.9205
-20.5512 1.7618 -1.9802 0.9205
-20.6080 1.0233 -1.9809 0.9204
-20.6439 0.2830 -1.9821 0.9204
-20.6588 -0.4586 -1.9838 0.9203
-20.5766 -2.6881 -1.9922 0.9200
-20.5067 -3.4317 -1.9961 0.9198
-20.3025 -4.9171 -2.0055 0.9195
-18.7934 -6.0081 -1.8942 0.9238
-18.6262 -6.7007 -1.9004 0.9235
-18.4384 -7.3909 -1.9071 0.9233
-18.9012 -10.0560 -2.0554 0.9176
-17.9663 -12.2035 -2.0851 0.9164
-17.6092 -12.9083 -2.0961 0.9160
-16.8259 -14.2984 -2.1199 0.9151
-15.9497 -15.6582 -2.1458 0.9141
-14.4593 -17.6300 -2.1890 0.9124
-12.7556 -19.5033 -2.2373 0.9106
-11.9079 -19.7178 -2.2114 0.9116
-10.1776 -19.9625 -2.1512 0.9139
-9.5325 -20.4826 -2.1690 0.9132
-7.2923 -21.4384 -2.1740 0.9130
-6.4432 -21.4375 -2.1491 0.9140
-5.6115 -21.4333 -2.1271 0.9148
-4.7962 -21.4319 -2.1085 0.9155
-3.9940 -21.4304 -2.0929 0.9161
-3.2027 -21.4290 -2.0801 0.9166
-0.8710 -21.4210 -2.0582 0.9175
-0.1014 -21.4222 -2.0567 0.9175
0.6673 -21.4022 -2.0557 0.9176
4.6034 -26.0685 -2.5414 0.8991
5.5909 -26.1424 -2.5665 0.8981
7.0173 -27.8780 -2.7599 0.8909
8.0923 -27.8794 -2.7870 0.8899
10.2689 -27.7601 -2.8416 0.8879
12.4696 -27.4706 -2.8963 0.8858
14.6790 -27.0030 -2.9507 0.8838
15.7817 -26.7006 -2.9777 0.8828
17.9718 -25.9543 -3.0308 0.8809
21.1810 -24.4765 -3.1075 0.8780
25.2064 -21.8343 -3.2016 0.8746
26.1490 -21.0563 -3.2232 0.8738
27.0602 -20.2329 -3.2438 0.8730
28.7777 -18.4546 -3.2821 0.8716
29.3690 -15.9839 -3.2101 0.8743
29.7857 -13.5382 -3.1411 0.8768
30.3650 -12.5066 -3.1528 0.8764
31.3760 -10.3592 -3.1722 0.8757
31.8040 -9.2484 -3.1798 0.8754
32.1784 -8.1167 -3.1860 0.8752
32.7612 -5.8019 -3.1942 0.8749
32.9676 -4.6248 -3.1960 0.8748
33.1162 -3.4389 -3.1964 0.8748
33.2394 -1.0528 -3.1927 0.8749
33.1301 1.3307 -3.1832 0.8753
32.9892 2.5137 -3.1763 0.8755
32.7915 3.6865 -3.1680 0.8758
32.2307 5.9903 -3.1473 0.8766
31.8698 7.1155 -3.1350 0.8770
31.4575 8.2193 -3.1215 0.8775
30.9951 9.2991 -3.1067 0.8781
30.4849 10.3526 -3.0909 0.8786
29.9287 11.3775 -3.0739 0.8793
29.0385 14.7868 -3.1285 0.8773
29.0114 16.1097 -3.1858 0.8752
28.2559 17.0451 -3.1681 0.8758
26.5537 18.7416 -3.1203 0.8776
25.6581 19.5261 -3.0955 0.8785
24.7363 20.2671 -3.0701 0.8794
23.7910 20.9641 -3.0443 0.8804
19.8256 23.3069 -2.9376 0.8843
18.8004 23.7812 -2.9104 0.8853
12.5361 25.7191 -2.7469 0.8914
11.4913 25.8968 -2.7200 0.8924
9.4165 26.1351 -2.6670 0.8944
7.3710 26.2233 -2.6151 0.8963
6.3625 26.2137 -2.5897 0.8973
5.0384 24.5763 -2.4085 0.9041
2.3083 24.3549 -2.3487 0.9064
-0.0858 6.4926 -0.6234 0.9742
-0.3233 6.5764 -0.6321 0.9739
-0.5605 6.5764 -0.6337 0.9738
-0.7991 6.5765 -0.6360 0.9737
-1.0399 6.5765 -0.6392 0.9736
-1.5304 6.5765 -0.6482 0.9732
-1.7815 6.5765 -0.6541 0.9730
-2.0375 6.5765 -0.6610 0.9727
-2.2994 6.5765 -0.6689 0.9724
-2.5678 6.5766 -0.6778 0.9720
-2.8439 6.5766 -0.6879 0.9716
-3.4235 6.5766 -0.7118 0.9706
-3.7295 6.5767 -0.7258 0.9701
-4.3814 6.5768 -0.7587 0.9687
-5.0883 6.5632 -0.7973 0.9672
-5.8957 6.5710 -0.8475 0.9651
-6.8079 6.5711 -0.9084 0.9627
-7.3163 6.5712 -0.9441 0.9613
-8.4674 6.5714 -1.0290 0.9578
-9.1259 6.5715 -1.0796 0.9558
-9.8537 6.5716 -1.1371 0.9535
-11.5981 6.5848 -1.2804 0.9478
-12.6343 6.5851 -1.3678 0.9444
-15.2079 6.5856 -1.5910 0.9356
-18.3772 6.4356 -1.8694 0.9247
-18.7385 5.0861 -1.8641 0.9249
-20.0083 4.6666 -1.9725 0.9208
-20.2551 3.9634 -1.9815 0.9204
-20.6526 -1.2012 -1.9861 0.9202
-20.6257 -1.9445 -1.9889 0.9201
-20.4154 -4.1748 -2.0005 0.9197
-18.4384 -7.3909 -1.9071 0.9233
-18.9012 -10.0560 -2.0554 0.9176
-18.3006 -11.4928 -2.0747 0.9168
-17.6092 -12.9083 -2.0961 0.9160
-16.8259 -14.2984 -2.1199 0.9151
-15.4765 -16.3252 -2.1597 0.9136
-13.9152 -18.2664 -2.2046 0.9119
-13.3473 -18.8911 -2.2207 0.9112
-12.7556 -19.5033 -2.2373 0.9106
-11.9079 -19.7178 -2.2114 0.9116
-6.4432 -21.4375 -2.1491 0.9140
-5.6115 -21.4333 -2.1271 0.9148
-4.7962 -21.4319 -2.1085 0.9155
-3.9940 -21.4304 -2.0929 0.9161
-3.2026 -21.4290 -2.0801 0.9166
-1.6430 -21.4233 -2.0628 0.9173
0.6673 -21.4022 -2.0557 0.9176
1.4368 -21.3882 -2.0580 0.9175
2.2243 -21.5237 -2.0774 0.9167
3.0777 -22.0175 -2.1343 0.9145
4.6034 -26.0685 -2.5414 0.8991
5.5909 -26.1423 -2.5665 0.8981
7.0174 -27.8780 -2.7599 0.8909
8.0923 -27.8794 -2.7870 0.8899
9.1767 -27.8405 -2.8143 0.8889
11.3671 -27.6371 -2.8690 0.8868
15.7818 -26.7006 -2.9777 0.8828
16.8802 -26.3511 -3.0044 0.8818
17.9718 -25.9543 -3.0308 0.8809
21.1810 -24.4765 -3.1075 0.8780
23.2391 -23.2505 -3.1560 0.8763
25.2064 -21.8343 -3.2016 0.8746
26.1490 -21.0563 -3.2232 0.8738
27.0602 -20.2329 -3.2438 0.8730
28.7777 -18.4546 -3.2821 0.8716
30.3650 -12.5065 -3.1528 0.8764
30.8957 -11.4461 -3.1631 0.8760
31.3760 -10.3592 -3.1722 0.8757
32.1784 -8.1167 -3.1860 0.8752
32.9892 2.5137 -3.1763 0.8755
32.7915 3.6865 -3.1680 0.8758
31.8698 7.1155 -3.1350 0.8770
30.4849 10.3526 -3.0909 0.8786
29.9287 11.3775 -3.0739 0.8793
29.3286 12.3717 -3.0559 0.8799
29.0638 13.5087 -3.0769 0.8792
29.0114 16.1098 -3.1858 0.8752
28.2559 17.0452 -3.1681 0.8758
26.5537 18.7416 -3.1203 0.8776
23.7910 20.9641 -3.0443 0.8804
22.8247 21.6168 -3.0181 0.8813
21.8401 22.2249 -2.9915 0.8823
20.8396 22.7882 -2.9647 0.8833
19.8256 23.3069 -2.9376 0.8843
16.7256 24.5980 -2.8557 0.8873
13.5836 25.5012 -2.7739 0.8904
10.4509 26.0352 -2.6934 0.8934
6.3625 26.2137 -2.5897 0.8973
4.1130 24.5036 -2.3854 0.9050
3.2016 24.4134 -2.3639 0.9058
2.3083 24.3549 -2.3487 0.9064
1.4207 24.2200 -2.3292 0.9071
-0.0858 6.4926 -0.6234 0.9742
-0.3233 6.5764 -0.6321 0.9739
-0.7991 6.5765 -0.6360 0.9737
-1.0399 6.5765 -0.6392 0.9736
-2.2994 6.5765 -0.6689 0.9724
-3.1288 6.5766 -0.6992 0.9712
-4.0482 6.5767 -0.7414 0.9694
-4.3814 6.5768 -0.7587 0.9687
-4.7308 6.5768 -0.7778 0.9680
-5.0883 6.5632 -0.7973 0.9672
-6.3360 6.5710 -0.8763 0.9640
-6.8079 6.5711 -0.9084 0.9627
-7.3163 6.5712 -0.9441 0.9613
-7.8671 6.5713 -0.9841 0.9596
-8.4674 6.5714 -1.0290 0.9578
-9.1259 6.5715 -1.0796 0.9558
-10.5283 6.4880 -1.1873 0.9515
-12.6344 6.5851 -1.3678 0.9444
-13.8241 6.5853 -1.4701 0.9403
-18.3772 6.4356 -1.8694 0.9247
-18.7385 5.0861 -1.8641 0.9249
-20.0083 4.6666 -1.9725 0.9208
-20.2551 3.9633 -1.9815 0.9204
-20.3745 3.2321 -1.9805 0.9204
-20.4733 2.4982 -1.9801 0.9205
-20.6081 1.0233 -1.9809 0.9204
-20.6588 -0.4586 -1.9838 0.9203
-20.6526 -1.2012 -1.9861 0.9202
-20.5067 -3.4318 -1.9961 0.9198
-20.4154 -4.1749 -2.0005 0.9197
-20.1680 -5.6582 -2.0110 0.9193
-18.6262 -6.7007 -1.9004 0.9235
-18.4384 -7.3909 -1.9071 0.9233
-18.2299 -8.0785 -1.9143 0.9230
-18.0006 -8.7629 -1.9220 0.9227
-18.9011 -10.0561 -2.0554 0.9176
-18.6122 -10.7768 -2.0648 0.9172
-18.3006 -11.4928 -2.0747 0.9168
-17.9663 -12.2035 -2.0851 0.9164
-17.6092 -12.9083 -2.0961 0.9160
-16.8259 -14.2984 -2.1199 0.9151
-16.3994 -14.9824 -2.1326 0.9146
-14.9797 -16.9827 -2.1741 0.9130
-13.3473 -18.8911 -2.2207 0.9112
-11.9078 -19.7178 -2.2114 0.9116
-7.2923 -21.4384 -2.1740 0.9130
-6.4432 -21.4375 -2.1491 0.9140
-4.7962 -21.4319 -2.1085 0.9155
-3.9940 -21.4304 -2.0929 0.9161
-3.2026 -21.4290 -2.0801 0.9166
-1.6430 -21.4233 -2.0628 0.9173
-0.8710 -21.4210 -2.0582 0.9175
-0.1014 -21.4222 -2.0567 0.9175
0.6673 -21.4022 -2.0557 0.9176
1.4368 -21.3882 -2.0580 0.9175
4.6034 -26.0685 -2.5414 0.8991
5.5909 -26.1423 -2.5665 0.8981
9.1767 -27.8405 -2.8143 0.8889
10.2689 -27.7601 -2.8416 0.8879
12.4696 -27.4706 -2.8963 0.8858
13.5743 -27.2595 -2.9236 0.8848
16.8802 -26.3511 -3.0044 0.8818
17.9718 -25.9543 -3.0308 0.8809
19.0541 -25.5098 -3.0568 0.8799
21.1810 -24.4764 -3.1076 0.8780
17.1338 -18.4197 -2.9882 0.9036
17.8885 -17.8973 -3.0058 0.9031
19.3384 -16.7514 -3.0391 0.9021
20.0301 -16.1292 -3.0548 0.9016
20.6971 -15.4753 -3.0698 0.9011
21.3376 -14.7905 -3.0840 0.9007
21.9498 -14.0760 -3.0974 0.9003
23.0827 -12.5626 -3.1217 0.8996
25.6385 -7.4555 -3.1716 0.8980
26.3811 -4.6720 -3.1825 0.8977
26.5435 -3.7236 -3.1839 0.8977
26.7691 -0.8479 -3.1814 0.8977
26.0471 4.8410 -3.1470 0.8988
25.4726 6.6555 -3.1274 0.8994
24.7432 8.4027 -3.1040 0.9001
23.8688 10.0686 -3.0772 0.9009
23.3807 10.8671 -3.0626 0.9014
22.8606 11.6409 -3.0473 0.9018
21.7310 13.1090 -3.0146 0.9028
21.1248 13.8012 -2.9974 0.9034
19.8380 15.0969 -2.9612 0.9045
19.1610 15.6991 -2.9425 0.9050
16.2685 17.7896 -2.8635 0.9075
15.5080 18.2311 -2.8431 0.9081
14.7358 18.6397 -2.8225 0.9087
13.9536 19.0155 -2.8017 0.9094
13.1630 19.3585 -2.7807 0.9100
11.5627 19.9468 -2.7387 0.9113
10.7559 20.1925 -2.7177 0.9120
9.9466 20.4065 -2.6966 0.9126
9.1361 20.5891 -2.6757 0.9133
8.3257 20.7407 -2.6548 0.9139
7.5166 20.8618 -2.6340 0.9146
2.4906 7.7774 -0.9701 0.9676
5.5473 19.7351 -2.4351 0.9207
4.7976 19.7661 -2.4161 0.9213
3.3160 19.7553 -2.3795 0.9225
1.1499 19.6039 -2.3327 0.9239
-0.0858 6.4930 -0.7713 0.9742
-0.3233 6.5768 -0.7822 0.9738
-0.7992 6.5768 -0.7870 0.9737
-1.0400 6.5768 -0.7909 0.9735
-1.5304 6.5768 -0.8021 0.9732
-1.7816 6.5768 -0.8094 0.9729
-2.2995 6.5769 -0.8276 0.9723
-2.8441 6.5769 -0.8512 0.9715
-3.1290 6.5770 -0.8652 0.9711
-3.4237 6.5770 -0.8808 0.9706
-3.7297 6.5771 -0.8981 0.9700
-4.0485 6.5771 -0.9174 0.9694
-5.0931 6.5694 -0.9874 0.9671
-5.4133 6.4875 -1.0037 0.9665
-6.8084 6.5716 -1.1240 0.9626
-7.3169 6.5717 -1.1682 0.9612
-11.5993 6.5855 -1.5844 0.9477
-12.6357 6.5858 -1.6926 0.9442
-15.0815 6.5308 -1.9522 0.9359
-15.4605 5.4142 -1.9458 0.9361
-15.6532 4.8583 -1.9469 0.9361
-16.7941 4.5583 -2.0671 0.9323
-17.0526 3.3367 -2.0640 0.9324
-17.1546 2.7214 -2.0632 0.9324
-17.2382 2.1035 -2.0629 0.9324
-17.3809 -1.0109 -2.0681 0.9323
-17.3540 -1.6361 -2.0706 0.9322
-17.3085 -2.2612 -2.0735 0.9321
-17.0599 -4.1318 -2.0851 0.9317
-16.0856 -5.7867 -2.0306 0.9335
-14.3622 -9.0195 -2.0146 0.9340
-14.0109 -11.9063 -2.1841 0.9286
-13.2542 -13.0119 -2.2063 0.9279
-12.4205 -14.0813 -2.2304 0.9272
-11.9749 -14.6008 -2.2431 0.9268
-11.5102 -15.1095 -2.2563 0.9263
-10.5240 -16.0912 -2.2839 0.9255
-9.4627 -17.0213 -2.3133 0.9246
-7.1205 -18.7028 -2.3772 0.9226
-6.4905 -19.0816 -2.3942 0.9220
-5.1581 -19.7017 -2.4192 0.9212
-4.4104 -19.7081 -2.3989 0.9219
-3.6740 -19.7138 -2.3820 0.9224
-2.2279 -19.7295 -2.3585 0.9231
-0.8166 -20.0842 -2.3877 0.9222
-0.0959 -20.2578 -2.4064 0.9216
0.6363 -20.4072 -2.4253 0.9210
2.1320 -20.6302 -2.4636 0.9199
2.8938 -20.7023 -2.4831 0.9192
4.4721 -20.9112 -2.5401 0.9175
5.5624 -22.0978 -2.7068 0.9123
8.0901 -21.8701 -2.7699 0.9103
13.1389 -20.5107 -2.8934 0.9065
14.7739 -19.7794 -2.9326 0.9053
15.5747 -19.3610 -2.9516 0.9048
16.3620 -18.9077 -2.9702 0.9042
17.1338 -18.4197 -2.9882 0.9036
17.8885 -17.8973 -3.0058 0.9031
19.3385 -16.7514 -3.0391 0.9021
22.5321 -13.3330 -3.1100 0.8999
23.0827 -12.5626 -3.1217 0.8996
23.6001 -11.7665 -3.1325 0.8992
24.5291 -10.1029 -3.1512 0.8987
24.9380 -9.2389 -3.1590 0.8984
25.3081 -8.3558 -3.1659 0.8982
25.6385 -7.4555 -3.1716 0.8980
25.9279 -6.5401 -3.1763 0.8979
26.7377 -1.8094 -3.1833 0.8977
26.7567 0.1135 -3.1783 0.8978
26.7005 1.0725 -3.1742 0.8980
26.4585 2.9745 -3.1627 0.8983
25.7798 5.7558 -3.1377 0.8991
25.4726 6.6555 -3.1274 0.8994
24.7432 8.4027 -3.1040 0.9001
23.3807 10.8672 -3.0626 0.9014
22.8606 11.6409 -3.0473 0.9018
22.3102 12.3886 -3.0313 0.9023
21.1248 13.8012 -2.9974 0.9034
20.4932 14.4641 -2.9796 0.9039
19.1610 15.6991 -2.9425 0.9050
18.4637 16.2699 -2.9232 0.9056
17.7482 16.8088 -2.9037 0.9062
17.0159 17.3155 -2.8837 0.9068
16.2685 17.7896 -2.8635 0.9075
14.7358 18.6397 -2.8225 0.9087
12.3655 19.6688 -2.7597 0.9107
10.7559 20.1926 -2.7177 0.9120
9.9466 20.4065 -2.6966 0.9126
9.1361 20.5891 -2.6757 0.9133
8.3257 20.7407 -2.6548 0.9139
7.5166 20.8618 -2.6340 0.9146
2.4906 7.7774 -0.9701 0.9676
3.3160 19.7553 -2.3795 0.9225
1.8668 19.6964 -2.3501 0.9234
0.1474 6.4930 -0.7715 0.9742
-0.0858 6.4930 -0.7713 0.9742
-0.3233 6.5768 -0.7822 0.9738
-0.5605 6.5768 -0.7841 0.9738
-0.7992 6.5768 -0.7870 0.9737
-1.0400 6.5768 -0.7909 0.9735
-1.7816 6.5768 -0.8094 0.9729
-3.7297 6.5771 -0.8981 0.9700
-4.0485 6.5771 -0.9174 0.9694
-4.7311 6.5772 -0.9624 0.9679
-5.0931 6.5694 -0.9874 0.9671
-5.4134 6.4875 -1.0037 0.9665
-5.8961 6.5714 -1.0487 0.9651
-6.3365 6.5715 -1.0844 0.9639
-6.8084 6.5716 -1.1240 0.9626
-12.6357 6.5858 -1.6926 0.9442
-15.4605 5.4141 -1.9458 0.9361
-16.7941 4.5583 -2.0671 0.9323
-16.9324 3.9492 -2.0653 0.9324
-17.1546 2.7214 -2.0632 0.9324
-17.2382 2.1035 -2.0629 0.9324
-17.3036 1.4834 -2.0630 0.9324
-17.3893 -0.3860 -2.0661 0.9323
-17.3540 -1.6361 -2.0706 0.9322
-17.3085 -2.2612 -2.0735 0.9321
-16.9395 -4.7524 -2.0899 0.9316
-16.8003 -5.3709 -2.0951 0.9314
-16.0856 -5.7867 -2.0306 0.9335
-15.4624 -6.1980 -1.9788 0.9351
-15.2782 -6.7704 -1.9851 0.9349
-15.0762 -7.3392 -1.9918 0.9347
-14.8562 -7.9040 -1.9989 0.9345
-14.6182 -8.4642 -2.0065 0.9342
-14.3622 -9.0195 -2.0146 0.9340
-14.0109 -11.9063 -2.1841 0.9286
-13.6422 -12.4633 -2.1950 0.9283
-13.2542 -13.0119 -2.2063 0.9279
-12.8469 -13.5514 -2.2181 0.9275
-12.4205 -14.0813 -2.2304 0.9272
-11.9749 -14.6008 -2.2431 0.9268
-11.0266 -15.6065 -2.2699 0.9259
-10.5240 -16.0913 -2.2839 0.9255
-4.7040 -7.7891 -1.0809 0.9640
-8.9043 -17.4651 -2.3287 0.9241
-7.1204 -18.7029 -2.3772 0.9226
-6.4905 -19.0816 -2.3942 0.9220
-4.4104 -19.7081 -2.3989 0.9219
-2.9469 -19.7188 -2.3683 0.9228
0.6363 -20.4072 -2.4253 0.9210
2.8938 -20.7023 -2.4831 0.9192
3.6637 -20.7472 -2.5026 0.9186
4.4721 -20.9112 -2.5401 0.9175
6.4014 -22.0540 -2.7278 0.9116
7.2444 -21.9783 -2.7489 0.9110
8.9371 -21.7288 -2.7909 0.9097
10.6292 -21.3451 -2.8325 0.9084
13.1389 -20.5107 -2.8934 0.9065
13.9614 -20.1626 -2.9132 0.9059
14.7739 -19.7794 -2.9326 0.9053
15.5747 -19.3610 -2.9516 0.9048
16.3620 -18.9077 -2.9702 0.9042
17.1338 -18.4197 -2.9882 0.9036
17.8885 -17.8973 -3.0058 0.9031
19.3384 -16.7514 -3.0391 0.9021
20.6971 -15.4753 -3.0698 0.9011
21.3376 -14.7905 -3.0840 0.9007
21.9499 -14.0760 -3.0974 0.9003
24.9380 -9.2389 -3.1590 0.8984
25.3081 -8.3558 -3.1659 0.8982
25.9279 -6.5401 -3.1763 0.8979
26.1757 -5.6115 -3.1800 0.8978
26.3811 -4.6720 -3.1825 0.8977
26.5435 -3.7236 -3.1839 0.8977
26.7378 -1.8093 -3.1833 0.8977
26.7005 1.0725 -3.1742 0.8980
26.4585 2.9745 -3.1627 0.8983
26.0471 4.8410 -3.1470 0.8988
25.7798 5.7558 -3.1377 0.8991
25.4726 6.6556 -3.1274 0.8994
25.1267 7.5385 -3.1161 0.8997
24.7432 8.4027 -3.1040 0.9001
23.8687 10.0686 -3.0772 0.9009
22.8606 11.6409 -3.0473 0.9018
20.4932 14.4641 -2.9796 0.9039
19.1610 15.6991 -2.9425 0.9050
18.4637 16.2699 -2.9232 0.9056
17.7482 16.8088 -2.9037 0.9062
16.2685 17.7896 -2.8635 0.9075
15.5080 18.2311 -2.8431 0.9081
14.7358 18.6397 -2.8225 0.9087
13.1630 19.3585 -2.7807 0.9100
9.1361 20.5891 -2.6757 0.9133
8.3256 20.7407 -2.6548 0.9139
7.5165 20.8618 -2.6340 0.9146
5.5472 19.7351 -2.4351 0.9207
4.0532 19.7706 -2.3973 0.9219
3.3160 19.7553 -2.3795 0.9225
1.1499 19.6038 -2.3327 0.9239
0.1474 6.4930 -0.7715 0.9742
-0.3233 6.5768 -0.7822 0.9738
-1.5304 6.5768 -0.8021 0.9732
-1.7816 6.5768 -0.8094 0.9729
-2.2995 6.5769 -0.8276 0.9723
-3.4237 6.5770 -0.8808 0.9706
-3.7297 6.5771 -0.8981 0.9700
-4.3816 6.5771 -0.9388 0.9687
-5.0931 6.5694 -0.9874 0.9671
-5.8961 6.5714 -1.0487 0.9651
-7.3169 6.5717 -1.1682 0.9612
-9.1267 6.5721 -1.3360 0.9557
-10.5293 6.4886 -1.4691 0.9514
-11.5993 6.5855 -1.5844 0.9477
-12.6357 6.5858 -1.6926 0.9442
-13.8256 6.5861 -1.8191 0.9402
-15.2795 5.9747 -1.9488 0.9361
-15.4605 5.4141 -1.9458 0.9361
-15.6532 4.8583 -1.9469 0.9361
-16.7941 4.5583 -2.0671 0.9323
-16.9324 3.9492 -2.0653 0.9324
-17.0526 3.3367 -2.0640 0.9324
-17.1546 2.7214 -2.0632 0.9324
-17.3505 0.8615 -2.0635 0.9324
-17.3792 0.2383 -2.0646 0.9324
-17.3540 -1.6361 -2.0706 0.9322
-17.3085 -2.2612 -2.0735 0.9321
-17.2444 -2.8858 -2.0769 0.9320
-17.1615 -3.5094 -2.0807 0.9319
-16.9395 -4.7524 -2.0899 0.9316
-16.0856 -5.7867 -2.0306 0.9335
-15.4624 -6.1980 -1.9788 0.9351
-15.2782 -6.7704 -1.9851 0.9349
-15.0762 -7.3392 -1.9918 0.9347
-14.3622 -9.0195 -2.0146 0.9340
-15.0017 -10.1897 -2.1542 0.9296
-14.3604 -11.3413 -2.1736 0.9289
-13.6422 -12.4633 -2.1950 0.9283
-12.8469 -13.5514 -2.2181 0.9275
-12.4205 -14.0813 -2.2304 0.9272
-11.5102 -15.1095 -2.2563 0.9263
-10.5240 -16.0913 -2.2839 0.9255
-9.4627 -17.0213 -2.3133 0.9246
-8.9043 -17.4651 -2.3287 0.9241
-5.8434 -19.4422 -2.4115 0.9215
-5.1581 -19.7017 -2.4192 0.9212
-4.4104 -19.7081 -2.3989 0.9219
-2.2279 -19.7295 -2.3585 0.9231
-0.8166 -20.0842 -2.3877 0.9222
-0.0959 -20.2578 -2.4064 0.9216
4.4722 -20.9112 -2.5401 0.9175
5.5624 -22.0978 -2.7068 0.9123
8.9371 -21.7288 -2.7909 0.9097
10.6292 -21.3451 -2.8325 0.9084
12.3082 -20.8237 -2.8733 0.9072
13.9614 -20.1626 -2.9132 0.9059
14.7739 -19.7794 -2.9326 0.9053
15.5747 -19.3610 -2.9516 0.9048
17.1338 -18.4197 -2.9882 0.9036
18.6240 -17.3410 -3.0228 0.9026
19.3385 -16.7514 -3.0391 0.9021
20.0301 -16.1292 -3.0548 0.9016
20.6971 -15.4753 -3.0698 0.9011
21.3376 -14.7905 -3.0840 0.9007
21.9499 -14.0760 -3.0974 0.9003
22.5321 -13.3329 -3.1100 0.8999
23.0827 -12.5626 -3.1217 0.8996
23.6001 -11.7664 -3.1325 0.8992
24.0827 -10.9460 -3.1423 0.8989
24.9380 -9.2389 -3.1590 0.8984
25.3081 -8.3558 -3.1659 0.8982
25.6385 -7.4555 -3.1716 0.8980
25.9279 -6.5401 -3.1763 0.8979
26.1757 -5.6115 -3.1800 0.8978
26.7378 -1.8093 -3.1833 0.8977
26.7567 0.1135 -3.1783 0.8978
26.4585 2.9745 -3.1627 0.8983
26.2736 3.9133 -3.1554 0.8985
26.0471 4.8411 -3.1470 0.8988
25.4726 6.6556 -3.1274 0.8994
23.8687 10.0686 -3.0772 0.9009
23.3806 10.8672 -3.0626 0.9014
20.4932 14.4641 -2.9796 0.9039
19.8380 15.0970 -2.9612 0.9045
17.0158 17.3155 -2.8837 0.9068
13.9536 19.0155 -2.8017 0.9094
11.5627 19.9468 -2.7387 0.9113
9.9466 20.4066 -2.6966 0.9126
8.3256 20.7407 -2.6548 0.9139
7.5165 20.8618 -2.6340 0.9146
5.5472 19.7351 -2.4351 0.9207
4.0531 19.7706 -2.3973 0.9219
1.8668 19.6964 -2.3501 0.9234
-1.0400 6.5768 -0.7909 0.9735
-1.5305 6.5768 -0.8021 0.9732
-1.7816 6.5768 -0.8094 0.9729
-2.5680 6.5769 -0.8387 0.9720
-2.8441 6.5769 -0.8512 0.9715
-3.7298 6.5771 -0.8981 0.9700
-4.0485 6.5771 -0.9174 0.9694
-4.7311 6.5772 -0.9624 0.9679
-5.0931 6.5694 -0.9874 0.9671
-5.4134 6.4875 -1.0037 0.9665
-7.3169 6.5717 -1.1682 0.9612
-7.8677 6.5718 -1.2177 0.9595
-8.4681 6.5719 -1.2733 0.9577
-10.5293 6.4886 -1.4691 0.9514
-11.5994 6.5855 -1.5844 0.9477
-15.0815 6.5308 -1.9522 0.9359
-15.2795 5.9747 -1.9488 0.9361
-15.6532 4.8583 -1.9469 0.9361
-16.7941 4.5583 -2.0671 0.9323
-16.9324 3.9492 -2.0653 0.9324
-17.0526 3.3367 -2.0640 0.9324
-17.3036 1.4834 -2.0630 0.9324
-17.3505 0.8615 -2.0635 0.9324
-17.3792 0.2383 -2.0646 0.9324
-17.3809 -1.0109 -2.0681 0.9323
-17.2444 -2.8858 -2.0769 0.9320
-17.1615 -3.5095 -2.0807 0.9319
-16.8003 -5.3709 -2.0951 0.9314
-15.4624 -6.1980 -1.9788 0.9351
-15.0762 -7.3393 -1.9918 0.9347
-14.8562 -7.9040 -1.9989 0.9345
-14.3622 -9.0195 -2.0146 0.9340
-15.0017 -10.1897 -2.1542 0.9296
-14.0109 -11.9063 -2.1841 0.9286
-13.6422 -12.4634 -2.1950 0.9283
-13.2541 -13.0120 -2.2063 0.9279
-12.8469 -13.5515 -2.2181 0.9275
-11.5102 -15.1095 -2.2563 0.9263
-11.0266 -15.6065 -2.2699 0.9259
-10.5240 -16.0913 -2.2839 0.9255
-4.7039 -7.7891 -1.0809 0.9640
-8.9043 -17.4651 -2.3287 0.9241
-7.7329 -18.3067 -2.3606 0.9231
-7.1204 -18.7029 -2.3772 0.9226
-5.1581 -19.7017 -2.4192 0.9212
-1.5252 -19.8873 -2.3693 0.9228
-0.8166 -20.0842 -2.3877 0.9222
-0.0959 -20.2578 -2.4064 0.9216
2.8938 -20.7023 -2.4831 0.9192
5.5624 -22.0978 -2.7068 0.9123
6.4014 -22.0540 -2.7278 0.9116
7.2444 -21.9783 -2.7489 0.9110
8.0901 -21.8701 -2.7699 0.9103
8.9371 -21.7288 -2.7909 0.9097
9.7839 -21.5540 -2.8117 0.9091
13.1389 -20.5107 -2.8934 0.9065
15.5747 -19.3610 -2.9516 0.9048
16.3620 -18.9077 -2.9702 0.9042
13.9285 -14.9738 -2.8976 0.9207
15.6708 -13.5744 -2.9376 0.9197
16.2154 -13.0574 -2.9498 0.9193
16.7398 -12.5164 -2.9615 0.9190
17.2425 -11.9519 -2.9726 0.9187
19.3904 -8.8133 -3.0179 0.9176
20.3473 -6.7179 -3.0361 0.9171
20.8321 -5.2547 -3.0441 0.9169
21.1882 -3.7524 -3.0489 0.9167
21.3168 -2.9904 -3.0499 0.9167
21.4735 -1.4531 -3.0495 0.9167
21.5013 -0.6810 -3.0480 0.9168
21.1373 3.1483 -3.0280 0.9173
20.9660 3.8967 -3.0215 0.9175
20.7628 4.6356 -3.0143 0.9176
20.5285 5.3637 -3.0063 0.9179
20.2638 6.0795 -2.9976 0.9181
19.6467 7.4687 -2.9781 0.9186
19.2960 8.1397 -2.9673 0.9189
18.9186 8.7932 -2.9560 0.9192
17.6365 10.6391 -2.9184 0.9202
16.1541 12.2935 -2.8763 0.9213
13.9237 14.1689 -2.8147 0.9229
12.7224 14.9564 -2.7821 0.9237
12.1047 15.3116 -2.7655 0.9242
11.4773 15.6408 -2.7488 0.9246
10.8414 15.9441 -2.7319 0.9251
10.1981 16.2213 -2.7149 0.9255
9.5488 16.4725 -2.6978 0.9260
6.2490 17.3437 -2.6121 0.9282
2.4886 7.7711 -1.1562 0.9676
4.6239 16.4502 -2.4211 0.9333
4.0042 16.4975 -2.4054 0.9337
3.3879 16.5254 -2.3902 0.9341
2.7800 16.5619 -2.3795 0.9344
1.5647 16.5097 -2.3497 0.9352
0.1474 6.4933 -0.9203 0.9741
-0.0858 6.4933 -0.9201 0.9741
-0.3233 6.5771 -0.9330 0.9737
-0.7992 6.5771 -0.9388 0.9736
-1.0400 6.5771 -0.9435 0.9735
-1.2836 6.5771 -0.9495 0.9733
-1.5305 6.5772 -0.9568 0.9731
-1.7817 6.5772 -0.9655 0.9728
-2.0377 6.5772 -0.9756 0.9726
-2.2996 6.5772 -0.9872 0.9722
-2.5681 6.5773 -1.0004 0.9719
-2.8443 6.5773 -1.0153 0.9715
-3.1291 6.5773 -1.0320 0.9710
-3.4239 6.5774 -1.0506 0.9705
-3.7299 6.5774 -1.0714 0.9699
-4.0487 6.5775 -1.0944 0.9693
-5.0979 6.5756 -1.1789 0.9669
-5.4137 6.4879 -1.1973 0.9664
-6.3369 6.5720 -1.2935 0.9638
-7.3174 6.5722 -1.3936 0.9610
-8.4688 6.5725 -1.5189 0.9576
-12.8116 6.1029 -2.0107 0.9443
-13.4158 4.6981 -2.0141 0.9442
-14.3507 4.4540 -2.1290 0.9411
-14.4878 3.9324 -2.1270 0.9412
-14.6089 3.4073 -2.1255 0.9412
-14.7138 2.8791 -2.1243 0.9412
-14.8751 1.8151 -2.1233 0.9413
-14.9314 1.2800 -2.1234 0.9413
-14.9950 0.2056 -2.1248 0.9412
-14.9930 -0.8720 -2.1279 0.9411
-14.9674 -1.4111 -2.1301 0.9411
-14.9253 -1.9498 -2.1327 0.9410
-14.7913 -3.0247 -2.1391 0.9408
-14.4662 -4.6247 -2.1519 0.9405
-14.1663 -5.6784 -2.1625 0.9402
-13.1394 -5.8226 -2.0363 0.9436
-12.7639 -6.7908 -2.0485 0.9433
-12.5528 -7.2683 -2.0552 0.9431
-12.3260 -7.7407 -2.0623 0.9429
-12.0836 -8.2077 -2.0697 0.9427
-11.6696 -10.6612 -2.2396 0.9381
-10.9726 -11.5743 -2.2598 0.9376
-10.5998 -12.0172 -2.2704 0.9373
-9.8063 -12.8727 -2.2929 0.9367
-9.3859 -13.2843 -2.3047 0.9364
-8.9499 -13.6844 -2.3168 0.9361
-4.6979 -7.7791 -1.2876 0.9640
-8.0318 -14.4474 -2.3421 0.9354
-7.0541 -15.1572 -2.3688 0.9347
-6.5434 -15.4906 -2.3826 0.9343
-4.9282 -16.3970 -2.4260 0.9332
-4.3632 -16.6659 -2.4410 0.9328
-2.5950 -17.3636 -2.4876 0.9315
-0.0853 -18.0161 -2.5527 0.9298
1.2234 -18.2122 -2.5863 0.9289
2.5602 -18.3153 -2.6203 0.9280
3.9182 -18.3209 -2.6546 0.9271
5.2901 -18.2253 -2.6889 0.9262
7.3560 -17.8849 -2.7401 0.9248
8.0424 -17.7175 -2.7569 0.9244
8.7257 -17.5228 -2.7736 0.9240
10.7447 -16.7732 -2.8224 0.9227
12.6902 -15.7752 -2.8686 0.9215
14.5260 -14.5331 -2.9114 0.9203
15.6708 -13.5744 -2.9376 0.9197
16.2154 -13.0574 -2.9498 0.9193
17.7224 -11.3651 -2.9831 0.9185
18.1783 -10.7567 -2.9928 0.9182
18.6090 -10.1278 -3.0019 0.9180
19.0134 -9.4796 -3.0103 0.9177
19.7389 -8.1300 -3.0247 0.9174
20.0582 -7.4311 -3.0308 0.9172
20.3473 -6.7179 -3.0361 0.9171
21.4119 -2.2235 -3.0502 0.9167
21.4953 0.0912 -3.0457 0.9168
21.2764 2.3920 -3.0336 0.9171
21.1373 3.1483 -3.0280 0.9173
20.9660 3.8967 -3.0215 0.9175
20.7628 4.6356 -3.0143 0.9176
20.5285 5.3637 -3.0063 0.9179
20.2638 6.0795 -2.9976 0.9181
19.9696 6.7816 -2.9882 0.9183
18.9186 8.7932 -2.9560 0.9192
17.1630 11.2129 -2.9048 0.9205
16.6685 11.7646 -2.8908 0.9209
15.6212 12.7989 -2.8614 0.9217
15.0709 13.2802 -2.8461 0.9221
14.5047 13.7370 -2.8306 0.9225
13.9237 14.1689 -2.8147 0.9229
12.7224 14.9564 -2.7821 0.9237
12.1047 15.3116 -2.7655 0.9242
10.1981 16.2213 -2.7149 0.9255
8.2362 16.8975 -2.6635 0.9269
2.4886 7.7711 -1.1562 0.9676
4.6239 16.4502 -2.4211 0.9333
4.0042 16.4975 -2.4054 0.9337
3.3879 16.5254 -2.3902 0.9341
2.7800 16.5619 -2.3795 0.9344
0.9650 16.4507 -2.3349 0.9356
-0.3233 6.5771 -0.9330 0.9737
-0.7992 6.5771 -0.9388 0.9736
-1.0400 6.5771 -0.9435 0.9735
-1.5305 6.5772 -0.9568 0.9731
-1.7817 6.5772 -0.9655 0.9728
-2.5681 6.5773 -1.0004 0.9719
-2.8443 6.5773 -1.0153 0.9715
-3.1291 6.5773 -1.0320 0.9710
-3.7299 6.5774 -1.0714 0.9699
-4.0487 6.5775 -1.0944 0.9693
-4.3819 6.5775 -1.1198 0.9686
-5.0979 6.5756 -1.1789 0.9669
-5.4137 6.4879 -1.1973 0.9664
-6.8089 6.5721 -1.3408 0.9625
-7.3174 6.5722 -1.3936 0.9610
-7.8683 6.5723 -1.4526 0.9594
-9.8555 6.5728 -1.6785 0.9533
-10.5303 6.4892 -1.7526 0.9513
-12.8116 6.1029 -2.0107 0.9443
-13.0003 5.6296 -2.0073 0.9444
-13.1741 5.1515 -2.0043 0.9445
-13.4158 4.6981 -2.0141 0.9442
-14.3507 4.4540 -2.1290 0.9411
-14.4878 3.9323 -2.1270 0.9412
-14.7138 2.8791 -2.1243 0.9412
-14.8026 2.3483 -2.1236 0.9412
-14.8751 1.8151 -2.1233 0.9413
-14.9950 0.2056 -2.1248 0.9412
-15.0022 -0.3330 -2.1262 0.9412
-14.9930 -0.8720 -2.1279 0.9411
-14.7913 -3.0247 -2.1391 0.9408
-14.6996 -3.5601 -2.1430 0.9407
-14.5911 -4.0936 -2.1472 0.9406
-14.4662 -4.6247 -2.1519 0.9405
-14.1662 -5.6784 -2.1625 0.9402
-12.5528 -7.2683 -2.0552 0.9431
-12.3260 -7.7407 -2.0623 0.9429
-11.8256 -8.6688 -2.0775 0.9425
-11.5520 -9.1235 -2.0857 0.9423
-11.3292 -11.1222 -2.2495 0.9379
-8.9499 -13.6844 -2.3168 0.9361
-8.0318 -14.4474 -2.3421 0.9354
-7.5503 -14.8093 -2.3553 0.9350
-7.0541 -15.1572 -2.3688 0.9347
-6.5434 -15.4906 -2.3826 0.9343
-5.4801 -16.1111 -2.4112 0.9336
-1.9827 -17.5577 -2.5036 0.9311
-1.3599 -17.7316 -2.5198 0.9307
1.2234 -18.2122 -2.5863 0.9289
2.5602 -18.3153 -2.6203 0.9280
4.6029 -18.2860 -2.6718 0.9267
5.9788 -18.1385 -2.7060 0.9257
9.4047 -17.3006 -2.7901 0.9235
10.7447 -16.7732 -2.8224 0.9227
11.4031 -16.4681 -2.8381 0.9223
13.3161 -15.3880 -2.8833 0.9211
13.9285 -14.9738 -2.8976 0.9207
15.1072 -14.0665 -2.9248 0.9200
16.2154 -13.0574 -2.9498 0.9193
16.7398 -12.5163 -2.9615 0.9190
17.2425 -11.9519 -2.9726 0.9187
18.6090 -10.1278 -3.0019 0.9180
19.0134 -9.4796 -3.0103 0.9177
19.3904 -8.8133 -3.0179 0.9176
20.3473 -6.7179 -3.0361 0.9171
20.6056 -5.9920 -3.0405 0.9170
20.8321 -5.2547 -3.0441 0.9169
21.0265 -4.5076 -3.0469 0.9168
21.1882 -3.7523 -3.0489 0.9167
21.3168 -2.9904 -3.0499 0.9167
21.4953 0.0912 -3.0457 0.9168
21.3826 1.6293 -3.0385 0.9170
21.1373 3.1483 -3.0280 0.9173
20.7628 4.6356 -3.0143 0.9176
20.5285 5.3638 -3.0063 0.9179
20.2638 6.0795 -2.9976 0.9181
19.6467 7.4687 -2.9781 0.9186
18.0877 10.0439 -2.9314 0.9198
17.6365 10.6390 -2.9184 0.9202
16.1541 12.2935 -2.8763 0.9213
15.6212 12.7989 -2.8614 0.9217
14.5047 13.7370 -2.8306 0.9225
13.9237 14.1689 -2.8147 0.9229
12.1047 15.3116 -2.7655 0.9242
11.4773 15.6408 -2.7488 0.9246
10.8413 15.9441 -2.7319 0.9251
9.5487 16.4725 -2.6978 0.9260
8.2362 16.8975 -2.6635 0.9269
7.5752 17.0715 -2.6463 0.9273
6.9124 17.2201 -2.6291 0.9278
6.2489 17.3437 -2.6121 0.9282
2.4886 7.7711 -1.1562 0.9676
4.6239 16.4502 -2.4211 0.9333
3.3879 16.5254 -2.3902 0.9341
2.7800 16.5619 -2.3795 0.9344
2.1700 16.5464 -2.3645 0.9348
1.5647 16.5097 -2.3497 0.9352
0.1474 6.4933 -0.9203 0.9741
-1.0400 6.5771 -0.9435 0.9735
-1.5305 6.5772 -0.9568 0.9731
-1.7817 6.5772 -0.9655 0.9728
-2.0378 6.5772 -0.9756 0.9726
-2.2996 6.5772 -0.9872 0.9722
-2.5681 6.5773 -1.0004 0.9719
-2.8443 6.5773 -1.0153 0.9715
-3.1291 6.5773 -1.0320 0.9710
-3.4239 6.5774 -1.0506 0.9705
-3.7299 6.5774 -1.0714 0.9699
-4.3819 6.5775 -1.1198 0.9686
-4.7314 6.5776 -1.1480 0.9678
-5.4137 6.4879 -1.1973 0.9664
-6.8089 6.5721 -1.3408 0.9625
-8.4688 6.5725 -1.5189 0.9576
-9.1275 6.5726 -1.5937 0.9556
-9.8555 6.5728 -1.6785 0.9533
-10.5303 6.4892 -1.7526 0.9513
-12.6081 6.5713 -2.0145 0.9442
-14.3507 4.4540 -2.1290 0.9411
-14.6088 3.4072 -2.1255 0.9412
-14.8026 2.3483 -2.1236 0.9412
-14.8751 1.8151 -2.1233 0.9413
-14.9714 0.7434 -2.1239 0.9412
-14.9950 0.2056 -2.1248 0.9412
-15.0022 -0.3330 -2.1262 0.9412
-14.9930 -0.8720 -2.1279 0.9411
-14.9253 -1.9498 -2.1327 0.9410
-14.8671 -2.4878 -2.1357 0.9409
-14.7913 -3.0247 -2.1391 0.9408
-14.6996 -3.5601 -2.1430 0.9407
-14.1662 -5.6784 -2.1625 0.9402
-13.1394 -5.8226 -2.0363 0.9436
-12.7639 -6.7908 -2.0485 0.9433
-12.5528 -7.2683 -2.0552 0.9431
-11.6696 -10.6612 -2.2396 0.9381
-10.9726 -11.5743 -2.2598 0.9376
-10.5998 -12.0172 -2.2704 0.9373
-8.9499 -13.6844 -2.3168 0.9361
-4.6979 -7.7791 -1.2876 0.9640
-8.0318 -14.4474 -2.3421 0.9354
-6.5434 -15.4906 -2.3826 0.9343
-6.0186 -15.8087 -2.3968 0.9339
-4.9282 -16.3970 -2.4260 0.9332
-4.3632 -16.6659 -2.4410 0.9328
-3.1961 -17.1498 -2.4718 0.9319
-0.7271 -17.8846 -2.5362 0.9302
-0.0853 -18.0161 -2.5527 0.9298
0.5652 -18.1255 -2.5694 0.9294
1.2234 -18.2122 -2.5863 0.9289
3.2370 -18.3305 -2.6374 0.9276
3.9182 -18.3209 -2.6546 0.9271
6.6678 -18.0251 -2.7231 0.9253
8.0424 -17.7175 -2.7569 0.9244
9.4047 -17.3006 -2.7901 0.9235
10.7447 -16.7732 -2.8224 0.9227
11.4031 -16.4681 -2.8381 0.9223
12.0520 -16.1354 -2.8536 0.9219
13.3161 -15.3880 -2.8833 0.9211
13.9285 -14.9738 -2.8976 0.9207
16.2154 -13.0574 -2.9498 0.9193
16.7398 -12.5163 -2.9615 0.9190
17.2425 -11.9519 -2.9726 0.9187
19.0134 -9.4796 -3.0103 0.9177
20.0582 -7.4310 -3.0308 0.9172
20.8321 -5.2547 -3.0441 0.9169
21.3168 -2.9904 -3.0499 0.9167
21.5013 -0.6810 -3.0480 0.9168
21.4953 0.0912 -3.0457 0.9168
21.4557 0.8618 -3.0425 0.9169
20.7627 4.6357 -3.0143 0.9176
20.5285 5.3638 -3.0063 0.9179
19.6467 7.4687 -2.9781 0.9186
18.9186 8.7933 -2.9560 0.9192
18.5154 9.4283 -2.9440 0.9195
18.0877 10.0439 -2.9314 0.9198
17.6364 10.6391 -2.9184 0.9202
17.1630 11.2129 -2.9048 0.9205
16.1541 12.2935 -2.8763 0.9213
15.0709 13.2802 -2.8461 0.9221
14.5047 13.7370 -2.8306 0.9225
13.3291 14.5754 -2.7985 0.9233
12.1047 15.3116 -2.7655 0.9242
10.8413 15.9441 -2.7319 0.9251
10.1981 16.2213 -2.7149 0.9255
9.5487 16.4725 -2.6978 0.9260
8.8944 16.6979 -2.6806 0.9264
8.2362 16.8975 -2.6635 0.9269
7.5751 17.0715 -2.6463 0.9273
6.9124 17.2201 -2.6291 0.9278
6.2489 17.3437 -2.6121 0.9282
4.6239 16.4502 -2.4211 0.9333
4.0042 16.4975 -2.4054 0.9337
3.3878 16.5254 -2.3902 0.9341
2.7800 16.5619 -2.3795 0.9344
1.5647 16.5097 -2.3497 0.9352
0.1474 6.4933 -0.9203 0.9741
-0.3233 6.5771 -0.9330 0.9737
-0.5605 6.5771 -0.9353 0.9737
-1.0400 6.5771 -0.9435 0.9735
-1.2836 6.5771 -0.9495 0.9733
-1.5305 6.5772 -0.9568 0.9731
-1.7817 6.5772 -0.9655 0.9728
-2.5681 6.5773 -1.0004 0.9719
-2.8443 6.5773 -1.0153 0.9715
-3.1291 6.5773 -1.0320 0.9710
-3.4239 6.5774 -1.0506 0.9705
-3.7300 6.5774 -1.0714 0.9699
-4.0487 6.5775 -1.0944 0.9693
-4.7314 6.5776 -1.1480 0.9678
-5.0979 6.5756 -1.1789 0.9669
-5.4137 6.4879 -1.1973 0.9664
-5.8966 6.5719 -1.2510 0.9650
-6.3369 6.5720 -1.2935 0.9638
-7.3174 6.5722 -1.3936 0.9610
-7.8683 6.5723 -1.4526 0.9594
-9.8555 6.5728 -1.6785 0.9533
-10.5303 6.4892 -1.7526 0.9513
-12.6081 6.5713 -2.0145 0.9442
-12.8116 6.1029 -2.0107 0.9443
-13.1741 5.1515 -2.0043 0.9445
-13.4158 4.6981 -2.0141 0.9442
-14.4878 3.9323 -2.1270 0.9412
-14.6088 3.4072 -2.1255 0.9412
-14.7138 2.8791 -2.1243 0.9412
-14.8026 2.3482 -2.1236 0.9412
-14.8751 1.8151 -2.1233 0.9413
-14.9714 0.7434 -2.1239 0.9412
-14.9950 0.2056 -2.1248 0.9412
-15.0022 -0.3330 -2.1262 0.9412
-14.6996 -3.5601 -2.1430 0.9407
-14.5911 -4.0936 -2.1472 0.9406
-14.4662 -4.6247 -2.1519 0.9405
-12.9595 -6.3088 -2.0422 0.9434
-12.3260 -7.7407 -2.0623 0.9429
-12.0836 -8.2077 -2.0697 0.9427
-11.8256 -8.6688 -2.0775 0.9425
-11.6696 -10.6612 -2.2396 0.9381
-10.5998 -12.0172 -2.2704 0.9373
-10.2110 -12.4502 -2.2815 0.9370
-8.9499 -13.6844 -2.3168 0.9361
-7.5503 -14.8093 -2.3553 0.9350
-6.5434 -15.4906 -2.3826 0.9343
-6.0186 -15.8087 -2.3968 0.9339
-4.3632 -16.6659 -2.4410 0.9328
-3.7857 -16.9170 -2.4562 0.9324
-2.5949 -17.3636 -2.4876 0.9315
0.5652 -18.1255 -2.5694 0.9294
1.2234 -18.2122 -2.5863 0.9289
1.8887 -18.2756 -2.6033 0.9285
2.5602 -18.3153 -2.6203 0.9280
3.9182 -18.3209 -2.6546 0.9271
5.2901 -18.2253 -2.6889 0.9262
5.9788 -18.1385 -2.7060 0.9257
8.0424 -17.7175 -2.7569 0.9244
9.4047 -17.3006 -2.7901 0.9235
10.0781 -17.0508 -2.8064 0.9231
10.7447 -16.7732 -2.8224 0.9227
11.4031 -16.4681 -2.8381 0.9223
12.6902 -15.7752 -2.8686 0.9215
13.3162 -15.3879 -2.8833 0.9211
11.7216 -12.6013 -2.8352 0.9326
12.2152 -12.2212 -2.8466 0.9323
12.6947 -11.8202 -2.8575 0.9321
14.8451 -9.5199 -2.9052 0.9310
15.2189 -9.0055 -2.9132 0.9308
15.9029 -7.9288 -2.9274 0.9305
16.4968 -6.7946 -2.9391 0.9302
16.7581 -6.2085 -2.9441 0.9301
16.9948 -5.6110 -2.9483 0.9300
17.2062 -5.0035 -2.9520 0.9299
17.5517 -3.7627 -2.9571 0.9298
17.6848 -3.1319 -2.9587 0.9298
17.7911 -2.4958 -2.9596 0.9298
17.9469 -0.5684 -2.9580 0.9298
17.9143 0.7195 -2.9536 0.9299
17.8571 1.3606 -2.9503 0.9300
17.3622 3.8764 -2.9307 0.9304
16.9605 5.0884 -2.9171 0.9307
16.1770 6.8240 -2.8924 0.9313
15.8704 7.3765 -2.8831 0.9315
15.1937 8.4369 -2.8630 0.9320
14.8253 8.9432 -2.8523 0.9322
11.7709 11.9782 -2.7666 0.9342
10.7428 12.6291 -2.7314 0.9350
10.2609 12.9793 -2.7257 0.9351
9.7380 13.2706 -2.7116 0.9354
9.2071 13.5405 -2.6975 0.9358
8.1246 14.0157 -2.6688 0.9364
7.5750 14.2210 -2.6544 0.9368
5.5444 13.8121 -2.4519 0.9414
5.0170 13.9244 -2.4382 0.9418
2.4866 7.7647 -1.3431 0.9675
3.4332 14.1451 -2.3979 0.9427
2.9111 14.1997 -2.3879 0.9429
2.3865 14.2176 -2.3750 0.9432
1.3457 14.1978 -2.3494 0.9438
0.1474 6.4936 -1.0700 0.9740
-0.0858 6.4936 -1.0698 0.9740
-0.3192 6.4936 -1.0710 0.9740
-1.5306 6.5775 -1.1125 0.9730
-2.2997 6.5776 -1.1479 0.9721
-2.8444 6.5777 -1.1806 0.9714
-3.1293 6.5777 -1.2000 0.9709
-5.0998 6.5781 -1.3712 0.9668
-5.4141 6.4884 -1.3921 0.9663
-6.8094 6.5725 -1.5591 0.9624
-7.3180 6.5727 -1.6204 0.9609
-8.4695 6.5730 -1.7661 0.9575
-9.8563 6.5734 -1.9517 0.9531
-10.8713 6.1722 -2.0595 0.9506
-11.4150 4.9431 -2.0492 0.9508
-12.6067 3.9127 -2.1745 0.9479
-12.8361 2.9938 -2.1714 0.9480
-12.9292 2.5299 -2.1703 0.9480
-13.0078 2.0635 -2.1697 0.9480
-13.0717 1.5951 -2.1694 0.9480
-13.1211 1.1249 -2.1695 0.9480
-13.1558 0.6533 -2.1700 0.9480
-13.1759 0.1807 -2.1708 0.9480
-13.1812 -0.2926 -2.1720 0.9480
-13.1718 -0.7661 -2.1736 0.9479
-13.0549 -2.1847 -2.1806 0.9478
-12.8047 -3.5924 -2.1909 0.9475
-12.4210 -4.9789 -2.2045 0.9472
-12.2634 -5.4345 -2.2098 0.9471
-11.8626 -5.7749 -2.1735 0.9479
-11.1794 -5.9478 -2.0861 0.9500
-10.3395 -7.5793 -2.1119 0.9494
-9.2826 -9.1130 -2.1430 0.9486
-9.5678 -10.0924 -2.2910 0.9452
-9.2371 -10.4723 -2.3004 0.9450
-8.8928 -10.8428 -2.3102 0.9447
-8.5348 -11.2036 -2.3202 0.9445
-8.1634 -11.5541 -2.3306 0.9443
-7.7789 -11.8939 -2.3412 0.9440
-6.9710 -12.5392 -2.3635 0.9435
-5.2077 -13.6785 -2.4112 0.9424
-4.7378 -13.9289 -2.4237 0.9421
-4.2571 -14.1643 -2.4365 0.9418
-3.7659 -14.3845 -2.4496 0.9415
-3.2647 -14.5887 -2.4628 0.9412
-2.7538 -14.7766 -2.4762 0.9409
-2.2339 -14.9476 -2.4898 0.9406
-1.7053 -15.1012 -2.5036 0.9403
-0.0732 -15.4530 -2.5457 0.9393
2.1877 -15.6506 -2.6033 0.9379
2.7634 -15.6488 -2.6179 0.9376
3.3418 -15.6258 -2.6324 0.9373
3.9220 -15.5811 -2.6469 0.9369
4.5033 -15.5147 -2.6614 0.9366
6.2443 -15.1819 -2.7043 0.9356
7.9614 -14.6455 -2.7461 0.9347
8.5238 -14.4211 -2.7597 0.9343
9.0796 -14.1739 -2.7730 0.9340
11.7216 -12.6013 -2.8352 0.9326
12.2152 -12.2212 -2.8466 0.9323
12.6947 -11.8202 -2.8575 0.9321
13.6073 -10.9573 -2.8781 0.9316
14.4513 -10.0171 -2.8967 0.9312
14.8451 -9.5199 -2.9052 0.9310
15.2189 -9.0055 -2.9132 0.9308
15.5717 -8.4748 -2.9206 0.9307
16.4967 -6.7946 -2.9391 0.9302
16.7581 -6.2085 -2.9441 0.9301
16.9948 -5.6110 -2.9483 0.9300
17.3920 -4.3870 -2.9549 0.9299
17.7911 -2.4958 -2.9596 0.9298
17.8703 -1.8557 -2.9598 0.9298
17.9469 -0.5684 -2.9580 0.9298
17.9443 0.0761 -2.9561 0.9298
17.9143 0.7196 -2.9536 0.9299
17.3622 3.8764 -2.9307 0.9304
17.1738 4.4872 -2.9242 0.9306
16.4614 6.2578 -2.9012 0.9311
15.8704 7.3765 -2.8831 0.9315
15.1937 8.4369 -2.8630 0.9320
14.8253 8.9432 -2.8523 0.9322
14.0328 9.9043 -2.8295 0.9327
13.6105 10.3577 -2.8176 0.9330
12.7188 11.2076 -2.7927 0.9336
11.7709 11.9782 -2.7666 0.9342
11.2783 12.3328 -2.7532 0.9345
9.7380 13.2706 -2.7116 0.9354
9.2070 13.5405 -2.6975 0.9358
8.6689 13.7889 -2.6832 0.9361
7.0211 14.4046 -2.6399 0.9371
6.4638 14.5668 -2.6254 0.9374
5.5444 13.8121 -2.4519 0.9414
5.0170 13.9244 -2.4382 0.9418
3.9605 14.0899 -2.4111 0.9424
3.4332 14.1451 -2.3979 0.9427
2.3865 14.2176 -2.3750 0.9432
0.8305 14.1587 -2.3365 0.9441
-0.5606 6.5774 -1.0875 0.9736
-1.2836 6.5775 -1.1040 0.9732
-1.5306 6.5775 -1.1125 0.9730
-1.7818 6.5775 -1.1226 0.9728
-2.0379 6.5776 -1.1344 0.9725
-2.2997 6.5776 -1.1479 0.9721
-2.5682 6.5776 -1.1633 0.9718
-2.8444 6.5777 -1.1806 0.9714
-3.1293 6.5777 -1.2000 0.9709
-3.7302 6.5778 -1.2457 0.9698
-4.7317 6.5780 -1.3349 0.9677
-5.4141 6.4884 -1.3921 0.9663
-5.8969 6.5723 -1.4546 0.9648
-7.3180 6.5727 -1.6204 0.9609
-7.8689 6.5728 -1.6891 0.9593
-8.4695 6.5730 -1.7661 0.9575
-9.1283 6.5732 -1.8531 0.9554
-10.6640 6.5715 -2.0636 0.9505
-11.4150 4.9431 -2.0492 0.9508
-12.4704 4.3670 -2.1767 0.9478
-12.8361 2.9938 -2.1714 0.9480
-12.9292 2.5299 -2.1703 0.9480
-13.0078 2.0635 -2.1697 0.9480
-13.0717 1.5951 -2.1694 0.9480
-13.1211 1.1249 -2.1695 0.9480
-13.1558 0.6533 -2.1700 0.9480
-13.1759 0.1807 -2.1708 0.9480
-13.1477 -1.2395 -2.1755 0.9479
-13.1087 -1.7125 -2.1779 0.9478
-12.6916 -4.0574 -2.1950 0.9474
-12.4210 -4.9789 -2.2045 0.9472
-12.2635 -5.4345 -2.2098 0.9471
-11.8626 -5.7749 -2.1735 0.9479
-10.9900 -6.3634 -2.0921 0.9498
-10.7868 -6.7741 -2.0984 0.9497
-10.3395 -7.5793 -2.1119 0.9494
-10.0954 -7.9729 -2.1192 0.9492
-9.8379 -8.3600 -2.1268 0.9490
-8.5348 -11.2036 -2.3202 0.9445
-8.1634 -11.5541 -2.3306 0.9443
-7.7789 -11.8939 -2.3412 0.9440
-4.6919 -7.7691 -1.4952 0.9639
-6.5482 -12.8437 -2.3750 0.9432
-5.6662 -13.4139 -2.3989 0.9427
-5.2076 -13.6785 -2.4112 0.9424
-4.2571 -14.1643 -2.4365 0.9418
-3.7659 -14.3845 -2.4496 0.9415
-0.0731 -15.4530 -2.5457 0.9393
0.4843 -15.5324 -2.5600 0.9389
1.6154 -15.6316 -2.5888 0.9383
2.1877 -15.6506 -2.6033 0.9379
3.9220 -15.5811 -2.6469 0.9369
4.5033 -15.5147 -2.6614 0.9366
5.0847 -15.4262 -2.6758 0.9363
6.2443 -15.1819 -2.7043 0.9356
6.8206 -15.0259 -2.7184 0.9353
7.3933 -14.8471 -2.7324 0.9350
7.9614 -14.6455 -2.7461 0.9347
9.0796 -14.1739 -2.7730 0.9340
9.6277 -13.9040 -2.7861 0.9337
10.6965 -13.2968 -2.8113 0.9332
11.2150 -12.9599 -2.8234 0.9329
12.2152 -12.2212 -2.8466 0.9323
13.1591 -11.3987 -2.8680 0.9319
14.0384 -10.4965 -2.8876 0.9314
14.4513 -10.0171 -2.8967 0.9312
14.8451 -9.5199 -2.9052 0.9310
15.5717 -8.4748 -2.9206 0.9307
16.4967 -6.7946 -2.9391 0.9302
16.7581 -6.2084 -2.9441 0.9301
17.3920 -4.3870 -2.9549 0.9299
17.5517 -3.7627 -2.9571 0.9298
17.8703 -1.8557 -2.9598 0.9298
17.9223 -1.2128 -2.9592 0.9298
17.9469 -0.5684 -2.9580 0.9298
17.9443 0.0761 -2.9561 0.9298
17.9143 0.7196 -2.9536 0.9299
17.8571 1.3606 -2.9503 0.9300
17.7730 1.9981 -2.9464 0.9301
17.1738 4.4872 -2.9242 0.9306
16.7227 5.6790 -2.9094 0.9309
16.4614 6.2578 -2.9012 0.9311
16.1770 6.8240 -2.8924 0.9313
15.8704 7.3765 -2.8831 0.9315
14.0327 9.9043 -2.8295 0.9327
13.6105 10.3577 -2.8176 0.9330
13.1722 10.7923 -2.8053 0.9333
12.7188 11.2076 -2.7927 0.9336
12.2514 11.6030 -2.7798 0.9339
11.7709 11.9782 -2.7666 0.9342
11.2783 12.3328 -2.7532 0.9345
10.7428 12.6291 -2.7314 0.9350
10.2609 12.9793 -2.7257 0.9351
9.7380 13.2706 -2.7116 0.9354
8.6689 13.7889 -2.6832 0.9361
8.1246 14.0157 -2.6688 0.9364
7.5750 14.2210 -2.6544 0.9368
7.0211 14.4046 -2.6399 0.9371
6.4638 14.5668 -2.6254 0.9374
5.5444 13.8121 -2.4519 0.9414
3.9605 14.0899 -2.4111 0.9424
2.9111 14.1996 -2.3879 0.9429
2.3865 14.2176 -2.3750 0.9432
0.8305 14.1587 -2.3365 0.9441
0.1474 6.4936 -1.0700 0.9740
-0.0858 6.4936 -1.0698 0.9740
-0.5606 6.5774 -1.0875 0.9736
-0.7993 6.5775 -1.0915 0.9735
-1.0401 6.5775 -1.0970 0.9734
-1.5306 6.5775 -1.1125 0.9730
-2.2997 6.5776 -1.1479 0.9721
-2.5682 6.5776 -1.1633 0.9718
-2.8444 6.5777 -1.1806 0.9714
-3.7302 6.5778 -1.2457 0.9698
-4.0490 6.5779 -1.2725 0.9692
-4.7317 6.5780 -1.3349 0.9677
-5.0998 6.5781 -1.3712 0.9668
-6.3373 6.5724 -1.5041 0.9637
-7.8689 6.5728 -1.6891 0.9593
-8.4695 6.5730 -1.7661 0.9575
-9.1283 6.5732 -1.8531 0.9554
-9.8564 6.5734 -1.9517 0.9531
-10.6640 6.5715 -2.0636 0.9505
-10.8713 6.1722 -2.0595 0.9506
-11.2469 5.3576 -2.0523 0.9508
-11.9869 4.6872 -2.1203 0.9492
-13.0078 2.0635 -2.1697 0.9480
-13.1211 1.1248 -2.1695 0.9480
-13.1812 -0.2926 -2.1720 0.9480
-13.1477 -1.2395 -2.1755 0.9479
-13.0549 -2.1847 -2.1806 0.9478
-12.5637 -4.5197 -2.1996 0.9473
-12.4210 -4.9789 -2.2045 0.9472
-12.2635 -5.4345 -2.2098 0.9471
-10.9900 -6.3634 -2.0921 0.9498
-10.5699 -7.1795 -2.1050 0.9495
-10.3395 -7.5793 -2.1119 0.9494
-9.8379 -8.3600 -2.1268 0.9490
-9.2826 -9.1130 -2.1430 0.9486
-9.5678 -10.0924 -2.2910 0.9452
-9.2371 -10.4723 -2.3004 0.9450
-8.8928 -10.8428 -2.3102 0.9447
-8.1634 -11.5541 -2.3306 0.9443
-7.7789 -11.8939 -2.3412 0.9440
-6.9710 -12.5392 -2.3635 0.9435
-6.1131 -13.1355 -2.3868 0.9430
-5.2076 -13.6785 -2.4112 0.9424
-3.2647 -14.5887 -2.4628 0.9412
-2.7538 -14.7766 -2.4762 0.9409
-2.2338 -14.9476 -2.4898 0.9406
-0.0731 -15.4530 -2.5457 0.9393
1.0474 -15.5920 -2.5744 0.9386
3.9221 -15.5811 -2.6469 0.9369
4.5033 -15.5147 -2.6614 0.9366
6.8206 -15.0259 -2.7184 0.9353
7.3934 -14.8471 -2.7324 0.9350
7.9614 -14.6455 -2.7461 0.9347
8.5239 -14.4211 -2.7597 0.9343
9.6277 -13.9040 -2.7861 0.9337
10.6965 -13.2968 -2.8113 0.9332
11.7216 -12.6013 -2.8352 0.9326
12.6947 -11.8202 -2.8575 0.9321
13.1591 -11.3987 -2.8680 0.9319
13.6074 -10.9572 -2.8781 0.9316
15.2189 -9.0055 -2.9132 0.9308
15.5718 -8.4748 -2.9206 0.9307
16.2115 -7.3684 -2.9336 0.9304
16.4968 -6.7946 -2.9391 0.9302
17.6848 -3.1319 -2.9587 0.9298
17.7911 -2.4958 -2.9596 0.9298
17.8703 -1.8556 -2.9598 0.9298
17.9469 -0.5684 -2.9580 0.9298
17.9443 0.0761 -2.9561 0.9298
17.9143 0.7196 -2.9536 0.9299
17.8571 1.3606 -2.9503 0.9300
17.6623 2.6307 -2.9418 0.9302
17.5253 3.2572 -2.9365 0.9303
17.3622 3.8765 -2.9307 0.9304
16.4614 6.2578 -2.9012 0.9311
16.1770 6.8240 -2.8924 0.9313
15.8704 7.3765 -2.8831 0.9315
15.5424 7.9144 -2.8733 0.9317
15.1937 8.4369 -2.8630 0.9320
14.8253 8.9432 -2.8523 0.9322
14.4380 9.4326 -2.8411 0.9325
13.6105 10.3577 -2.8176 0.9330
13.1722 10.7923 -2.8053 0.9333
12.7188 11.2076 -2.7927 0.9336
11.7709 11.9782 -2.7666 0.9342
11.2783 12.3329 -2.7532 0.9345
10.7428 12.6292 -2.7314 0.9350
10.2609 12.9793 -2.7257 0.9351
9.7380 13.2706 -2.7116 0.9354
8.1246 14.0157 -2.6688 0.9364
7.5750 14.2210 -2.6544 0.9368
5.0170 13.9244 -2.4382 0.9418
3.9605 14.0899 -2.4111 0.9424
1.8645 14.2169 -2.3621 0.9435
1.3456 14.1978 -2.3494 0.9438
0.1474 6.4936 -1.0700 0.9740
-0.0858 6.4936 -1.0698 0.9740
-0.3192 6.4936 -1.0710 0.9740
-0.5606 6.5774 -1.0875 0.9736
-0.7993 6.5775 -1.0915 0.9735
-1.2836 6.5775 -1.1040 0.9732
-1.7818 6.5775 -1.1226 0.9728
-2.2997 6.5776 -1.1479 0.9721
-2.5682 6.5776 -1.1633 0.9718
-2.8444 6.5777 -1.1806 0.9714
-3.1293 6.5777 -1.2000 0.9709
-3.7302 6.5778 -1.2457 0.9698
-4.0490 6.5779 -1.2725 0.9692
-5.0998 6.5781 -1.3712 0.9668
-5.4141 6.4884 -1.3921 0.9663
-5.8970 6.5723 -1.4546 0.9648
-7.8689 6.5728 -1.6891 0.9593
-8.4695 6.5730 -1.7661 0.9575
-9.1283 6.5732 -1.8531 0.9554
-9.8564 6.5734 -1.9517 0.9531
-11.2469 5.3576 -2.0523 0.9508
-11.4150 4.9430 -2.0492 0.9508
-12.4704 4.3670 -2.1767 0.9478
-12.6067 3.9127 -2.1745 0.9479
-13.1759 0.1807 -2.1708 0.9480
-13.1812 -0.2926 -2.1720 0.9480
-13.1477 -1.2396 -2.1755 0.9479
-13.0549 -2.1847 -2.1806 0.9478
-12.9863 -2.6556 -2.1836 0.9477
-12.9029 -3.1250 -2.1871 0.9476
-12.6916 -4.0574 -2.1950 0.9474
-12.5637 -4.5197 -2.1996 0.9473
-12.2634 -5.4345 -2.2098 0.9471
-11.8626 -5.7749 -2.1735 0.9479
-11.1794 -5.9478 -2.0861 0.9500
-10.9900 -6.3634 -2.0921 0.9498
-10.7868 -6.7741 -2.0984 0.9497
-10.5699 -7.1795 -2.1050 0.9495
-10.0954 -7.9729 -2.1192 0.9492
-9.8379 -8.3600 -2.1268 0.9490
-9.5669 -8.7402 -2.1347 0.9488
-9.2826 -9.1130 -2.1430 0.9486
-9.2371 -10.4723 -2.3004 0.9450
-8.8928 -10.8428 -2.3102 0.9447
-7.7789 -11.8939 -2.3412 0.9440
-4.6919 -7.7691 -1.4952 0.9639
-6.5481 -12.8437 -2.3750 0.9432
-5.2076 -13.6785 -2.4112 0.9424
-3.7659 -14.3845 -2.4496 0.9415
-2.7538 -14.7766 -2.4762 0.9409
-2.2338 -14.9476 -2.4898 0.9406
-1.7052 -15.1012 -2.5036 0.9403
-0.6243 -15.3544 -2.5316 0.9396
-0.0731 -15.4530 -2.5457 0.9393
0.4843 -15.5324 -2.5600 0.9389
1.0474 -15.5920 -2.5744 0.9386
1.6155 -15.6316 -2.5889 0.9383
2.7634 -15.6488 -2.6179 0.9376
5.6654 -15.3153 -2.6901 0.9359
6.2444 -15.1819 -2.7043 0.9356
7.3934 -14.8471 -2.7324 0.9350
9.0796 -14.1739 -2.7730 0.9340
11.2151 -12.9599 -2.8234 0.9329
10.5280 -10.5332 -2.7992 0.9412
11.3296 -9.8140 -2.8174 0.9408
11.7098 -9.4293 -2.8259 0.9406
12.0752 -9.0287 -2.8340 0.9405
12.4249 -8.6126 -2.8416 0.9403
13.6527 -6.8069 -2.8674 0.9398
14.1545 -5.8299 -2.8773 0.9396
14.5754 -4.8122 -2.8850 0.9394
14.9113 -3.7613 -2.8905 0.9393
15.1596 -2.6847 -2.8937 0.9393
15.2500 -2.1393 -2.8945 0.9392
15.3847 -0.4873 -2.8932 0.9393
15.3601 0.6170 -2.8894 0.9394
14.9032 3.3274 -2.8702 0.9397
14.7461 3.8529 -2.8647 0.9399
13.6541 6.3463 -2.8301 0.9406
13.3782 6.8124 -2.8218 0.9407
12.7739 7.7058 -2.8040 0.9411
12.1045 8.5433 -2.7848 0.9415
11.7470 8.9396 -2.7746 0.9417
10.9907 9.6848 -2.7534 0.9421
10.5935 10.0328 -2.7424 0.9423
9.7647 10.6777 -2.7197 0.9428
9.3349 10.9740 -2.7080 0.9430
8.4482 11.5130 -2.6841 0.9435
7.5312 11.9793 -2.6596 0.9440
6.1126 12.5407 -2.6223 0.9448
5.2885 11.9182 -2.4508 0.9483
4.8339 12.0420 -2.4390 0.9486
4.3772 12.1485 -2.4271 0.9488
2.4845 7.7583 -1.5312 0.9674
3.4606 12.3115 -2.4038 0.9493
2.0886 12.4431 -2.3715 0.9499
1.1793 12.4425 -2.3492 0.9504
0.7283 12.4160 -2.3377 0.9506
0.2808 12.3739 -2.3264 0.9509
-0.0858 6.4939 -1.2207 0.9739
-0.3192 6.4939 -1.2221 0.9739
-0.7993 6.5778 -1.2455 0.9734
-1.0401 6.5778 -1.2517 0.9733
-2.2998 6.5779 -1.3098 0.9720
-2.8446 6.5780 -1.3471 0.9713
-3.1295 6.5781 -1.3692 0.9708
-3.4243 6.5781 -1.3939 0.9703
-3.7304 6.5782 -1.4214 0.9697
-5.1001 6.5785 -1.5646 0.9667
-5.4144 6.4888 -1.5885 0.9662
-6.8099 6.5730 -1.7790 0.9622
-7.3185 6.5732 -1.8490 0.9608
-7.8696 6.5734 -1.9273 0.9591
-8.4702 6.5736 -2.0153 0.9573
-9.6766 5.4939 -2.0915 0.9557
-10.0147 4.7706 -2.0850 0.9559
-11.1090 3.8903 -2.2124 0.9532
-11.3412 3.0783 -2.2088 0.9533
-11.5917 1.8389 -2.2060 0.9534
-11.7236 0.5822 -2.2063 0.9533
-11.7450 -0.2607 -2.2081 0.9533
-11.7130 -1.1043 -2.2113 0.9532
-11.6769 -1.5255 -2.2135 0.9532
-11.6274 -1.9458 -2.2159 0.9532
-11.5646 -2.3649 -2.2187 0.9531
-11.3986 -3.1979 -2.2252 0.9530
-11.1793 -4.0217 -2.2331 0.9528
-10.9066 -4.8332 -2.2423 0.9526
-10.5809 -5.6294 -2.2528 0.9524
-9.3855 -6.3750 -2.1326 0.9549
-8.9573 -7.0741 -2.1454 0.9546
-8.7253 -7.4146 -2.1522 0.9545
-8.4814 -7.7485 -2.1593 0.9543
-7.3901 -9.0106 -2.1904 0.9537
-7.2165 -10.2139 -2.3507 0.9504
-6.8729 -10.5087 -2.3602 0.9502
-4.9920 -11.8178 -2.4113 0.9491
-4.1690 -12.2564 -2.4333 0.9487
-3.7436 -12.4557 -2.4446 0.9484
-3.3096 -12.6411 -2.4561 0.9482
-2.4169 -12.9686 -2.4796 0.9477
-1.4946 -13.2356 -2.5036 0.9472
-1.0235 -13.3454 -2.5158 0.9470
0.4233 -13.5757 -2.5529 0.9462
1.4099 -13.6430 -2.5780 0.9457
2.4084 -13.6386 -2.6032 0.9452
2.9104 -13.6088 -2.6158 0.9449
3.4133 -13.5603 -2.6283 0.9447
3.9165 -13.4929 -2.6408 0.9444
4.4190 -13.4065 -2.6533 0.9442
4.9202 -13.3008 -2.6656 0.9439
6.4076 -12.8676 -2.7019 0.9432
7.3776 -12.4818 -2.7253 0.9427
7.8535 -12.2599 -2.7366 0.9425
8.7830 -11.7587 -2.7587 0.9420
9.2348 -11.4798 -2.7693 0.9418
9.6768 -11.1824 -2.7796 0.9416
10.1082 -10.8667 -2.7896 0.9414
10.5280 -10.5331 -2.7992 0.9412
12.0752 -9.0287 -2.8340 0.9405
12.4249 -8.6126 -2.8416 0.9403
13.6527 -6.8069 -2.8674 0.9398
13.9135 -6.3239 -2.8726 0.9397
14.3753 -5.3257 -2.8815 0.9395
14.5754 -4.8122 -2.8850 0.9394
14.7541 -4.2904 -2.8881 0.9394
15.0466 -3.2257 -2.8924 0.9393
15.1596 -2.6847 -2.8937 0.9393
15.3178 -1.5906 -2.8946 0.9392
15.3627 -1.0396 -2.8942 0.9393
15.3847 -0.4873 -2.8932 0.9393
15.3838 0.0652 -2.8916 0.9393
15.2443 1.7138 -2.8834 0.9395
15.1527 2.2569 -2.8795 0.9396
14.9032 3.3274 -2.8702 0.9397
14.7461 3.8529 -2.8647 0.9399
14.5679 4.3706 -2.8588 0.9400
14.3691 4.8797 -2.8523 0.9401
14.1501 5.3792 -2.8454 0.9402
13.9116 5.8683 -2.8380 0.9404
12.7740 7.7058 -2.8040 0.9411
12.1044 8.5433 -2.7848 0.9415
11.3755 9.3203 -2.7642 0.9419
9.7647 10.6777 -2.7197 0.9428
9.3349 10.9740 -2.7080 0.9430
7.9931 11.7553 -2.6719 0.9438
7.5312 11.9793 -2.6596 0.9440
7.0633 12.1849 -2.6473 0.9443
6.1126 12.5407 -2.6223 0.9448
5.2885 11.9182 -2.4508 0.9483
4.3772 12.1485 -2.4271 0.9488
3.4606 12.3115 -2.4038 0.9493
2.0886 12.4431 -2.3715 0.9499
1.1793 12.4425 -2.3492 0.9504
0.7283 12.4160 -2.3377 0.9506
0.2808 12.3739 -2.3264 0.9509
-0.0858 6.4939 -1.2207 0.9739
-0.5606 6.5778 -1.2408 0.9735
-0.7993 6.5778 -1.2455 0.9734
-1.0401 6.5778 -1.2517 0.9733
-2.0380 6.5779 -1.2944 0.9724
-2.2999 6.5779 -1.3098 0.9720
-2.8446 6.5780 -1.3471 0.9713
-3.7304 6.5782 -1.4214 0.9697
-4.0492 6.5783 -1.4519 0.9690
-5.4145 6.4888 -1.5885 0.9662
-7.3185 6.5732 -1.8490 0.9608
-9.2917 6.1968 -2.0992 0.9556
-9.4899 5.8480 -2.0952 0.9556
-10.0147 4.7706 -2.0850 0.9559
-11.1090 3.8903 -2.2124 0.9532
-11.2316 3.4859 -2.2104 0.9533
-11.3412 3.0783 -2.2088 0.9533
-11.5214 2.2544 -2.2066 0.9533
-11.5917 1.8389 -2.2060 0.9534
-11.7409 0.1610 -2.2070 0.9533
-11.7357 -0.6826 -2.2096 0.9533
-11.6769 -1.5255 -2.2135 0.9532
-11.5646 -2.3649 -2.2187 0.9531
-11.4883 -2.7824 -2.2218 0.9530
-11.2956 -3.6111 -2.2290 0.9529
-11.1793 -4.0217 -2.2331 0.9528
-9.9847 -5.7812 -2.1686 0.9541
-9.3855 -6.3750 -2.1326 0.9549
-8.9573 -7.0741 -2.1454 0.9546
-8.2258 -8.0755 -2.1667 0.9542
-7.9586 -8.3951 -2.1743 0.9540
-7.6800 -8.7069 -2.1822 0.9538
-7.3901 -9.0106 -2.1904 0.9537
-7.5487 -9.9092 -2.3414 0.9506
-6.8729 -10.5087 -2.3602 0.9502
-5.7759 -11.3289 -2.3902 0.9496
-3.3096 -12.6411 -2.4561 0.9482
-1.9593 -13.1099 -2.4915 0.9475
-1.4946 -13.2356 -2.5036 0.9472
-1.0235 -13.3454 -2.5158 0.9470
-0.0639 -13.5158 -2.5405 0.9465
0.4233 -13.5757 -2.5529 0.9462
0.9148 -13.6182 -2.5655 0.9460
1.9080 -13.6500 -2.5906 0.9454
2.4084 -13.6386 -2.6032 0.9452
3.9165 -13.4929 -2.6408 0.9444
4.4190 -13.4065 -2.6533 0.9442
4.9202 -13.3008 -2.6656 0.9439
5.4192 -13.1758 -2.6778 0.9437
6.4076 -12.8676 -2.7019 0.9432
7.3776 -12.4818 -2.7253 0.9427
7.8535 -12.2599 -2.7366 0.9425
8.7830 -11.7587 -2.7587 0.9420
9.2348 -11.4798 -2.7693 0.9418
10.5280 -10.5331 -2.7992 0.9412
10.9354 -10.1821 -2.8085 0.9410
12.0752 -9.0286 -2.8340 0.9405
12.4249 -8.6125 -2.8416 0.9403
12.7583 -8.1816 -2.8488 0.9402
13.3728 -7.2781 -2.8617 0.9399
13.9135 -6.3239 -2.8726 0.9397
14.1545 -5.8299 -2.8773 0.9396
14.3753 -5.3257 -2.8815 0.9395
14.5754 -4.8122 -2.8850 0.9394
14.9113 -3.7612 -2.8905 0.9393
15.0466 -3.2257 -2.8924 0.9393
15.1596 -2.6847 -2.8937 0.9393
15.3627 -1.0396 -2.8942 0.9393
15.3847 -0.4873 -2.8932 0.9393
15.3838 0.0653 -2.8916 0.9393
15.2443 1.7138 -2.8834 0.9395
15.1527 2.2569 -2.8795 0.9396
14.7461 3.8529 -2.8647 0.9399
14.3691 4.8797 -2.8523 0.9401
13.9116 5.8683 -2.8380 0.9404
13.3782 6.8124 -2.8218 0.9407
13.0846 7.2657 -2.8131 0.9409
12.4470 8.1318 -2.7946 0.9413
12.1044 8.5433 -2.7848 0.9415
10.1846 10.3639 -2.7312 0.9426
8.8958 11.2525 -2.6961 0.9433
8.4482 11.5130 -2.6841 0.9435
7.9931 11.7553 -2.6719 0.9438
7.0633 12.1849 -2.6473 0.9443
6.5902 12.3720 -2.6348 0.9445
6.1126 12.5407 -2.6223 0.9448
5.2885 11.9182 -2.4508 0.9483
4.3772 12.1485 -2.4271 0.9488
2.4845 7.7583 -1.5312 0.9674
3.4606 12.3115 -2.4038 0.9493
2.5460 12.4190 -2.3828 0.9497
2.0886 12.4431 -2.3715 0.9499
1.1793 12.4425 -2.3492 0.9504
0.2808 12.3739 -2.3264 0.9509
-0.7993 6.5778 -1.2455 0.9734
-1.0401 6.5778 -1.2517 0.9733
-1.5307 6.5779 -1.2694 0.9729
-1.7819 6.5779 -1.2809 0.9726
-2.0380 6.5779 -1.2944 0.9724
-2.5684 6.5780 -1.3273 0.9717
-3.1295 6.5781 -1.3692 0.9708
-3.4243 6.5781 -1.3939 0.9703
-3.7304 6.5782 -1.4214 0.9697
-4.0492 6.5783 -1.4519 0.9690
-4.3824 6.5784 -1.4857 0.9683
-4.7320 6.5784 -1.5231 0.9676
-5.1001 6.5785 -1.5646 0.9667
-5.8974 6.5728 -1.6598 0.9647
-6.8099 6.5730 -1.7790 0.9622
-8.4702 6.5736 -2.0153 0.9573
-9.2917 6.1968 -2.0992 0.9556
-9.4899 5.8480 -2.0952 0.9556
-9.8516 5.1346 -2.0881 0.9558
-10.0147 4.7706 -2.0850 0.9559
-10.9735 4.2910 -2.2147 0.9532
-11.1090 3.8903 -2.2124 0.9532
-11.2316 3.4859 -2.2104 0.9533
-11.3412 3.0783 -2.2088 0.9533
-11.5214 2.2544 -2.2066 0.9533
-11.6489 1.4215 -2.2058 0.9534
-11.7130 -1.1043 -2.2113 0.9532
-11.6769 -1.5255 -2.2135 0.9532
-11.6274 -1.9458 -2.2159 0.9532
-11.5646 -2.3649 -2.2187 0.9531
-11.3986 -3.1979 -2.2252 0.9530
-11.2956 -3.6111 -2.2290 0.9529
-11.1793 -4.0217 -2.2331 0.9528
-9.9847 -5.7812 -2.1686 0.9541
-9.5815 -6.0172 -2.1266 0.9550
-9.1775 -6.7275 -2.1388 0.9547
-8.7253 -7.4146 -2.1522 0.9545
-7.9586 -8.3951 -2.1743 0.9540
-6.8729 -10.5087 -2.3602 0.9502
-6.1523 -11.0666 -2.3799 0.9498
-5.7759 -11.3289 -2.3902 0.9496
-5.3890 -11.5794 -2.4006 0.9493
-4.9920 -11.8178 -2.4113 0.9491
-4.5852 -12.0436 -2.4222 0.9489
-2.8671 -12.8122 -2.4678 0.9480
-0.0639 -13.5158 -2.5405 0.9465
0.4233 -13.5757 -2.5529 0.9462
0.9148 -13.6182 -2.5655 0.9460
1.4099 -13.6430 -2.5780 0.9457
2.9105 -13.6088 -2.6158 0.9449
4.4190 -13.4065 -2.6533 0.9442
5.4192 -13.1758 -2.6778 0.9437
5.9153 -13.0314 -2.6899 0.9434
6.4077 -12.8676 -2.7019 0.9432
7.3776 -12.4818 -2.7253 0.9427
7.8535 -12.2599 -2.7366 0.9425
8.7830 -11.7587 -2.7587 0.9420
9.2348 -11.4798 -2.7693 0.9418
10.9354 -10.1821 -2.8085 0.9410
11.3297 -9.8140 -2.8174 0.9408
12.4249 -8.6125 -2.8416 0.9403
12.7583 -8.1816 -2.8488 0.9402
13.3728 -7.2780 -2.8617 0.9399
14.1546 -5.8299 -2.8773 0.9396
14.7541 -4.2904 -2.8881 0.9394
14.9113 -3.7612 -2.8905 0.9393
15.0466 -3.2257 -2.8924 0.9393
15.2500 -2.1393 -2.8945 0.9392
15.3847 -0.4873 -2.8932 0.9393
15.3601 0.6170 -2.8894 0.9394
15.3135 1.1668 -2.8867 0.9394
15.2443 1.7138 -2.8834 0.9395
15.1527 2.2569 -2.8795 0.9396
15.0389 2.7951 -2.8751 0.9396
14.7461 3.8529 -2.8647 0.9399
14.5679 4.3706 -2.8588 0.9400
14.3691 4.8797 -2.8523 0.9401
14.1501 5.3792 -2.8454 0.9402
13.9116 5.8683 -2.8380 0.9404
13.6541 6.3464 -2.8301 0.9406
12.7739 7.7058 -2.8040 0.9411
12.4470 8.1318 -2.7946 0.9413
11.7470 8.9396 -2.7746 0.9417
9.7647 10.6777 -2.7197 0.9428
8.4482 11.5130 -2.6841 0.9435
7.0633 12.1849 -2.6473 0.9443
6.5901 12.3720 -2.6348 0.9445
4.8338 12.0420 -2.4390 0.9486
4.3772 12.1485 -2.4271 0.9488
-0.0858 6.4939 -1.2207 0.9739
-0.3192 6.4939 -1.2221 0.9739
-1.2837 6.5778 -1.2597 0.9731
-1.7819 6.5779 -1.2809 0.9726
-2.0380 6.5779 -1.2944 0.9724
-2.2999 6.5779 -1.3098 0.9720
-2.8446 6.5780 -1.3471 0.9713
-3.1295 6.5781 -1.3692 0.9708
-3.4243 6.5781 -1.3939 0.9703
-4.0492 6.5783 -1.4519 0.9690
-4.3824 6.5784 -1.4857 0.9683
-5.1001 6.5785 -1.5646 0.9667
-5.4145 6.4888 -1.5885 0.9662
-5.8974 6.5728 -1.6598 0.9647
-6.3378 6.5729 -1.7162 0.9635
-8.4702 6.5736 -2.0153 0.9573
-9.0819 6.5397 -2.1036 0.9555
-9.4899 5.8480 -2.0952 0.9556
-9.6766 5.4938 -2.0915 0.9557
-10.0147 4.7706 -2.0850 0.9559
-11.1090 3.8903 -2.2124 0.9532
-11.2316 3.4859 -2.2104 0.9533
-11.4378 2.6677 -2.2076 0.9533
-11.5214 2.2544 -2.2066 0.9533
-11.5917 1.8389 -2.2060 0.9534
-11.6929 1.0024 -2.2059 0.9534
-11.7235 0.5821 -2.2063 0.9533
-11.7450 -0.2607 -2.2081 0.9533
-11.7130 -1.1043 -2.2113 0.9532
-11.6769 -1.5255 -2.2135 0.9532
-11.5646 -2.3649 -2.2187 0.9531
-11.4883 -2.7824 -2.2218 0.9530
-10.9066 -4.8332 -2.2423 0.9526
-10.5809 -5.6294 -2.2528 0.9524
-9.3855 -6.3750 -2.1326 0.9549
-9.1775 -6.7275 -2.1388 0.9547
-8.9573 -7.0741 -2.1454 0.9546
-8.7253 -7.4146 -2.1522 0.9545
-8.4814 -7.7486 -2.1593 0.9543
-8.2258 -8.0755 -2.1667 0.9542
-7.9586 -8.3951 -2.1743 0.9540
-7.2165 -10.2139 -2.3507 0.9504
-6.8729 -10.5087 -2.3602 0.9502
-4.6858 -7.7591 -1.7037 0.9638
-5.7758 -11.3289 -2.3902 0.9496
-3.3096 -12.6411 -2.4561 0.9482
-1.9592 -13.1099 -2.4915 0.9475
-1.0234 -13.3454 -2.5158 0.9470
-0.5464 -13.4390 -2.5281 0.9467
-0.0639 -13.5158 -2.5405 0.9465
1.4099 -13.6430 -2.5780 0.9457
1.9081 -13.6500 -2.5906 0.9454
3.4134 -13.5603 -2.6283 0.9447
4.4190 -13.4065 -2.6533 0.9442
4.9202 -13.3008 -2.6656 0.9439
5.9153 -13.0314 -2.6899 0.9434
7.3776 -12.4818 -2.7253 0.9427
7.8535 -12.2599 -2.7366 0.9425
8.3223 -12.0188 -2.7478 0.9422
8.7830 -11.7587 -2.7587 0.9420
9.2348 -11.4798 -2.7693 0.9418
9.9365 -8.6072 -2.7788 0.9477
10.2662 -8.2668 -2.7862 0.9475
10.5827 -7.9127 -2.7931 0.9474
10.8856 -7.5455 -2.7997 0.9473
11.4477 -6.7740 -2.8117 0.9471
11.7058 -6.3708 -2.8171 0.9470
12.1732 -5.5330 -2.8265 0.9468
12.3816 -5.0997 -2.8305 0.9467
12.7454 -4.2081 -2.8372 0.9466
13.0361 -3.2883 -2.8419 0.9465
13.1533 -2.8198 -2.8435 0.9465
13.4286 -0.9087 -2.8450 0.9465
13.0406 2.9115 -2.8244 0.9468
12.9062 3.3721 -2.8197 0.9469
12.3950 4.7120 -2.8030 0.9472
11.7308 5.9735 -2.7826 0.9476
11.4778 6.3735 -2.7751 0.9477
11.2097 6.7622 -2.7673 0.9479
10.6312 7.5034 -2.7506 0.9482
10.0000 8.1932 -2.7327 0.9485
9.6662 8.5177 -2.7233 0.9487
9.3213 8.8280 -2.7138 0.9489
8.9659 9.1238 -2.7039 0.9490
8.6007 9.4048 -2.6939 0.9492
7.4527 10.1563 -2.6628 0.9498
7.0551 10.3756 -2.6522 0.9500
6.6509 10.5791 -2.6414 0.9502
6.2411 10.7665 -2.6305 0.9504
5.4715 10.2718 -2.4601 0.9535
5.0778 10.4176 -2.4497 0.9537
2.4571 7.6726 -1.7030 0.9676
3.0711 10.9259 -2.3990 0.9547
2.6657 10.9827 -2.3889 0.9548
1.8551 11.0520 -2.3689 0.9552
1.4511 11.0648 -2.3589 0.9554
1.0485 11.0626 -2.3489 0.9556
0.6479 11.0450 -2.3387 0.9558
0.2499 11.0134 -2.3286 0.9560
-0.0858 6.4943 -1.3729 0.9738
-0.3192 6.4943 -1.3744 0.9738
-0.5606 6.5781 -1.3955 0.9734
-0.7993 6.5781 -1.4007 0.9733
-1.2837 6.5782 -1.4167 0.9730
-2.0381 6.5783 -1.4557 0.9722
-2.3000 6.5783 -1.4730 0.9719
-2.5685 6.5784 -1.4928 0.9715
-2.8447 6.5784 -1.5150 0.9711
-3.4245 6.5785 -1.5677 0.9701
-5.1004 6.5790 -1.7596 0.9665
-5.8977 6.5732 -1.8667 0.9645
-6.8104 6.5735 -2.0008 0.9620
-7.7594 6.4813 -2.1371 0.9595
-8.3615 5.5764 -2.1245 0.9597
-8.5416 5.2636 -2.1208 0.9598
-9.0169 4.6996 -2.1493 0.9593
-9.7494 4.2218 -2.2458 0.9575
-9.8841 3.8650 -2.2434 0.9575
-10.2180 2.7734 -2.2380 0.9576
-10.3057 2.4036 -2.2369 0.9577
-10.3813 2.0314 -2.2360 0.9577
-10.5363 0.9033 -2.2353 0.9577
-10.5821 -0.2349 -2.2374 0.9576
-10.5518 -0.9948 -2.2403 0.9576
-10.4146 -2.1297 -2.2470 0.9575
-10.3446 -2.5054 -2.2498 0.9574
-10.2622 -2.8791 -2.2530 0.9574
-10.0612 -3.6194 -2.2602 0.9572
-9.9427 -3.9853 -2.2642 0.9572
-9.8117 -4.3480 -2.2685 0.9571
-9.5143 -5.0619 -2.2781 0.9569
-9.1694 -5.7584 -2.2887 0.9567
-8.5158 -5.7843 -2.1761 0.9588
-8.2432 -6.0426 -2.1605 0.9591
-7.1364 -7.5277 -2.1926 0.9585
-6.6215 -8.0735 -2.2071 0.9582
-6.0673 -8.5874 -2.2226 0.9579
-4.8139 -10.3437 -2.4116 0.9544
-4.4571 -10.5516 -2.4212 0.9542
-2.5536 -11.4109 -2.4717 0.9533
-1.3290 -11.7693 -2.5036 0.9527
-0.9096 -11.8605 -2.5144 0.9525
-0.4854 -11.9371 -2.5254 0.9523
0.8112 -12.0764 -2.5585 0.9517
1.2496 -12.0917 -2.5696 0.9515
1.6901 -12.0912 -2.5807 0.9513
2.5752 -12.0414 -2.6029 0.9509
3.9036 -11.8428 -2.6358 0.9503
4.3439 -11.7431 -2.6466 0.9501
4.7819 -11.6265 -2.6574 0.9499
5.2169 -11.4929 -2.6679 0.9497
6.4965 -10.9911 -2.6988 0.9491
6.9122 -10.7904 -2.7087 0.9490
7.3212 -10.5730 -2.7184 0.9488
7.7228 -10.3393 -2.7279 0.9486
8.8760 -9.5421 -2.7547 0.9481
9.5945 -8.9335 -2.7711 0.9478
11.4477 -6.7740 -2.8117 0.9471
11.7058 -6.3708 -2.8171 0.9470
11.9478 -5.9569 -2.8220 0.9469
12.1732 -5.5330 -2.8265 0.9468
12.3816 -5.0997 -2.8305 0.9467
12.5725 -4.6578 -2.8341 0.9467
12.7454 -4.2081 -2.8372 0.9466
12.9001 -3.7513 -2.8398 0.9466
13.0362 -3.2882 -2.8419 0.9465
13.2513 -2.3467 -2.8446 0.9465
13.3299 -1.8700 -2.8453 0.9465
13.4485 -0.4260 -2.8442 0.9465
13.4291 0.5394 -2.8409 0.9465
12.7535 3.8263 -2.8145 0.9470
12.5830 4.2731 -2.8090 0.9471
11.4778 6.3735 -2.7751 0.9477
10.3218 7.8550 -2.7418 0.9484
9.3213 8.8280 -2.7138 0.9489
8.9659 9.1238 -2.7039 0.9490
8.6007 9.4048 -2.6939 0.9492
7.8434 9.9213 -2.6734 0.9496
7.0550 10.3756 -2.6522 0.9500
6.6509 10.5791 -2.6414 0.9502
5.4715 10.2718 -2.4601 0.9535
5.0778 10.4176 -2.4497 0.9537
4.6806 10.5483 -2.4393 0.9539
2.7589 7.6571 -1.7204 0.9673
3.0711 10.9259 -2.3990 0.9547
2.6657 10.9827 -2.3889 0.9548
1.8551 11.0520 -2.3689 0.9552
1.4511 11.0648 -2.3589 0.9554
0.2499 11.0134 -2.3286 0.9560
-1.0402 6.5782 -1.4078 0.9731
-1.2837 6.5782 -1.4167 0.9730
-2.0381 6.5783 -1.4557 0.9722
-2.5685 6.5784 -1.4928 0.9715
-2.8447 6.5784 -1.5150 0.9711
-3.1297 6.5785 -1.5399 0.9707
-4.7323 6.5789 -1.7130 0.9674
-5.4148 6.4892 -1.7865 0.9660
-5.8978 6.5732 -1.8667 0.9645
-6.3382 6.5734 -1.9302 0.9634
-6.8104 6.5735 -2.0008 0.9620
-7.7594 6.4813 -2.1371 0.9595
-7.9703 6.1856 -2.1326 0.9596
-8.3615 5.5764 -2.1245 0.9597
-9.8841 3.8650 -2.2434 0.9575
-10.1185 3.1405 -2.2395 0.9576
-10.3057 2.4036 -2.2369 0.9577
-10.5363 0.9033 -2.2353 0.9577
-10.5637 0.5246 -2.2357 0.9577
-10.5821 -0.2349 -2.2374 0.9576
-10.5518 -0.9948 -2.2403 0.9576
-10.4726 -1.7525 -2.2445 0.9575
-10.4146 -2.1297 -2.2470 0.9575
-10.2622 -2.8791 -2.2530 0.9574
-9.9426 -3.9853 -2.2642 0.9572
-9.8117 -4.3480 -2.2685 0.9571
-8.5158 -5.7843 -2.1760 0.9588
-8.0430 -6.3520 -2.1664 0.9590
-7.8321 -6.6556 -2.1726 0.9589
-7.6106 -6.9529 -2.1790 0.9587
-7.1364 -7.5277 -2.1926 0.9585
-6.6215 -8.0735 -2.2071 0.9582
-6.0673 -8.5874 -2.2226 0.9579
-4.6797 -7.7489 -1.9135 0.9637
-5.5008 -9.8947 -2.3930 0.9548
-5.1619 -10.1246 -2.4022 0.9546
-3.3376 -11.1047 -2.4510 0.9537
-2.9491 -11.2643 -2.4613 0.9535
-2.5536 -11.4109 -2.4717 0.9533
-2.1514 -11.5441 -2.4822 0.9531
-1.3290 -11.7693 -2.5036 0.9527
-0.4854 -11.9371 -2.5254 0.9523
-0.0568 -11.9988 -2.5363 0.9521
0.3756 -12.0454 -2.5474 0.9519
0.8112 -12.0764 -2.5585 0.9517
1.2496 -12.0917 -2.5696 0.9515
1.6901 -12.0912 -2.5807 0.9513
3.4616 -11.9257 -2.6249 0.9505
4.3440 -11.7431 -2.6466 0.9501
4.7819 -11.6264 -2.6574 0.9499
5.6482 -11.3425 -2.6784 0.9495
6.0749 -11.1752 -2.6887 0.9493
6.4965 -10.9911 -2.6988 0.9491
7.3212 -10.5730 -2.7184 0.9488
7.7228 -10.3393 -2.7279 0.9486
9.5945 -8.9335 -2.7711 0.9478
10.2662 -8.2668 -2.7862 0.9475
11.1741 -7.1657 -2.8059 0.9472
11.7058 -6.3708 -2.8171 0.9470
11.9478 -5.9569 -2.8220 0.9469
12.5725 -4.6578 -2.8341 0.9467
12.7455 -4.2081 -2.8372 0.9466
13.0362 -3.2882 -2.8419 0.9465
13.2513 -2.3467 -2.8446 0.9465
13.4484 -0.4259 -2.8442 0.9465
13.4486 0.0570 -2.8428 0.9465
13.4291 0.5394 -2.8409 0.9465
13.3900 1.0203 -2.8386 0.9466
13.3314 1.4987 -2.8357 0.9466
13.2535 1.9740 -2.8324 0.9467
13.1565 2.4452 -2.8286 0.9468
13.0406 2.9115 -2.8244 0.9468
12.9062 3.3722 -2.8197 0.9469
12.5830 4.2731 -2.8090 0.9471
12.3950 4.7120 -2.8030 0.9472
12.1900 5.1421 -2.7966 0.9473
11.7309 5.9735 -2.7826 0.9476
11.4778 6.3735 -2.7751 0.9477
10.9273 7.1390 -2.7591 0.9480
10.6312 7.5034 -2.7506 0.9482
10.3218 7.8550 -2.7418 0.9484
9.9999 8.1932 -2.7327 0.9485
9.6663 8.5177 -2.7233 0.9487
9.3213 8.8280 -2.7138 0.9489
8.9659 9.1238 -2.7039 0.9490
8.2263 9.6708 -2.6837 0.9494
7.8434 9.9213 -2.6734 0.9496
7.4527 10.1564 -2.6628 0.9498
7.0550 10.3756 -2.6522 0.9500
6.2411 10.7665 -2.6305 0.9504
2.4571 7.6726 -1.7030 0.9676
2.6657 10.9827 -2.3889 0.9548
2.2602 11.0247 -2.3789 0.9550
1.4511 11.0648 -2.3589 0.9554
1.0485 11.0626 -2.3489 0.9556
0.2499 11.0134 -2.3286 0.9560
-0.5606 6.5781 -1.3955 0.9734
-0.7993 6.5781 -1.4007 0.9733
-1.2837 6.5782 -1.4167 0.9730
-1.7820 6.5782 -1.4406 0.9725
-2.0381 6.5783 -1.4557 0.9722
-2.5685 6.5784 -1.4928 0.9715
-3.1297 6.5785 -1.5399 0.9707
-3.4245 6.5785 -1.5677 0.9701
-4.7323 6.5789 -1.7130 0.9674
-6.3382 6.5734 -1.9302 0.9634
-7.7594 6.4813 -2.1371 0.9595
-7.9703 6.1856 -2.1326 0.9596
-8.1710 5.8838 -2.1284 0.9597
-8.3615 5.5764 -2.1245 0.9597
-8.7112 4.9457 -2.1174 0.9599
-9.0169 4.6996 -2.1493 0.9593
-9.6030 4.5745 -2.2484 0.9574
-9.7494 4.2218 -2.2458 0.9575
-10.1185 3.1405 -2.2395 0.9576
-10.3057 2.4036 -2.2369 0.9577
-10.4967 1.2808 -2.2353 0.9577
-10.5363 0.9032 -2.2353 0.9577
-10.5637 0.5245 -2.2357 0.9577
-10.5790 0.1450 -2.2364 0.9577
-10.5821 -0.2349 -2.2374 0.9576
-10.5730 -0.6150 -2.2387 0.9576
-10.5518 -0.9948 -2.2403 0.9576
-10.5183 -1.3741 -2.2423 0.9576
-10.4726 -1.7525 -2.2445 0.9575
-9.6690 -4.7070 -2.2731 0.9570
-9.3477 -5.4125 -2.2833 0.9568
-8.5158 -5.7843 -2.1760 0.9588
-8.0430 -6.3520 -2.1664 0.9590
-7.8321 -6.6556 -2.1726 0.9589
-7.3787 -7.2438 -2.1857 0.9586
-6.8839 -7.8044 -2.1998 0.9583
-6.6215 -8.0735 -2.2071 0.9582
-6.3492 -8.3347 -2.2147 0.9581
-6.0673 -8.5874 -2.2226 0.9579
-5.1619 -10.1246 -2.4022 0.9546
-4.8139 -10.3437 -2.4116 0.9544
-4.4571 -10.5516 -2.4212 0.9542
-3.7186 -10.9325 -2.4409 0.9539
-3.3376 -11.1047 -2.4510 0.9537
-2.5536 -11.4109 -2.4717 0.9533
-1.3290 -11.7693 -2.5036 0.9527
-0.9096 -11.8605 -2.5144 0.9525
-0.4854 -11.9371 -2.5254 0.9523
-0.0568 -11.9988 -2.5363 0.9521
0.8112 -12.0764 -2.5585 0.9517
1.2496 -12.0917 -2.5696 0.9515
2.1322 -12.0744 -2.5918 0.9511
2.5752 -12.0414 -2.6029 0.9509
3.0186 -11.9918 -2.6139 0.9507
4.7819 -11.6264 -2.6574 0.9499
6.0749 -11.1752 -2.6887 0.9493
6.4965 -10.9911 -2.6988 0.9491
6.9122 -10.7904 -2.7087 0.9490
7.3212 -10.5730 -2.7184 0.9488
7.7228 -10.3393 -2.7279 0.9486
8.5009 -9.8235 -2.7460 0.9483
8.8760 -9.5421 -2.7547 0.9481
9.5945 -8.9335 -2.7711 0.9478
10.5828 -7.9127 -2.7931 0.9474
10.8856 -7.5455 -2.7997 0.9473
11.7058 -6.3708 -2.8171 0.9470
11.9478 -5.9569 -2.8220 0.9469
12.3816 -5.0997 -2.8305 0.9467
12.9001 -3.7513 -2.8398 0.9466
13.1533 -2.8198 -2.8435 0.9465
13.3891 -1.3903 -2.8454 0.9465
13.4286 -0.9087 -2.8450 0.9465
13.4484 -0.4259 -2.8442 0.9465
13.3900 1.0203 -2.8386 0.9466
13.2535 1.9740 -2.8324 0.9467
13.1565 2.4452 -2.8286 0.9468
13.0406 2.9116 -2.8244 0.9468
12.9062 3.3722 -2.8197 0.9469
12.3950 4.7120 -2.8030 0.9472
11.9685 5.5629 -2.7898 0.9475
11.7308 5.9735 -2.7826 0.9476
11.4778 6.3735 -2.7751 0.9477
11.2097 6.7622 -2.7673 0.9479
10.9273 7.1390 -2.7591 0.9480
10.6312 7.5034 -2.7506 0.9482
10.3218 7.8550 -2.7418 0.9484
9.9999 8.1932 -2.7327 0.9485
9.3213 8.8280 -2.7138 0.9489
8.9659 9.1238 -2.7039 0.9490
7.0550 10.3756 -2.6522 0.9500
6.6509 10.5791 -2.6414 0.9502
5.0778 10.4176 -2.4497 0.9537
4.2806 10.6637 -2.4289 0.9541
2.7588 7.6571 -1.7204 0.9673
3.0711 10.9259 -2.3990 0.9547
2.6657 10.9827 -2.3889 0.9548
2.2602 11.0247 -2.3789 0.9550
1.8551 11.0520 -2.3689 0.9552
1.0485 11.0626 -2.3489 0.9556
-1.2837 6.5782 -1.4167 0.9730
-1.7820 6.5782 -1.4406 0.9725
-2.3000 6.5783 -1.4731 0.9719
-2.5685 6.5784 -1.4928 0.9715
-2.8447 6.5784 -1.5150 0.9711
-3.1297 6.5785 -1.5399 0.9707
-3.7306 6.5786 -1.5986 0.9696
-4.3827 6.5788 -1.6709 0.9682
-4.7323 6.5789 -1.7130 0.9674
-5.4148 6.4892 -1.7865 0.9660
-6.3383 6.5734 -1.9302 0.9634
-7.7594 6.4813 -2.1371 0.9595
-7.9703 6.1856 -2.1326 0.9596
-8.3615 5.5764 -2.1245 0.9597
-8.7112 4.9457 -2.1174 0.9599
-9.8841 3.8650 -2.2434 0.9575
-10.0072 3.5044 -2.2413 0.9576
-10.1185 3.1405 -2.2395 0.9576
-10.2180 2.7734 -2.2380 0.9576
-10.3057 2.4036 -2.2369 0.9577
-10.3813 2.0313 -2.2360 0.9577
-10.4450 1.6570 -2.2355 0.9577
-10.5790 0.1450 -2.2364 0.9577
-10.5821 -0.2349 -2.2374 0.9576
-10.5730 -0.6150 -2.2387 0.9576
-10.5183 -1.3741 -2.2423 0.9576
-10.4726 -1.7526 -2.2445 0.9575
-10.4146 -2.1298 -2.2470 0.9575
-10.3446 -2.5054 -2.2498 0.9574
-10.1678 -3.2506 -2.2564 0.9573
-10.0612 -3.6194 -2.2602 0.9572
-9.9426 -3.9853 -2.2642 0.9572
-9.3478 -5.4125 -2.2833 0.9568
-8.0430 -6.3520 -2.1664 0.9590
-7.8321 -6.6556 -2.1726 0.9589
-7.3786 -7.2438 -2.1857 0.9586
-7.1364 -7.5277 -2.1926 0.9585
-6.8839 -7.8044 -2.1998 0.9583
-6.0673 -8.5874 -2.2226 0.9579
-5.7760 -8.8315 -2.2306 0.9578
-5.5008 -9.8947 -2.3930 0.9548
-4.4571 -10.5516 -2.4212 0.9542
-4.0919 -10.7480 -2.4310 0.9541
-3.7186 -10.9325 -2.4409 0.9539
-2.1514 -11.5441 -2.4822 0.9531
-1.3290 -11.7693 -2.5036 0.9527
-0.9096 -11.8605 -2.5144 0.9525
-0.4854 -11.9371 -2.5254 0.9523
0.3756 -12.0454 -2.5474 0.9519
1.2496 -12.0917 -2.5696 0.9515
1.6902 -12.0911 -2.5807 0.9513
2.1322 -12.0744 -2.5918 0.9511
2.5752 -12.0414 -2.6029 0.9509
3.0186 -11.9918 -2.6139 0.9507
4.3440 -11.7431 -2.6466 0.9501
6.4965 -10.9911 -2.6988 0.9491
7.3212 -10.5730 -2.7184 0.9488
7.7228 -10.3393 -2.7279 0.9486
8.1163 -10.0894 -2.7371 0.9484
8.2254 -8.2294 -2.7346 0.9533
9.1297 -7.3517 -2.7549 0.9530
9.6754 -6.7067 -2.7668 0.9528
9.9294 -6.3676 -2.7723 0.9527
10.3973 -5.6586 -2.7821 0.9525
10.6101 -5.2900 -2.7864 0.9525
10.8084 -4.9126 -2.7903 0.9524
11.3117 -3.7347 -2.7997 0.9522
11.6707 -2.5020 -2.8052 0.9521
11.7571 -2.0822 -2.8062 0.9521
11.9331 0.0506 -2.8046 0.9521
11.9166 0.4786 -2.8029 0.9522
11.8324 1.3302 -2.7984 0.9523
11.7649 1.7522 -2.7955 0.9523
11.6804 2.1709 -2.7922 0.9524
11.5796 2.5853 -2.7885 0.9524
11.1800 3.7967 -2.7749 0.9526
11.0156 4.1876 -2.7697 0.9527
10.2118 5.6705 -2.7452 0.9531
9.9764 6.0182 -2.7383 0.9533
9.7282 6.3556 -2.7310 0.9534
9.1955 6.9978 -2.7158 0.9536
8.9119 7.3018 -2.7078 0.9538
8.6178 7.5938 -2.6995 0.9539
8.3135 7.8735 -2.6910 0.9540
7.3456 8.6354 -2.6645 0.9545
6.6604 9.0766 -2.6459 0.9548
4.8983 9.1957 -2.4487 0.9581
4.5478 9.3303 -2.4395 0.9582
2.7401 7.6050 -1.8998 0.9673
2.7561 9.8052 -2.3937 0.9590
1.3045 9.9469 -2.3578 0.9596
0.5829 9.9372 -2.3395 0.9599
0.2249 9.9131 -2.3304 0.9601
-0.0858 6.4946 -1.5265 0.9737
-0.3192 6.4946 -1.5282 0.9736
-0.7994 6.5785 -1.5575 0.9731
-1.5308 6.5786 -1.5874 0.9726
-2.0382 6.5786 -1.6186 0.9721
-2.3001 6.5787 -1.6379 0.9718
-5.1008 6.5794 -1.9566 0.9664
-5.4152 6.4897 -1.9865 0.9659
-5.8982 6.5737 -2.0757 0.9644
-6.4108 6.6485 -2.1706 0.9628
-6.6304 6.3998 -2.1658 0.9628
-7.5940 5.0646 -2.1453 0.9632
-7.7588 4.7812 -2.1419 0.9632
-8.2589 4.6890 -2.2321 0.9617
-8.5820 4.4729 -2.2745 0.9610
-8.7265 4.1570 -2.2717 0.9611
-8.8604 3.8369 -2.2693 0.9611
-9.0964 3.1855 -2.2652 0.9612
-9.1983 2.8549 -2.2635 0.9612
-9.2893 2.5213 -2.2622 0.9612
-9.3694 2.1852 -2.2611 0.9612
-9.4385 1.8469 -2.2603 0.9613
-9.4966 1.5065 -2.2598 0.9613
-9.5796 0.8212 -2.2597 0.9613
-9.6181 0.1319 -2.2607 0.9612
-9.6205 -0.2135 -2.2616 0.9612
-9.6118 -0.5590 -2.2628 0.9612
-9.5918 -0.9043 -2.2643 0.9612
-9.5606 -1.2490 -2.2661 0.9612
-9.5182 -1.5928 -2.2681 0.9611
-9.4646 -1.9354 -2.2704 0.9611
-9.3998 -2.2765 -2.2730 0.9610
-9.3238 -2.6158 -2.2759 0.9610
-9.2367 -2.9529 -2.2791 0.9609
-9.1385 -3.2875 -2.2825 0.9609
-9.0292 -3.6193 -2.2862 0.9608
-8.9089 -3.9479 -2.2902 0.9608
-8.6354 -4.5943 -2.2989 0.9606
-7.3247 -5.7848 -2.1936 0.9624
-6.8958 -6.2999 -2.1952 0.9623
-6.4623 -6.8167 -2.2076 0.9621
-6.2318 -7.0651 -2.2141 0.9620
-5.4872 -7.7663 -2.2349 0.9617
-5.2219 -7.9843 -2.2422 0.9616
-4.6669 -8.3948 -2.2574 0.9613
-4.3777 -8.5866 -2.2652 0.9612
-3.7772 -8.9419 -2.2814 0.9609
-3.4663 -9.1048 -2.2897 0.9608
-3.3530 -9.8575 -2.4471 0.9581
-2.2996 -10.2762 -2.4749 0.9577
-0.8177 -10.6628 -2.5134 0.9570
-0.0510 -10.7776 -2.5330 0.9567
0.7280 -10.8377 -2.5528 0.9563
2.3070 -10.7870 -2.5925 0.9557
3.0982 -10.6740 -2.6122 0.9554
3.4924 -10.5952 -2.6219 0.9552
4.2745 -10.3927 -2.6410 0.9549
4.6613 -10.2690 -2.6505 0.9547
5.0446 -10.1304 -2.6597 0.9546
5.4235 -9.9768 -2.6688 0.9544
5.7975 -9.8085 -2.6778 0.9543
6.1660 -9.6256 -2.6866 0.9541
6.5283 -9.4280 -2.6952 0.9540
6.8838 -9.2161 -2.7035 0.9538
7.2320 -8.9901 -2.7117 0.9537
7.9034 -8.4964 -2.7272 0.9534
8.2254 -8.2294 -2.7346 0.9533
8.8392 -7.6567 -2.7484 0.9531
9.6754 -6.7067 -2.7668 0.9528
9.9294 -6.3675 -2.7723 0.9527
10.3973 -5.6586 -2.7821 0.9525
10.6101 -5.2900 -2.7864 0.9525
10.8084 -4.9126 -2.7903 0.9524
11.1596 -4.1343 -2.7970 0.9523
11.4478 -3.3289 -2.8019 0.9522
11.7572 -2.0821 -2.8062 0.9521
11.8790 -1.2335 -2.8069 0.9521
11.9323 -0.3779 -2.8058 0.9521
11.8830 0.9054 -2.8009 0.9522
11.8324 1.3302 -2.7984 0.9523
11.6804 2.1709 -2.7922 0.9524
11.5796 2.5853 -2.7885 0.9524
11.4623 2.9949 -2.7843 0.9525
11.3290 3.3989 -2.7798 0.9526
11.1800 3.7967 -2.7749 0.9526
10.6421 4.9464 -2.7581 0.9529
8.9119 7.3018 -2.7078 0.9538
8.3135 7.8735 -2.6910 0.9540
7.6768 8.3945 -2.6735 0.9543
7.0066 8.8628 -2.6553 0.9546
6.6604 9.0766 -2.6459 0.9548
6.3077 9.2765 -2.6365 0.9550
5.2447 9.0477 -2.4578 0.9579
4.8982 9.1957 -2.4487 0.9581
4.5478 9.3303 -2.4395 0.9582
2.7401 7.6050 -1.8998 0.9673
2.4482 7.6449 -1.8866 0.9676
2.0301 9.9024 -2.3757 0.9593
1.6670 9.9311 -2.3667 0.9595
1.3045 9.9469 -2.3578 0.9596
-0.0858 6.4946 -1.5265 0.9737
-0.5606 6.5785 -1.5517 0.9732
-0.7994 6.5785 -1.5575 0.9731
-1.0402 6.5785 -1.5653 0.9730
-2.0382 6.5786 -1.6186 0.9721
-2.3001 6.5787 -1.6379 0.9718
-3.4247 6.5789 -1.7431 0.9700
-5.1008 6.5794 -1.9566 0.9664
-5.4152 6.4897 -1.9865 0.9659
-5.8982 6.5737 -2.0757 0.9644
-6.4108 6.6485 -2.1706 0.9628
-6.6304 6.3998 -2.1658 0.9628
-7.0433 5.8832 -2.1568 0.9630
-7.2362 5.6158 -2.1527 0.9631
-7.7588 4.7812 -2.1419 0.9632
-8.5820 4.4729 -2.2745 0.9610
-8.8604 3.8369 -2.2693 0.9611
-8.9838 3.5129 -2.2671 0.9611
-9.1983 2.8549 -2.2635 0.9612
-9.3694 2.1852 -2.2611 0.9612
-9.4385 1.8469 -2.2603 0.9613
-9.4966 1.5065 -2.2598 0.9613
-9.5437 1.1646 -2.2596 0.9613
-9.6044 0.4769 -2.2600 0.9613
-9.6118 -0.5590 -2.2628 0.9612
-9.5606 -1.2490 -2.2661 0.9612
-9.3238 -2.6158 -2.2759 0.9610
-9.2367 -2.9529 -2.2791 0.9609
-9.0291 -3.6193 -2.2862 0.9608
-8.9088 -3.9479 -2.2902 0.9608
-8.6354 -4.5943 -2.2989 0.9606
-8.4825 -4.9115 -2.3037 0.9605
-7.8666 -5.7665 -2.2923 0.9607
-7.3247 -5.7848 -2.1936 0.9624
-6.8958 -6.2999 -2.1952 0.9623
-6.4623 -6.8167 -2.2076 0.9621
-6.2318 -7.0651 -2.2141 0.9620
-5.7440 -7.5402 -2.2278 0.9618
-3.7772 -8.9419 -2.2814 0.9609
-3.3530 -9.8576 -2.4471 0.9581
-2.6569 -10.1484 -2.4655 0.9578
-1.5684 -10.4949 -2.4939 0.9573
-1.1953 -10.5853 -2.5036 0.9572
-0.0510 -10.7776 -2.5330 0.9567
0.3372 -10.8146 -2.5429 0.9565
0.7280 -10.8377 -2.5528 0.9563
1.1210 -10.8466 -2.5628 0.9562
1.5154 -10.8412 -2.5727 0.9560
1.9109 -10.8214 -2.5826 0.9559
2.3070 -10.7870 -2.5925 0.9557
3.0982 -10.6740 -2.6122 0.9554
3.8846 -10.5014 -2.6315 0.9550
4.2745 -10.3927 -2.6410 0.9549
4.6613 -10.2690 -2.6505 0.9547
5.4235 -9.9768 -2.6688 0.9544
6.1660 -9.6256 -2.6866 0.9541
6.5283 -9.4280 -2.6952 0.9540
7.2320 -8.9901 -2.7117 0.9537
8.8392 -7.6567 -2.7484 0.9531
9.1297 -7.3517 -2.7549 0.9530
9.4087 -7.0349 -2.7610 0.9529
9.9294 -6.3675 -2.7723 0.9527
10.3973 -5.6586 -2.7821 0.9525
10.6101 -5.2900 -2.7864 0.9525
10.9917 -4.5272 -2.7938 0.9523
11.1596 -4.1343 -2.7970 0.9523
11.5675 -2.9178 -2.8038 0.9522
11.8267 -1.6591 -2.8067 0.9521
11.8790 -1.2335 -2.8069 0.9521
11.9331 0.0506 -2.8046 0.9521
11.8830 0.9054 -2.8009 0.9522
11.8324 1.3302 -2.7984 0.9523
11.6804 2.1709 -2.7922 0.9524
11.5796 2.5853 -2.7885 0.9524
11.3290 3.3989 -2.7798 0.9526
11.1800 3.7967 -2.7749 0.9526
10.4338 5.3130 -2.7518 0.9530
9.9764 6.0182 -2.7383 0.9533
9.1955 6.9979 -2.7158 0.9536
8.9119 7.3018 -2.7078 0.9538
7.9996 8.1405 -2.6824 0.9542
5.5867 8.8863 -2.4669 0.9578
3.8372 9.5592 -2.4209 0.9586
2.7401 7.6050 -1.8998 0.9673
1.6670 9.9311 -2.3667 0.9595
1.3045 9.9469 -2.3578 0.9596
-0.0858 6.4946 -1.5265 0.9737
-1.5308 6.5786 -1.5874 0.9726
-1.7821 6.5786 -1.6018 0.9724
-2.3001 6.5787 -1.6379 0.9718
-2.5687 6.5787 -1.6598 0.9714
-2.8449 6.5788 -1.6845 0.9710
-3.1298 6.5788 -1.7122 0.9705
-3.4247 6.5789 -1.7431 0.9700
-3.7308 6.5790 -1.7775 0.9694
-4.7326 6.5793 -1.9048 0.9672
-5.1008 6.5794 -1.9566 0.9664
-5.4152 6.4897 -1.9865 0.9659
-5.8982 6.5737 -2.0757 0.9644
-6.6304 6.3998 -2.1658 0.9628
-7.2362 5.6158 -2.1527 0.9631
-7.4198 5.3429 -2.1489 0.9631
-7.7588 4.7812 -2.1419 0.9632
-8.2590 4.6890 -2.2321 0.9617
-8.5820 4.4729 -2.2745 0.9610
-8.7265 4.1570 -2.2717 0.9611
-9.1983 2.8549 -2.2635 0.9612
-9.3694 2.1852 -2.2611 0.9612
-9.4385 1.8469 -2.2603 0.9613
-9.5437 1.1646 -2.2596 0.9613
-9.5796 0.8212 -2.2597 0.9613
-9.6044 0.4769 -2.2600 0.9613
-9.6181 0.1319 -2.2607 0.9612
-9.6118 -0.5590 -2.2628 0.9612
-9.5918 -0.9043 -2.2643 0.9612
-9.5606 -1.2490 -2.2661 0.9612
-9.4646 -1.9354 -2.2704 0.9611
-9.1385 -3.2875 -2.2825 0.9609
-9.0291 -3.6193 -2.2862 0.9608
-8.4825 -4.9115 -2.3037 0.9605
-8.3187 -5.2242 -2.3087 0.9604
-8.1445 -5.5321 -2.3139 0.9604
-7.8666 -5.7665 -2.2923 0.9607
-7.3247 -5.7848 -2.1936 0.9624
-7.0984 -6.0321 -2.1893 0.9624
-6.8958 -6.2999 -2.1952 0.9623
-6.6837 -6.5615 -2.2013 0.9622
-6.2318 -7.0651 -2.2141 0.9620
-5.4872 -7.7663 -2.2349 0.9617
-5.2219 -7.9843 -2.2422 0.9616
-4.6669 -8.3948 -2.2574 0.9613
-4.3777 -8.5866 -2.2652 0.9612
-3.7771 -8.9419 -2.2814 0.9609
-3.4663 -9.1048 -2.2897 0.9608
-3.3530 -9.8576 -2.4471 0.9581
-3.0082 -10.0088 -2.4562 0.9580
-2.6569 -10.1484 -2.4655 0.9578
-1.1953 -10.5853 -2.5036 0.9572
-0.8177 -10.6628 -2.5134 0.9570
-0.4361 -10.7269 -2.5232 0.9568
-0.0510 -10.7776 -2.5330 0.9567
0.3372 -10.8146 -2.5429 0.9565
0.7280 -10.8377 -2.5528 0.9563
1.5155 -10.8412 -2.5727 0.9560
2.7029 -10.7379 -2.6024 0.9555
3.0982 -10.6740 -2.6122 0.9554
3.4924 -10.5952 -2.6219 0.9552
3.8846 -10.5014 -2.6315 0.9550
4.2745 -10.3927 -2.6410 0.9549
6.8838 -9.2161 -2.7035 0.9538
7.5720 -8.7501 -2.7196 0.9536
7.9034 -8.4964 -2.7272 0.9534
8.5376 -7.9494 -2.7416 0.9532
8.8392 -7.6567 -2.7484 0.9531
9.1297 -7.3517 -2.7549 0.9530
9.4087 -7.0349 -2.7610 0.9529
9.6754 -6.7067 -2.7668 0.9528
10.3973 -5.6586 -2.7821 0.9525
10.9917 -4.5272 -2.7938 0.9523
11.1596 -4.1343 -2.7970 0.9523
11.3117 -3.7347 -2.7997 0.9522
11.4478 -3.3289 -2.8019 0.9522
11.5675 -2.9178 -2.8038 0.9522
11.6708 -2.5020 -2.8052 0.9521
11.8791 -1.2335 -2.8069 0.9521
11.9143 -0.8062 -2.8065 0.9521
11.9323 -0.3779 -2.8058 0.9521
11.9331 0.0506 -2.8046 0.9521
11.8830 0.9054 -2.8009 0.9522
11.8324 1.3302 -2.7984 0.9523
11.7648 1.7523 -2.7955 0.9523
11.6804 2.1709 -2.7922 0.9524
11.5796 2.5853 -2.7885 0.9524
11.4623 2.9949 -2.7843 0.9525
11.1800 3.7967 -2.7749 0.9526
10.8362 4.5710 -2.7641 0.9528
10.4338 5.3131 -2.7518 0.9530
9.7282 6.3556 -2.7310 0.9534
9.4677 6.6823 -2.7235 0.9535
8.9119 7.3018 -2.7078 0.9538
8.6178 7.5938 -2.6995 0.9539
6.6604 9.0766 -2.6459 0.9548
5.2447 9.0477 -2.4578 0.9579
4.8982 9.1957 -2.4487 0.9581
4.5478 9.3303 -2.4395 0.9582
3.8372 9.5592 -2.4209 0.9586
2.4482 7.6449 -1.8866 0.9676
2.7561 9.8052 -2.3937 0.9590
1.6670 9.9311 -2.3667 0.9595
0.9429 9.9487 -2.3487 0.9598
0.5829 9.9372 -2.3395 0.9599
0.2249 9.9131 -2.3304 0.9601
-0.0858 6.4946 -1.5265 0.9737
-0.7994 6.5785 -1.5575 0.9731
-1.2838 6.5785 -1.5753 0.9728
-1.7821 6.5786 -1.6018 0.9724
-2.3001 6.5787 -1.6379 0.9718
-2.8449 6.5788 -1.6845 0.9710
-3.4247 6.5789 -1.7431 0.9700
-3.7308 6.5790 -1.7775 0.9694
-4.0497 6.5791 -1.8157 0.9688
-4.3830 6.5792 -1.8580 0.9680
-4.7326 6.5793 -1.9048 0.9672
-5.8982 6.5737 -2.0757 0.9644
-6.4108 6.6485 -2.1706 0.9628
-7.0433 5.8831 -2.1568 0.9630
-7.7588 4.7812 -2.1419 0.9632
-8.2590 4.6890 -2.2321 0.9617
-8.7265 4.1569 -2.2717 0.9611
-8.8604 3.8368 -2.2693 0.9611
-9.1983 2.8549 -2.2635 0.9612
-9.2893 2.5213 -2.2622 0.9612
-9.4385 1.8468 -2.2603 0.9613
-9.4966 1.5065 -2.2598 0.9613
-9.5437 1.1645 -2.2596 0.9613
-9.6044 0.4769 -2.2600 0.9613
-9.6181 0.1319 -2.2607 0.9612
-9.6118 -0.5590 -2.2628 0.9612
-9.5918 -0.9043 -2.2643 0.9612
-9.5182 -1.5928 -2.2681 0.9611
-9.4645 -1.9355 -2.2704 0.9611
-9.3238 -2.6158 -2.2759 0.9610
-9.2367 -2.9529 -2.2791 0.9609
-9.0291 -3.6193 -2.2862 0.9608
-8.6354 -4.5944 -2.2989 0.9606
-8.4825 -4.9115 -2.3037 0.9605
-8.1445 -5.5321 -2.3139 0.9604
-7.3247 -5.7848 -2.1936 0.9624
-6.8957 -6.2999 -2.1952 0.9623
-6.6837 -6.5616 -2.2013 0.9622
-6.4623 -6.8167 -2.2076 0.9621
-6.2318 -7.0651 -2.2141 0.9620
-5.9923 -7.3064 -2.2208 0.9619
-5.7440 -7.5402 -2.2278 0.9618
-4.0811 -8.7691 -2.2732 0.9610
-3.3530 -9.8576 -2.4471 0.9581
-3.0082 -10.0088 -2.4562 0.9580
-1.9366 -10.3918 -2.4844 0.9575
-1.1953 -10.5853 -2.5036 0.9572
-0.8177 -10.6628 -2.5134 0.9570
-0.4361 -10.7269 -2.5232 0.9568
1.1210 -10.8466 -2.5628 0.9562
1.5155 -10.8412 -2.5727 0.9560
2.7029 -10.7379 -2.6024 0.9555
3.4924 -10.5952 -2.6219 0.9552
3.8846 -10.5014 -2.6315 0.9550
4.6614 -10.2690 -2.6505 0.9547
5.4235 -9.9768 -2.6688 0.9544
5.7975 -9.8085 -2.6778 0.9543
6.5283 -9.4280 -2.6952 0.9540
6.8838 -9.2161 -2.7035 0.9538
7.1153 -7.6493 -2.7049 0.9578
7.4033 -7.4069 -2.7115 0.9577
7.6822 -7.1530 -2.7178 0.9576
7.9517 -6.8879 -2.7239 0.9575
8.2112 -6.6120 -2.7296 0.9574
8.4601 -6.3257 -2.7351 0.9573
9.3419 -5.0843 -2.7538 0.9570
9.5316 -4.7523 -2.7576 0.9569
9.7084 -4.4126 -2.7611 0.9569
9.8717 -4.0659 -2.7643 0.9568
10.1569 -3.3534 -2.7694 0.9568
10.4772 -2.2461 -2.7744 0.9567
10.5545 -1.8692 -2.7753 0.9567
10.6166 -1.4893 -2.7757 0.9567
4.2688 -0.4433 -1.1112 0.9824
4.2204 -0.1337 -1.0933 0.9827
10.6250 1.1945 -2.7683 0.9568
10.4017 2.3224 -2.7595 0.9569
10.2979 2.6907 -2.7558 0.9570
10.1799 3.0541 -2.7518 0.9570
9.9019 3.7642 -2.7428 0.9572
9.5702 4.4482 -2.7325 0.9573
9.3850 4.7790 -2.7269 0.9574
8.9780 5.4159 -2.7148 0.9576
8.7570 5.7211 -2.7083 0.9577
8.2821 6.3028 -2.6947 0.9579
8.0291 6.5785 -2.6875 0.9580
7.7664 6.8436 -2.6802 0.9581
7.4945 7.0978 -2.6726 0.9582
7.2138 7.3409 -2.6648 0.9584
6.9250 7.5724 -2.6569 0.9585
6.6284 7.7923 -2.6488 0.9586
6.3247 8.0002 -2.6405 0.9587
5.0482 8.0297 -2.4558 0.9616
4.7409 8.1784 -2.4476 0.9617
4.4293 8.3152 -2.4393 0.9618
4.1139 8.4400 -2.4310 0.9619
3.4736 8.6534 -2.4143 0.9622
2.7214 7.5530 -2.0787 0.9674
2.4393 7.6171 -2.0709 0.9675
2.4972 8.8841 -2.3894 0.9626
2.1693 8.9374 -2.3812 0.9627
1.8407 8.9786 -2.3731 0.9628
1.5120 9.0079 -2.3649 0.9630
1.1836 9.0253 -2.3568 0.9631
0.8558 9.0298 -2.3485 0.9632
-0.3193 6.4950 -1.6837 0.9735
-0.5607 6.5788 -1.7095 0.9731
-1.0403 6.5789 -1.7245 0.9729
-1.2839 6.5789 -1.7355 0.9727
-1.5309 6.5789 -1.7489 0.9725
-1.7821 6.5789 -1.7648 0.9722
-2.0383 6.5790 -1.7833 0.9719
-2.5688 6.5791 -1.8287 0.9712
-2.8451 6.5792 -1.8559 0.9708
-3.4249 6.5793 -1.9205 0.9698
-3.7311 6.5794 -1.9584 0.9692
-4.0499 6.5795 -2.0004 0.9686
-5.8607 6.0780 -2.1861 0.9657
-6.0627 5.8518 -2.1817 0.9658
-6.2567 5.6194 -2.1774 0.9658
-6.6199 5.1376 -2.1696 0.9660
-6.7889 4.8886 -2.1661 0.9660
-7.0518 4.7030 -2.1946 0.9656
-7.5615 4.6597 -2.2997 0.9640
-7.9894 3.8059 -2.2913 0.9641
-8.1128 3.5131 -2.2890 0.9641
-8.2264 3.2168 -2.2870 0.9642
-8.3302 2.9172 -2.2853 0.9642
-8.4240 2.6145 -2.2838 0.9642
-8.5077 2.3092 -2.2825 0.9642
-8.6450 1.6916 -2.2808 0.9643
-8.6984 1.3799 -2.2803 0.9643
-8.7416 1.0667 -2.2801 0.9643
-8.7745 0.7522 -2.2802 0.9643
-8.8029 -0.5120 -2.2831 0.9642
-8.7550 -1.1438 -2.2861 0.9642
-8.5349 -2.3945 -2.2952 0.9640
-8.3633 -3.0086 -2.3013 0.9639
-8.2621 -3.3118 -2.3047 0.9639
-8.1508 -3.6120 -2.3083 0.9638
-8.0295 -3.9088 -2.3122 0.9638
-7.6057 -4.7764 -2.3254 0.9636
-6.7868 -5.7673 -2.3060 0.9639
-6.3303 -5.7832 -2.2200 0.9652
-5.6873 -6.4478 -2.2261 0.9651
-4.7603 -7.2786 -2.2518 0.9647
-4.2519 -7.6482 -2.2657 0.9645
-3.7158 -7.9843 -2.2802 0.9643
-3.4380 -8.1390 -2.2876 0.9642
-2.2681 -8.6631 -2.3186 0.9637
-1.0850 -9.6085 -2.5036 0.9608
-0.7420 -9.6753 -2.5125 0.9607
-0.3956 -9.7300 -2.5214 0.9606
-0.0463 -9.7724 -2.5303 0.9604
0.3057 -9.8024 -2.5392 0.9603
0.6596 -9.8197 -2.5482 0.9602
1.3721 -9.8158 -2.5662 0.9599
2.0872 -9.7596 -2.5841 0.9596
2.4446 -9.7116 -2.5929 0.9595
3.5096 -9.4875 -2.6192 0.9591
3.8605 -9.3860 -2.6277 0.9589
4.2084 -9.2711 -2.6362 0.9588
4.5528 -9.1429 -2.6445 0.9587
5.2289 -8.8466 -2.6607 0.9584
5.5595 -8.6787 -2.6686 0.9583
5.8843 -8.4980 -2.6763 0.9582
6.2029 -8.3044 -2.6838 0.9581
6.5146 -8.0983 -2.6910 0.9580
7.1154 -7.6493 -2.7049 0.9578
7.6822 -7.1530 -2.7178 0.9576
7.9517 -6.8879 -2.7239 0.9575
8.4601 -6.3257 -2.7351 0.9573
8.6981 -6.0293 -2.7402 0.9572
9.1395 -5.4081 -2.7496 0.9571
9.7084 -4.4126 -2.7611 0.9569
10.6166 -1.4893 -2.7757 0.9567
4.2231 -0.2858 -1.0959 0.9827
4.2204 -0.1337 -1.0933 0.9827
4.2196 0.0179 -1.0925 0.9827
10.2979 2.6907 -2.7558 0.9570
10.1799 3.0541 -2.7518 0.9570
9.9019 3.7642 -2.7428 0.9572
9.7426 4.1097 -2.7378 0.9573
9.5702 4.4482 -2.7325 0.9573
8.9780 5.4159 -2.7148 0.9576
8.2821 6.3028 -2.6947 0.9579
8.0291 6.5785 -2.6875 0.9580
6.9250 7.5724 -2.6569 0.9585
6.3246 8.0002 -2.6405 0.9587
5.3507 7.8692 -2.4639 0.9614
5.0482 8.0297 -2.4558 0.9616
4.7409 8.1784 -2.4476 0.9617
2.7214 7.5530 -2.0787 0.9674
2.4393 7.6171 -2.0709 0.9675
1.5120 9.0079 -2.3649 0.9630
-0.0858 6.4950 -1.6818 0.9735
-0.3193 6.4950 -1.6837 0.9735
-0.7994 6.5788 -1.7159 0.9730
-1.2839 6.5789 -1.7355 0.9727
-2.0383 6.5790 -1.7833 0.9719
-2.3002 6.5790 -1.8045 0.9716
-2.5688 6.5791 -1.8287 0.9712
-2.8451 6.5792 -1.8559 0.9708
-3.1300 6.5792 -1.8864 0.9703
-4.0499 6.5795 -2.0004 0.9686
-4.3832 6.5796 -2.0470 0.9679
-4.7329 6.5797 -2.0986 0.9671
-5.6508 6.2979 -2.1908 0.9656
-5.8607 6.0780 -2.1861 0.9657
-6.0627 5.8518 -2.1817 0.9658
-6.2567 5.6194 -2.1774 0.9658
-6.4425 5.3813 -2.1734 0.9659
-7.0518 4.7030 -2.1947 0.9656
-7.8564 4.0947 -2.2939 0.9641
-8.1128 3.5131 -2.2890 0.9641
-8.2264 3.2168 -2.2870 0.9642
-8.4239 2.6145 -2.2838 0.9642
-8.5077 2.3092 -2.2825 0.9642
-8.7416 1.0667 -2.2801 0.9643
-8.7971 0.4368 -2.2805 0.9643
-8.8113 -0.1956 -2.2820 0.9642
-8.7550 -1.1438 -2.2861 0.9642
-8.6656 -1.7721 -2.2901 0.9641
-8.6054 -2.0842 -2.2925 0.9641
-8.4542 -2.7028 -2.2981 0.9640
-8.3633 -3.0086 -2.3013 0.9639
-8.0295 -3.9088 -2.3122 0.9638
-7.8981 -4.2021 -2.3164 0.9637
-7.7568 -4.4914 -2.3208 0.9636
-7.6057 -4.7764 -2.3254 0.9636
-7.4449 -5.0569 -2.3302 0.9635
-6.3303 -5.7832 -2.2200 0.9652
-6.1028 -5.9913 -2.2143 0.9653
-5.6873 -6.4478 -2.2261 0.9651
-5.4673 -6.6662 -2.2323 0.9650
-5.2393 -6.8777 -2.2386 0.9649
-5.0036 -7.0819 -2.2451 0.9648
-4.5097 -7.4675 -2.2587 0.9646
-4.2519 -7.6482 -2.2657 0.9645
-3.9872 -7.8206 -2.2729 0.9644
-3.7158 -7.9843 -2.2802 0.9643
-3.4380 -8.1390 -2.2876 0.9642
-3.1540 -8.2845 -2.2952 0.9640
-2.8642 -8.4206 -2.3029 0.9639
-2.2681 -8.6631 -2.3186 0.9637
-1.6521 -8.8647 -2.3347 0.9634
-1.0850 -9.6085 -2.5036 0.9608
0.3057 -9.8024 -2.5392 0.9603
1.3721 -9.8158 -2.5662 0.9599
2.8011 -9.6503 -2.6018 0.9593
3.8605 -9.3860 -2.6277 0.9589
4.8932 -9.0013 -2.6527 0.9586
5.5595 -8.6787 -2.6686 0.9583
5.8843 -8.4980 -2.6763 0.9582
6.2029 -8.3044 -2.6838 0.9581
6.5146 -8.0983 -2.6910 0.9580
7.4033 -7.4069 -2.7115 0.9577
7.9517 -6.8879 -2.7239 0.9575
8.4601 -6.3256 -2.7351 0.9573
8.6981 -6.0292 -2.7402 0.9572
9.1395 -5.4081 -2.7496 0.9571
9.5317 -4.7523 -2.7576 0.9569
9.7084 -4.4126 -2.7611 0.9569
9.8717 -4.0659 -2.7643 0.9568
10.0213 -3.7126 -2.7670 0.9568
10.1570 -3.3534 -2.7694 0.9568
10.4772 -2.2461 -2.7744 0.9567
10.6166 -1.4893 -2.7757 0.9567
4.2688 -0.4433 -1.1112 0.9824
4.2231 -0.2858 -1.0959 0.9827
4.2196 0.0179 -1.0925 0.9827
4.2152 0.1693 -1.0923 0.9827
4.3067 0.3282 -1.1183 0.9823
10.5654 1.5737 -2.7657 0.9568
10.4909 1.9498 -2.7628 0.9569
10.2979 2.6907 -2.7558 0.9570
9.9019 3.7642 -2.7428 0.9572
9.7426 4.1097 -2.7378 0.9573
9.3850 4.7790 -2.7269 0.9574
9.1876 5.1017 -2.7210 0.9575
8.2821 6.3028 -2.6947 0.9579
8.0291 6.5785 -2.6875 0.9580
7.7664 6.8436 -2.6802 0.9581
7.4945 7.0978 -2.6726 0.9582
7.2138 7.3409 -2.6648 0.9584
6.9250 7.5724 -2.6569 0.9585
6.3246 8.0002 -2.6405 0.9587
6.0142 8.1960 -2.6321 0.9589
4.7409 8.1784 -2.4476 0.9617
4.1139 8.4400 -2.4310 0.9619
3.4736 8.6534 -2.4143 0.9622
2.7213 7.5530 -2.0787 0.9674
1.1836 9.0253 -2.3568 0.9631
0.5292 9.0226 -2.3401 0.9633
0.2043 9.0041 -2.3319 0.9635
-0.0858 6.4950 -1.6818 0.9735
-0.3193 6.4950 -1.6837 0.9735
-0.7994 6.5788 -1.7159 0.9730
-1.7821 6.5789 -1.7648 0.9722
-2.0383 6.5790 -1.7833 0.9719
-2.3002 6.5790 -1.8045 0.9716
-2.5688 6.5791 -1.8287 0.9712
-3.1300 6.5792 -1.8864 0.9703
-3.4249 6.5793 -1.9205 0.9698
-3.7311 6.5794 -1.9584 0.9692
-4.0499 6.5795 -2.0004 0.9686
-5.1012 6.5798 -2.1556 0.9662
-5.4331 6.5111 -2.1957 0.9656
-5.6508 6.2979 -2.1908 0.9656
-5.8607 6.0780 -2.1861 0.9657
-6.0627 5.8518 -2.1817 0.9658
-6.4425 5.3813 -2.1734 0.9659
-7.0518 4.7030 -2.1947 0.9656
-7.5615 4.6597 -2.2997 0.9640
-7.9894 3.8059 -2.2913 0.9641
-8.1128 3.5131 -2.2890 0.9641
-8.2264 3.2168 -2.2870 0.9642
-8.4239 2.6145 -2.2838 0.9642
-8.5814 2.0015 -2.2815 0.9642
-8.6450 1.6916 -2.2808 0.9643
-8.7416 1.0667 -2.2801 0.9643
-8.7745 0.7522 -2.2802 0.9643
-8.8094 0.1208 -2.2811 0.9643
-8.8029 -0.5120 -2.2831 0.9642
-8.7550 -1.1438 -2.2861 0.9642
-8.7154 -1.4585 -2.2880 0.9641
-8.6054 -2.0842 -2.2925 0.9641
-8.4542 -2.7028 -2.2981 0.9640
-8.3633 -3.0086 -2.3013 0.9639
-8.1508 -3.6120 -2.3083 0.9638
-7.7568 -4.4914 -2.3208 0.9636
-7.6057 -4.7764 -2.3254 0.9636
-7.4449 -5.0569 -2.3302 0.9635
-7.2744 -5.3325 -2.3353 0.9634
-6.7869 -5.7673 -2.3060 0.9639
-6.3303 -5.7832 -2.2200 0.9652
-6.1028 -5.9913 -2.2143 0.9653
-5.8992 -6.2227 -2.2201 0.9652
-5.6873 -6.4478 -2.2261 0.9651
-5.4673 -6.6662 -2.2323 0.9650
-5.2393 -6.8777 -2.2386 0.9649
-4.5097 -7.4675 -2.2587 0.9646
-4.2519 -7.6482 -2.2657 0.9645
-3.9872 -7.8206 -2.2729 0.9644
-3.7158 -7.9843 -2.2802 0.9643
-3.4380 -8.1390 -2.2876 0.9642
-3.1540 -8.2845 -2.2952 0.9640
-1.9624 -8.7691 -2.3266 0.9636
-0.7420 -9.6753 -2.5125 0.9607
-0.0463 -9.7724 -2.5303 0.9604
0.3057 -9.8024 -2.5392 0.9603
0.6597 -9.8197 -2.5482 0.9602
1.3721 -9.8158 -2.5662 0.9599
2.0872 -9.7596 -2.5841 0.9596
2.8011 -9.6503 -2.6018 0.9593
3.5096 -9.4875 -2.6192 0.9591
4.2084 -9.2711 -2.6362 0.9588
4.5528 -9.1429 -2.6445 0.9587
4.8932 -9.0013 -2.6527 0.9586
5.5595 -8.6787 -2.6686 0.9583
6.5146 -8.0983 -2.6910 0.9580
8.2112 -6.6120 -2.7296 0.9574
8.4601 -6.3256 -2.7351 0.9573
8.6981 -6.0292 -2.7402 0.9572
9.1395 -5.4081 -2.7496 0.9571
9.5317 -4.7522 -2.7576 0.9569
9.7084 -4.4126 -2.7611 0.9569
10.1570 -3.3534 -2.7694 0.9568
10.2783 -2.9889 -2.7715 0.9567
10.3851 -2.6195 -2.7731 0.9567
10.5545 -1.8691 -2.7753 0.9567
4.2688 -0.4433 -1.1112 0.9824
4.2196 0.0179 -1.0925 0.9827
4.2152 0.1693 -1.0923 0.9827
10.6250 1.1945 -2.7683 0.9568
10.4909 1.9498 -2.7628 0.9569
10.0478 3.4122 -2.7475 0.9571
9.7426 4.1097 -2.7378 0.9573
9.5702 4.4482 -2.7325 0.9573
8.9780 5.4160 -2.7148 0.9576
8.7570 5.7211 -2.7083 0.9577
8.0291 6.5785 -2.6875 0.9580
7.2138 7.3409 -2.6648 0.9584
6.3246 8.0002 -2.6405 0.9587
6.0142 8.1960 -2.6321 0.9589
5.3507 7.8692 -2.4639 0.9614
5.0482 8.0297 -2.4558 0.9616
4.7409 8.1784 -2.4476 0.9617
3.7952 8.5527 -2.4227 0.9621
2.4393 7.6171 -2.0709 0.9675
1.8407 8.9786 -2.3731 0.9628
1.5120 9.0078 -2.3649 0.9630
1.1836 9.0253 -2.3568 0.9631
-0.0858 6.4950 -1.6818 0.9735
-0.5607 6.5788 -1.7095 0.9731
-1.5310 6.5789 -1.7489 0.9725
-2.0383 6.5790 -1.7833 0.9719
-2.3002 6.5790 -1.8045 0.9716
-2.5688 6.5791 -1.8287 0.9712
-2.8451 6.5792 -1.8559 0.9708
-3.1301 6.5792 -1.8864 0.9703
-3.7311 6.5794 -1.9584 0.9692
-4.3832 6.5796 -2.0470 0.9679
-4.7329 6.5797 -2.0986 0.9671
-5.6508 6.2979 -2.1908 0.9656
-6.0627 5.8517 -2.1817 0.9658
-6.2567 5.6194 -2.1774 0.9658
-6.4425 5.3813 -2.1734 0.9659
-6.6199 5.1376 -2.1696 0.9660
-6.7889 4.8886 -2.1661 0.9660
-7.5615 4.6597 -2.2997 0.9640
-7.8564 4.0947 -2.2939 0.9641
-8.1128 3.5131 -2.2890 0.9641
-8.3302 2.9172 -2.2853 0.9642
-8.4239 2.6145 -2.2838 0.9642
-8.5077 2.3092 -2.2825 0.9642
-8.5814 2.0015 -2.2815 0.9642
-8.6984 1.3799 -2.2803 0.9643
-8.7971 0.4368 -2.2805 0.9643
-8.8094 0.1208 -2.2811 0.9643
-8.7841 -0.8282 -2.2844 0.9642
-8.7550 -1.1438 -2.2861 0.9642
-8.5349 -2.3945 -2.2952 0.9640
-8.3633 -3.0086 -2.3013 0.9639
-8.1508 -3.6120 -2.3083 0.9638
-8.0295 -3.9089 -2.3122 0.9638
-7.8981 -4.2021 -2.3164 0.9637
-7.2744 -5.3325 -2.3353 0.9634
-7.0944 -5.6029 -2.3406 0.9633
-6.7869 -5.7673 -2.3060 0.9639
-6.3303 -5.7832 -2.2200 0.9652
-6.1028 -5.9913 -2.2143 0.9653
-5.4673 -6.6662 -2.2323 0.9650
-5.2393 -6.8777 -2.2386 0.9649
-5.0036 -7.0819 -2.2451 0.9648
-4.2519 -7.6482 -2.2657 0.9645
-3.7158 -7.9843 -2.2802 0.9643
-3.4380 -8.1390 -2.2876 0.9642
-3.1540 -8.2845 -2.2952 0.9640
-2.8642 -8.4206 -2.3029 0.9639
-2.5688 -8.5468 -2.3107 0.9638
-1.6521 -8.8647 -2.3347 0.9634
-1.4242 -9.5298 -2.4948 0.9610
-1.0850 -9.6085 -2.5036 0.9608
-0.7420 -9.6753 -2.5125 0.9607
-0.0463 -9.7724 -2.5303 0.9604
0.3057 -9.8024 -2.5392 0.9603
1.3721 -9.8158 -2.5662 0.9599
2.4446 -9.7116 -2.5929 0.9595
3.1563 -9.5756 -2.6105 0.9592
3.8605 -9.3860 -2.6277 0.9589
4.2084 -9.2711 -2.6362 0.9588
4.8932 -9.0013 -2.6527 0.9586
5.5595 -8.6787 -2.6686 0.9583
6.8190 -7.8799 -2.6981 0.9579
6.4633 -6.9484 -2.6865 0.9613
6.7234 -6.7267 -2.6924 0.9612
6.9753 -6.4948 -2.6981 0.9612
7.4525 -6.0011 -2.7087 0.9610
8.0959 -5.1918 -2.7227 0.9608
8.4719 -4.6107 -2.7305 0.9607
8.8021 -4.0007 -2.7371 0.9606
9.0839 -3.3654 -2.7424 0.9605
9.2061 -3.0395 -2.7446 0.9605
9.3155 -2.7089 -2.7464 0.9605
9.4117 -2.3740 -2.7479 0.9605
3.7604 -0.1191 -1.0651 0.9845
3.7604 0.0159 -1.0645 0.9845
3.8912 0.4375 -1.1085 0.9839
9.5776 1.4265 -2.7412 0.9605
9.3382 2.4399 -2.7323 0.9607
9.2324 2.7699 -2.7287 0.9607
8.8401 3.7290 -2.7161 0.9609
8.6852 4.0368 -2.7113 0.9610
8.5188 4.3379 -2.7063 0.9610
8.3412 4.6318 -2.7009 0.9611
8.1527 4.9180 -2.6954 0.9612
7.5258 5.7272 -2.6773 0.9614
7.2977 5.9792 -2.6708 0.9615
7.0607 6.2217 -2.6641 0.9616
6.5617 6.6773 -2.6502 0.9618
6.0325 7.0918 -2.6357 0.9620
4.8739 7.1679 -2.4538 0.9646
4.0381 7.5809 -2.4316 0.9649
3.4621 7.8021 -2.4164 0.9651
3.1697 7.8963 -2.4088 0.9652
2.4304 7.5892 -2.2559 0.9674
1.9816 8.1642 -2.3783 0.9657
1.3820 8.2334 -2.3634 0.9659
1.0821 8.2515 -2.3559 0.9660
0.4842 8.2542 -2.3407 0.9662
0.1870 8.2399 -2.3333 0.9663
-0.3193 6.4953 -1.8410 0.9733
-0.5607 6.5792 -1.8692 0.9729
-2.0384 6.5794 -1.9499 0.9718
-2.3004 6.5794 -1.9731 0.9714
-2.5690 6.5795 -1.9995 0.9711
-3.4251 6.5797 -2.0999 0.9696
-3.7313 6.5798 -2.1413 0.9690
-4.1257 6.7026 -2.2281 0.9678
-4.5747 6.3596 -2.2178 0.9680
-4.7894 6.1776 -2.2129 0.9680
-4.9974 5.9890 -2.2082 0.9681
-5.3925 5.5925 -2.1993 0.9682
-5.5793 5.3852 -2.1952 0.9683
-5.7587 5.1722 -2.1913 0.9683
-5.9306 4.9537 -2.1876 0.9684
-6.0948 4.7301 -2.1840 0.9684
-6.5157 4.6919 -2.2730 0.9672
-6.9642 4.2916 -2.3158 0.9666
-7.1051 4.0339 -2.3130 0.9666
-7.6760 2.6881 -2.3024 0.9668
-7.9085 1.8445 -2.2989 0.9668
-7.9673 1.5590 -2.2983 0.9668
-8.0868 0.6933 -2.2977 0.9668
-8.1187 0.1113 -2.2986 0.9668
-8.1202 -0.1802 -2.2994 0.9668
-8.1122 -0.4718 -2.3004 0.9668
-8.0945 -0.7631 -2.3017 0.9668
-8.0672 -1.0539 -2.3032 0.9667
-7.9277 -1.9200 -2.3092 0.9667
-7.7869 -2.4894 -2.3143 0.9666
-7.7022 -2.7708 -2.3173 0.9665
-7.5048 -3.3257 -2.3238 0.9665
-7.3920 -3.5985 -2.3274 0.9664
-7.1390 -4.1336 -2.3353 0.9663
-6.9988 -4.3952 -2.3396 0.9662
-6.8496 -4.6526 -2.3441 0.9662
-6.3495 -5.3957 -2.3588 0.9660
-5.8733 -5.7659 -2.3300 0.9664
-5.4794 -5.7799 -2.2546 0.9674
-5.2254 -5.9241 -2.2363 0.9677
-4.5941 -6.5022 -2.2538 0.9674
-3.9010 -7.0169 -2.2728 0.9672
-3.6571 -7.1732 -2.2794 0.9671
-3.4073 -7.3213 -2.2861 0.9670
-3.1517 -7.4612 -2.2929 0.9669
-2.8906 -7.5925 -2.2999 0.9668
-2.6242 -7.7150 -2.3070 0.9667
-1.2236 -8.1877 -2.3436 0.9662
-0.9923 -8.7880 -2.5036 0.9639
-0.6785 -8.8464 -2.5117 0.9638
-0.3616 -8.8937 -2.5198 0.9637
0.2792 -8.9544 -2.5362 0.9634
1.5780 -8.9361 -2.5689 0.9630
2.5534 -8.7968 -2.5931 0.9626
3.1973 -8.6433 -2.6089 0.9624
5.0563 -7.8932 -2.6537 0.9618
5.3503 -7.7268 -2.6606 0.9617
6.1955 -7.1595 -2.6803 0.9614
6.4633 -6.9484 -2.6865 0.9613
6.7234 -6.7267 -2.6924 0.9612
6.9753 -6.4948 -2.6981 0.9612
7.2185 -6.2528 -2.7035 0.9611
7.6771 -5.7402 -2.7137 0.9609
8.0959 -5.1917 -2.7227 0.9608
8.6428 -4.3091 -2.7340 0.9606
8.8021 -4.0007 -2.7371 0.9606
8.9491 -3.6859 -2.7399 0.9606
9.0840 -3.3654 -2.7424 0.9605
9.2061 -3.0395 -2.7446 0.9605
9.4117 -2.3740 -2.7479 0.9605
9.4948 -2.0355 -2.7490 0.9604
3.8582 -0.5412 -1.1029 0.9839
3.7569 -0.3901 -1.0693 0.9844
3.7604 -0.1191 -1.0651 0.9845
3.7604 0.0159 -1.0645 0.9845
3.8031 0.2898 -1.0797 0.9843
9.5776 1.4265 -2.7412 0.9605
9.5110 1.7677 -2.7386 0.9606
9.2324 2.7699 -2.7287 0.9607
8.9831 3.4149 -2.7206 0.9608
8.8401 3.7290 -2.7161 0.9609
8.5188 4.3379 -2.7063 0.9610
8.3412 4.6318 -2.7009 0.9611
8.1527 4.9180 -2.6954 0.9612
7.9537 5.1963 -2.6896 0.9613
7.7446 5.4661 -2.6835 0.9614
7.5258 5.7272 -2.6773 0.9614
7.2977 5.9792 -2.6708 0.9615
7.0607 6.2217 -2.6641 0.9616
6.3007 6.8898 -2.6431 0.9619
5.7577 7.2830 -2.6282 0.9621
5.4766 7.4634 -2.6206 0.9622
4.5996 7.3162 -2.4465 0.9647
4.3209 7.4540 -2.4391 0.9648
4.0381 7.5809 -2.4316 0.9649
2.7027 7.5011 -2.2571 0.9674
1.9816 8.1641 -2.3783 0.9657
1.3820 8.2334 -2.3634 0.9659
0.7827 8.2581 -2.3483 0.9661
-0.0858 6.4953 -1.8389 0.9734
-0.3193 6.4953 -1.8410 0.9733
-0.5607 6.5792 -1.8692 0.9729
-0.7995 6.5792 -1.8762 0.9728
-1.0403 6.5792 -1.8857 0.9727
-1.2840 6.5792 -1.8977 0.9725
-2.0384 6.5794 -1.9499 0.9718
-3.4251 6.5797 -2.0999 0.9696
-4.3534 6.5347 -2.2229 0.9679
-4.5746 6.3596 -2.2178 0.9680
-4.7894 6.1776 -2.2129 0.9680
-4.9974 5.9889 -2.2082 0.9681
-5.1985 5.7938 -2.2036 0.9682
-5.3925 5.5925 -2.1993 0.9682
-5.5793 5.3852 -2.1952 0.9683
-5.7587 5.1722 -2.1913 0.9683
-7.1052 4.0339 -2.3130 0.9666
-7.5799 2.9640 -2.3041 0.9667
-7.7628 2.4093 -2.3010 0.9668
-7.8403 2.1281 -2.2999 0.9668
-7.9085 1.8445 -2.2989 0.9668
-8.0166 1.2718 -2.2978 0.9668
-8.0868 0.6933 -2.2977 0.9668
-8.1202 -0.1802 -2.2994 0.9668
-8.0945 -0.7631 -2.3017 0.9668
-8.0303 -1.3438 -2.3049 0.9667
-7.9837 -1.6326 -2.3069 0.9667
-7.9277 -1.9200 -2.3092 0.9667
-7.8620 -2.2057 -2.3116 0.9666
-7.7869 -2.4894 -2.3143 0.9666
-7.5048 -3.3257 -2.3238 0.9665
-7.2701 -3.8679 -2.3313 0.9663
-6.9988 -4.3952 -2.3396 0.9662
-5.8733 -5.7659 -2.3300 0.9664
-5.4794 -5.7799 -2.2546 0.9674
-5.0221 -6.1234 -2.2419 0.9676
-4.1385 -6.8528 -2.2663 0.9673
-3.9010 -7.0169 -2.2728 0.9672
-3.6571 -7.1732 -2.2794 0.9671
-2.8906 -7.5925 -2.2999 0.9668
-1.7964 -8.0275 -2.3287 0.9664
-0.3616 -8.8937 -2.5198 0.9637
0.2792 -8.9544 -2.5362 0.9634
0.9269 -8.9689 -2.5526 0.9632
1.9037 -8.9017 -2.5770 0.9629
2.5534 -8.7968 -2.5931 0.9626
2.8763 -8.7261 -2.6010 0.9625
4.1441 -8.3221 -2.6319 0.9621
5.3504 -7.7268 -2.6606 0.9617
5.6386 -7.5489 -2.6674 0.9616
5.9204 -7.3597 -2.6739 0.9615
6.1955 -7.1595 -2.6803 0.9614
6.4633 -6.9484 -2.6865 0.9613
7.2185 -6.2528 -2.7035 0.9611
7.4525 -6.0011 -2.7087 0.9610
7.6771 -5.7402 -2.7137 0.9609
8.0959 -5.1917 -2.7227 0.9608
8.2894 -4.9051 -2.7267 0.9607
8.6428 -4.3091 -2.7340 0.9606
8.8021 -4.0007 -2.7371 0.9606
9.0840 -3.3654 -2.7424 0.9605
9.4117 -2.3740 -2.7479 0.9605
9.5646 -1.6938 -2.7498 0.9604
3.7569 -0.3901 -1.0693 0.9844
3.7604 -0.1191 -1.0651 0.9845
3.7604 0.0160 -1.0645 0.9845
3.7577 0.1509 -1.0646 0.9845
3.8912 0.4375 -1.1085 0.9839
9.3382 2.4399 -2.7323 0.9607
9.2324 2.7699 -2.7287 0.9607
8.9831 3.4149 -2.7206 0.9608
8.8401 3.7290 -2.7161 0.9609
8.1527 4.9180 -2.6954 0.9612
7.9537 5.1963 -2.6896 0.9613
7.7446 5.4661 -2.6835 0.9614
7.5258 5.7272 -2.6773 0.9614
7.2977 5.9792 -2.6708 0.9615
7.0607 6.2217 -2.6641 0.9616
6.8152 6.4545 -2.6573 0.9617
6.5617 6.6773 -2.6502 0.9618
6.3007 6.8898 -2.6431 0.9619
6.0325 7.0918 -2.6357 0.9620
5.7577 7.2830 -2.6282 0.9621
5.4766 7.4634 -2.6206 0.9622
4.8739 7.1679 -2.4538 0.9646
4.5996 7.3162 -2.4465 0.9647
4.3209 7.4540 -2.4391 0.9648
4.0381 7.5809 -2.4316 0.9649
3.7517 7.6970 -2.4240 0.9650
3.4621 7.8021 -2.4164 0.9651
3.1697 7.8963 -2.4088 0.9652
2.4304 7.5892 -2.2559 0.9674
2.1814 7.7606 -2.2821 0.9670
1.3820 8.2334 -2.3634 0.9659
0.7827 8.2581 -2.3483 0.9661
0.1870 8.2399 -2.3333 0.9663
-0.3193 6.4953 -1.8410 0.9733
-0.5607 6.5792 -1.8692 0.9729
-0.7995 6.5792 -1.8762 0.9728
-2.0384 6.5794 -1.9499 0.9718
-2.3004 6.5794 -1.9731 0.9714
-2.5690 6.5795 -1.9995 0.9711
-2.8452 6.5795 -2.0293 0.9706
-4.1258 6.7026 -2.2281 0.9678
-4.3534 6.5347 -2.2229 0.9679
-4.7894 6.1776 -2.2129 0.9680
-5.1985 5.7938 -2.2036 0.9682
-5.3925 5.5925 -2.1993 0.9682
-5.7587 5.1722 -2.1913 0.9683
-7.1052 4.0339 -2.3130 0.9666
-7.5799 2.9640 -2.3041 0.9667
-7.7628 2.4093 -2.3010 0.9668
-7.8403 2.1281 -2.2999 0.9668
-7.9085 1.8445 -2.2989 0.9668
-8.0565 0.9831 -2.2977 0.9668
-8.0868 0.6933 -2.2977 0.9668
-8.1075 0.4026 -2.2980 0.9668
-8.1122 -0.4718 -2.3004 0.9668
-7.9837 -1.6326 -2.3069 0.9667
-7.9277 -1.9200 -2.3092 0.9667
-7.7869 -2.4894 -2.3143 0.9666
-7.7022 -2.7708 -2.3173 0.9665
-7.6082 -3.0497 -2.3204 0.9665
-7.5048 -3.3257 -2.3238 0.9665
-7.3920 -3.5985 -2.3274 0.9664
-6.6916 -4.9053 -2.3488 0.9661
-6.5249 -5.1531 -2.3537 0.9660
-6.1656 -5.6328 -2.3642 0.9659
-5.8733 -5.7659 -2.3300 0.9664
-5.4794 -5.7799 -2.2546 0.9674
-4.8116 -6.3162 -2.2478 0.9675
-4.1385 -6.8528 -2.2663 0.9673
-3.6571 -7.1732 -2.2794 0.9671
-3.4073 -7.3213 -2.2861 0.9670
-3.1517 -7.4612 -2.2929 0.9669
-2.6242 -7.7150 -2.3070 0.9667
-2.0769 -7.9327 -2.3214 0.9665
-1.7964 -8.0275 -2.3287 0.9664
-1.5119 -8.1125 -2.3361 0.9663
-1.2236 -8.1877 -2.3436 0.9662
-0.9923 -8.7880 -2.5036 0.9639
-0.0422 -8.9298 -2.5280 0.9636
0.2792 -8.9544 -2.5362 0.9634
0.6024 -8.9675 -2.5444 0.9633
0.9269 -8.9689 -2.5526 0.9632
2.5534 -8.7968 -2.5931 0.9626
2.8763 -8.7261 -2.6010 0.9625
3.1973 -8.6433 -2.6089 0.9624
4.1441 -8.3221 -2.6319 0.9621
4.4527 -8.1910 -2.6393 0.9620
4.7569 -8.0480 -2.6466 0.9619
5.0563 -7.8932 -2.6537 0.9618
5.3504 -7.7268 -2.6606 0.9617
6.4633 -6.9484 -2.6865 0.9613
6.7235 -6.7267 -2.6924 0.9612
7.4525 -6.0011 -2.7087 0.9610
7.6771 -5.7402 -2.7137 0.9609
7.8917 -5.4702 -2.7183 0.9609
8.0959 -5.1917 -2.7227 0.9608
8.8020 -4.0007 -2.7371 0.9606
8.9492 -3.6859 -2.7399 0.9606
9.0840 -3.3654 -2.7424 0.9605
9.2061 -3.0395 -2.7446 0.9605
9.3155 -2.7089 -2.7464 0.9605
9.4948 -2.0355 -2.7490 0.9604
9.5646 -1.6938 -2.7498 0.9604
3.7569 -0.3901 -1.0693 0.9844
3.7607 -0.2545 -1.0670 0.9845
3.7604 -0.1191 -1.0651 0.9845
3.7604 0.0160 -1.0645 0.9845
3.7577 0.1509 -1.0646 0.9845
3.8031 0.2898 -1.0797 0.9843
3.8912 0.4375 -1.1085 0.9839
9.4311 2.1057 -2.7356 0.9606
9.2324 2.7699 -2.7287 0.9607
9.1140 3.0951 -2.7248 0.9608
8.6852 4.0368 -2.7113 0.9610
8.3412 4.6318 -2.7009 0.9611
8.1527 4.9180 -2.6954 0.9612
7.7446 5.4661 -2.6835 0.9614
7.0607 6.2217 -2.6641 0.9616
6.5617 6.6773 -2.6502 0.9618
6.3007 6.8898 -2.6431 0.9619
5.7577 7.2830 -2.6282 0.9621
5.4766 7.4634 -2.6206 0.9622
3.4621 7.8021 -2.4164 0.9651
3.1697 7.8963 -2.4088 0.9652
2.7027 7.5011 -2.2571 0.9674
1.9816 8.1641 -2.3783 0.9657
1.6820 8.2042 -2.3709 0.9658
1.3820 8.2334 -2.3634 0.9659
1.0821 8.2515 -2.3559 0.9660
0.7827 8.2581 -2.3483 0.9661
0.4842 8.2542 -2.3407 0.9662
-0.3193 6.4953 -1.8410 0.9733
-0.5607 6.5792 -1.8692 0.9729
-0.7995 6.5792 -1.8762 0.9728
-1.7822 6.5793 -1.9297 0.9721
-2.5690 6.5795 -1.9995 0.9711
-3.1302 6.5796 -2.0627 0.9702
-3.4251 6.5797 -2.0999 0.9696
-4.5746 6.3596 -2.2178 0.9680
-4.7894 6.1776 -2.2129 0.9680
-5.3926 5.5925 -2.1993 0.9682
-5.7587 5.1722 -2.1913 0.9683
-5.9306 4.9537 -2.1876 0.9684
-6.8147 4.5448 -2.3189 0.9665
-7.2372 3.7720 -2.3104 0.9666
-7.3605 3.5062 -2.3080 0.9667
-7.4747 3.2368 -2.3059 0.9667
-7.5799 2.9640 -2.3041 0.9667
-7.6760 2.6881 -2.3024 0.9668
-7.8403 2.1281 -2.2999 0.9668
-8.0166 1.2717 -2.2978 0.9668
-8.0565 0.9831 -2.2977 0.9668
-8.0868 0.6933 -2.2977 0.9668
-8.1075 0.4026 -2.2980 0.9668
-8.1187 0.1113 -2.2986 0.9668
-8.1122 -0.4718 -2.3004 0.9668
-8.0672 -1.0539 -2.3032 0.9667
-7.9838 -1.6326 -2.3069 0.9667
-7.7022 -2.7708 -2.3173 0.9665
-7.6082 -3.0497 -2.3204 0.9665
-7.2701 -3.8680 -2.3313 0.9663
-7.1390 -4.1336 -2.3353 0.9663
-6.9988 -4.3953 -2.3396 0.9662
-6.8496 -4.6526 -2.3441 0.9662
-6.5249 -5.1531 -2.3537 0.9660
-5.4794 -5.7799 -2.2546 0.9674
-5.0221 -6.1234 -2.2419 0.9676
-4.8116 -6.3162 -2.2478 0.9675
-4.5941 -6.5022 -2.2538 0.9674
-4.3696 -6.6812 -2.2600 0.9674
-3.9009 -7.0169 -2.2728 0.9672
-3.6571 -7.1732 -2.2794 0.9671
-3.1517 -7.4612 -2.2929 0.9669
-2.3529 -7.8285 -2.3141 0.9666
-2.0769 -7.9327 -2.3214 0.9665
-1.7964 -8.0275 -2.3287 0.9664
-1.5119 -8.1125 -2.3361 0.9663
-1.2236 -8.1877 -2.3436 0.9662
-0.9923 -8.7880 -2.5036 0.9639
-0.6784 -8.8464 -2.5117 0.9638
-0.3616 -8.8937 -2.5198 0.9637
-0.0422 -8.9298 -2.5280 0.9636
1.5780 -8.9361 -2.5689 0.9630
1.9038 -8.9017 -2.5770 0.9629
2.5534 -8.7968 -2.5931 0.9626
2.8763 -8.7261 -2.6010 0.9625
3.1973 -8.6433 -2.6089 0.9624
5.0563 -7.8932 -2.6537 0.9618
5.6386 -7.5489 -2.6674 0.9616
5.9204 -7.3597 -2.6739 0.9615
6.1955 -7.1595 -2.6803 0.9614
6.1513 -6.1543 -2.6763 0.9642
6.3805 -5.9410 -2.6815 0.9642
6.6019 -5.7187 -2.6865 0.9641
7.0191 -5.2482 -2.6957 0.9640
7.2142 -5.0006 -2.6999 0.9639
7.8970 -3.9372 -2.7141 0.9637
8.1753 -3.3672 -2.7195 0.9637
8.2978 -3.0741 -2.7217 0.9636
8.4089 -2.7763 -2.7237 0.9636
8.5082 -2.4742 -2.7254 0.9636
3.4790 -0.1102 -1.0706 0.9855
3.4793 0.0148 -1.0702 0.9855
3.4769 0.1397 -1.0703 0.9855
3.5715 0.4015 -1.1054 0.9851
8.5328 2.2295 -2.7126 0.9638
8.3299 2.8288 -2.7058 0.9639
8.0818 3.4091 -2.6979 0.9640
7.7904 3.9670 -2.6889 0.9641
7.2775 4.7545 -2.6738 0.9643
6.8887 5.2424 -2.6626 0.9644
5.5291 6.4999 -2.6247 0.9649
5.0220 6.8438 -2.6109 0.9651
3.7065 6.9585 -2.4250 0.9675
3.4446 7.0668 -2.4181 0.9676
3.1795 7.1652 -2.4111 0.9677
2.9117 7.2536 -2.4041 0.9678
2.6417 7.3319 -2.3970 0.9679
2.0964 7.4584 -2.3829 0.9681
1.8219 7.5064 -2.3758 0.9682
1.5469 7.5452 -2.3690 0.9683
1.2713 7.5739 -2.3622 0.9684
0.7204 7.6004 -2.3482 0.9686
-0.5607 6.5795 -2.0310 0.9727
-0.7995 6.5795 -2.0386 0.9726
-1.0404 6.5796 -2.0489 0.9725
-1.2840 6.5796 -2.0619 0.9723
-1.5311 6.5796 -2.0778 0.9721
-1.7823 6.5797 -2.0967 0.9719
-2.8454 6.5799 -2.2050 0.9704
-3.1469 6.6147 -2.2531 0.9698
-3.5965 6.3420 -2.2425 0.9699
-4.0243 6.0407 -2.2326 0.9701
-4.2296 5.8799 -2.2278 0.9701
-4.4288 5.7126 -2.2233 0.9702
-4.6220 5.5390 -2.2189 0.9703
-4.9889 5.1739 -2.2107 0.9704
-5.1624 4.9828 -2.2069 0.9704
-5.3291 4.7864 -2.2032 0.9705
-6.0074 4.6622 -2.3389 0.9687
-6.3093 4.2078 -2.3326 0.9688
-6.4484 3.9737 -2.3297 0.9688
-6.5794 3.7355 -2.3271 0.9688
-6.7023 3.4932 -2.3247 0.9689
-6.9232 2.9980 -2.3205 0.9689
-7.0211 2.7455 -2.3188 0.9689
-7.1104 2.4900 -2.3172 0.9690
-7.3266 1.7088 -2.3140 0.9690
-7.4271 1.1782 -2.3130 0.9690
-7.4640 0.9108 -2.3128 0.9690
-7.4921 0.6423 -2.3129 0.9690
-7.5112 0.3730 -2.3131 0.9690
-7.5214 0.1031 -2.3137 0.9690
-7.5227 -0.1670 -2.3144 0.9690
-7.5150 -0.4371 -2.3154 0.9690
-7.4726 -0.9762 -2.3180 0.9690
-7.4380 -1.2447 -2.3196 0.9689
-7.1314 -2.5655 -2.3311 0.9688
-7.0436 -2.8234 -2.3340 0.9687
-6.9471 -3.0785 -2.3372 0.9687
-6.6060 -3.8250 -2.3479 0.9686
-6.4754 -4.0666 -2.3519 0.9685
-5.8710 -4.9891 -2.3698 0.9683
-5.3350 -5.6275 -2.3851 0.9681
-5.0829 -5.7626 -2.3634 0.9684
-4.7363 -5.7748 -2.2972 0.9692
-4.4442 -5.8338 -2.2557 0.9698
-4.2423 -6.0044 -2.2613 0.9697
-4.0342 -6.1683 -2.2670 0.9696
-3.8200 -6.3255 -2.2728 0.9695
-3.6000 -6.4755 -2.2788 0.9695
-3.3742 -6.6182 -2.2849 0.9694
-3.1430 -6.7534 -2.2911 0.9693
-2.6651 -7.0003 -2.3039 0.9691
-2.4189 -7.1115 -2.3104 0.9691
-2.1683 -7.2143 -2.3170 0.9690
-1.9135 -7.3086 -2.3237 0.9689
-1.6547 -7.3941 -2.3305 0.9688
-1.1265 -7.5379 -2.3442 0.9686
-0.8577 -7.5959 -2.3512 0.9685
-0.6243 -8.1401 -2.5111 0.9664
-0.0388 -8.2126 -2.5260 0.9662
0.2567 -8.2331 -2.5336 0.9661
1.1505 -8.2304 -2.5561 0.9658
1.7481 -8.1740 -2.5710 0.9656
2.3434 -8.0735 -2.5857 0.9654
3.2245 -7.8397 -2.6073 0.9651
4.0806 -7.5066 -2.6280 0.9649
4.3585 -7.3738 -2.6346 0.9648
4.6317 -7.2304 -2.6411 0.9647
4.9000 -7.0764 -2.6474 0.9646
5.4198 -6.7374 -2.6596 0.9645
5.6705 -6.5527 -2.6654 0.9644
5.9145 -6.3583 -2.6710 0.9643
6.3805 -5.9410 -2.6815 0.9642
6.6019 -5.7187 -2.6865 0.9641
7.0191 -5.2482 -2.6957 0.9640
7.2142 -5.0006 -2.6999 0.9639
7.5758 -4.4828 -2.7075 0.9638
8.0417 -3.6551 -2.7169 0.9637
8.1753 -3.3672 -2.7195 0.9637
8.2978 -3.0741 -2.7217 0.9636
8.4089 -2.7763 -2.7237 0.9636
8.5958 -2.1682 -2.7267 0.9636
4.8271 -0.8549 -1.5078 0.9797
3.5270 -0.4948 -1.0954 0.9852
3.4752 -0.3609 -1.0746 0.9855
3.4793 0.0148 -1.0702 0.9855
3.4924 0.2661 -1.0773 0.9854
3.5715 0.4015 -1.1054 0.9851
8.6889 1.6149 -2.7183 0.9637
8.6168 1.9238 -2.7156 0.9637
8.5328 2.2295 -2.7126 0.9638
8.4371 2.5313 -2.7093 0.9638
7.7904 3.9670 -2.6889 0.9641
7.6293 4.2365 -2.6841 0.9641
7.2775 4.7545 -2.6738 0.9643
7.0876 5.0024 -2.6683 0.9643
6.8887 5.2424 -2.6626 0.9644
6.6812 5.4741 -2.6567 0.9645
6.4656 5.6974 -2.6506 0.9646
6.2422 5.9118 -2.6444 0.9647
5.2784 6.6768 -2.6179 0.9650
5.0220 6.8438 -2.6109 0.9651
4.4704 6.5744 -2.4453 0.9673
4.2199 6.7122 -2.4386 0.9674
3.1795 7.1652 -2.4111 0.9677
2.6417 7.3319 -2.3970 0.9679
1.5468 7.5452 -2.3690 0.9683
1.2713 7.5739 -2.3622 0.9684
0.7204 7.6004 -2.3482 0.9686
-0.5607 6.5795 -2.0310 0.9727
-0.7995 6.5795 -2.0386 0.9726
-1.2840 6.5796 -2.0619 0.9723
-1.5311 6.5796 -2.0778 0.9721
-1.7823 6.5797 -2.0967 0.9719
-2.5691 6.5799 -2.1726 0.9709
-2.8454 6.5799 -2.2050 0.9704
-3.3743 6.4820 -2.2477 0.9699
-3.5965 6.3420 -2.2425 0.9699
-3.8132 6.1948 -2.2374 0.9700
-4.0243 6.0407 -2.2326 0.9701
-4.2296 5.8799 -2.2278 0.9701
-4.6220 5.5390 -2.2189 0.9703
-4.8087 5.3594 -2.2147 0.9703
-4.9889 5.1739 -2.2107 0.9704
-5.1624 4.9828 -2.2069 0.9704
-5.3291 4.7864 -2.2032 0.9705
-5.6273 4.7004 -2.2552 0.9698
-6.0074 4.6622 -2.3389 0.9687
-6.1622 4.4373 -2.3356 0.9687
-6.3093 4.2077 -2.3326 0.9688
-6.4484 3.9737 -2.3297 0.9688
-6.8169 3.2473 -2.3225 0.9689
-7.0210 2.7455 -2.3188 0.9689
-7.1912 2.2319 -2.3159 0.9690
-7.3813 1.4443 -2.3134 0.9690
-7.4271 1.1782 -2.3130 0.9690
-7.4921 0.6423 -2.3129 0.9690
-7.5112 0.3730 -2.3131 0.9690
-7.5214 0.1031 -2.3137 0.9690
-7.5227 -0.1670 -2.3144 0.9690
-7.5150 -0.4371 -2.3154 0.9690
-7.4983 -0.7069 -2.3165 0.9690
-7.4726 -0.9762 -2.3180 0.9690
-7.4380 -1.2447 -2.3196 0.9689
-7.3945 -1.5121 -2.3214 0.9689
-7.2806 -2.0426 -2.3258 0.9689
-7.2104 -2.3051 -2.3283 0.9688
-7.0436 -2.8234 -2.3340 0.9687
-6.9471 -3.0785 -2.3372 0.9687
-6.8419 -3.3307 -2.3406 0.9687
-6.7282 -3.5796 -2.3441 0.9686
-6.4754 -4.0666 -2.3519 0.9685
-6.3365 -4.3040 -2.3561 0.9685
-6.1894 -4.5371 -2.3604 0.9684
-5.7001 -5.2075 -2.3747 0.9682
-5.5213 -5.4204 -2.3798 0.9681
-4.2423 -6.0044 -2.2613 0.9697
-3.8200 -6.3255 -2.2728 0.9695
-3.6000 -6.4755 -2.2788 0.9695
-3.3742 -6.6182 -2.2849 0.9694
-3.1430 -6.7534 -2.2911 0.9693
-2.9065 -6.8808 -2.2975 0.9692
-2.6651 -7.0003 -2.3039 0.9691
-2.4189 -7.1115 -2.3104 0.9691
-1.1265 -7.5379 -2.3442 0.9686
-0.6243 -8.1401 -2.5111 0.9664
0.2567 -8.2331 -2.5336 0.9661
0.8518 -8.2421 -2.5486 0.9659
1.1505 -8.2304 -2.5561 0.9658
2.3434 -8.0735 -2.5857 0.9654
2.9329 -7.9287 -2.6002 0.9652
3.7987 -7.6285 -2.6212 0.9650
4.0806 -7.5066 -2.6280 0.9649
4.3584 -7.3738 -2.6346 0.9648
4.6317 -7.2304 -2.6411 0.9647
4.8999 -7.0764 -2.6474 0.9646
5.1628 -6.9120 -2.6536 0.9645
5.6705 -6.5527 -2.6654 0.9644
5.9145 -6.3583 -2.6710 0.9643
7.2142 -5.0006 -2.6999 0.9639
7.3999 -4.7454 -2.7038 0.9639
7.7416 -4.2133 -2.7110 0.9638
8.5958 -2.1682 -2.7267 0.9636
8.6713 -1.8590 -2.7277 0.9636
3.4787 -0.2354 -1.0724 0.9855
3.4790 -0.1102 -1.0706 0.9855
3.5715 0.4015 -1.1054 0.9851
4.8217 0.7182 -1.4994 0.9798
8.6168 1.9238 -2.7156 0.9637
8.3299 2.8288 -2.7058 0.9639
8.0817 3.4091 -2.6979 0.9640
7.9414 3.6911 -2.6935 0.9640
7.7904 3.9670 -2.6889 0.9641
7.6293 4.2365 -2.6841 0.9641
7.4582 4.4991 -2.6791 0.9642
6.6812 5.4741 -2.6567 0.9645
6.4656 5.6974 -2.6506 0.9646
6.2422 5.9118 -2.6444 0.9647
5.5291 6.4999 -2.6247 0.9649
5.2784 6.6768 -2.6179 0.9650
4.4704 6.5744 -2.4453 0.9673
3.9651 6.8402 -2.4318 0.9675
3.4446 7.0668 -2.4181 0.9676
3.1795 7.1652 -2.4111 0.9677
2.9117 7.2536 -2.4041 0.9678
2.3698 7.4002 -2.3900 0.9680
2.0964 7.4584 -2.3829 0.9681
0.9956 7.5921 -2.3552 0.9685
0.7204 7.6004 -2.3482 0.9686
0.4457 7.5989 -2.3413 0.9686
-0.3193 6.4957 -2.0003 0.9732
-1.0404 6.5796 -2.0489 0.9725
-1.2840 6.5796 -2.0619 0.9723
-1.5311 6.5796 -2.0778 0.9721
-2.5691 6.5799 -2.1726 0.9709
-2.8454 6.5799 -2.2050 0.9704
-3.1469 6.6147 -2.2531 0.9698
-3.3743 6.4820 -2.2477 0.9699
-4.2296 5.8799 -2.2278 0.9701
-4.8087 5.3594 -2.2147 0.9703
-5.1624 4.9828 -2.2069 0.9704
-5.6273 4.7004 -2.2552 0.9698
-6.0074 4.6622 -2.3389 0.9687
-6.4484 3.9737 -2.3297 0.9688
-6.8169 3.2473 -2.3225 0.9689
-6.9232 2.9980 -2.3205 0.9689
-7.2633 1.9714 -2.3149 0.9690
-7.3813 1.4443 -2.3134 0.9690
-7.4271 1.1782 -2.3130 0.9690
-7.5113 0.3730 -2.3131 0.9690
-7.5150 -0.4371 -2.3154 0.9690
-7.4726 -0.9762 -2.3180 0.9690
-7.3420 -1.7782 -2.3235 0.9689
-7.2806 -2.0426 -2.3258 0.9689
-7.2104 -2.3051 -2.3283 0.9688
-7.1314 -2.5655 -2.3311 0.9688
-7.0436 -2.8234 -2.3340 0.9687
-6.6060 -3.8250 -2.3479 0.9686
-6.4754 -4.0666 -2.3519 0.9685
-6.3365 -4.3040 -2.3561 0.9685
-5.7001 -5.2075 -2.3747 0.9682
-5.5213 -5.4204 -2.3798 0.9681
-5.3350 -5.6275 -2.3851 0.9681
-5.0829 -5.7626 -2.3634 0.9684
-4.4440 -5.8338 -2.2557 0.9698
-4.0342 -6.1684 -2.2670 0.9696
-3.8200 -6.3255 -2.2728 0.9695
-3.3742 -6.6182 -2.2849 0.9694
-2.9065 -6.8808 -2.2975 0.9692
-2.6651 -7.0003 -2.3039 0.9691
-2.4189 -7.1115 -2.3104 0.9691
-2.1683 -7.2144 -2.3170 0.9690
-1.9134 -7.3086 -2.3237 0.9689
-1.6546 -7.3941 -2.3305 0.9688
-1.1265 -7.5379 -2.3442 0.9686
-0.8577 -7.5959 -2.3512 0.9685
-0.6243 -8.1401 -2.5111 0.9664
-0.3326 -8.1815 -2.5185 0.9663
1.1505 -8.2304 -2.5561 0.9658
1.7481 -8.1740 -2.5710 0.9656
2.0463 -8.1293 -2.5784 0.9655
2.9329 -7.9287 -2.6002 0.9652
3.2245 -7.8397 -2.6073 0.9651
4.0807 -7.5066 -2.6280 0.9649
4.3584 -7.3738 -2.6346 0.9648
5.6705 -6.5527 -2.6654 0.9644
5.9145 -6.3583 -2.6710 0.9643
6.6019 -5.7187 -2.6865 0.9641
6.8148 -5.4876 -2.6912 0.9640
7.5758 -4.4828 -2.7075 0.9638
7.7416 -4.2133 -2.7110 0.9638
8.0417 -3.6551 -2.7169 0.9637
8.1754 -3.3672 -2.7195 0.9637
8.2978 -3.0741 -2.7217 0.9636
8.4089 -2.7763 -2.7237 0.9636
8.5958 -2.1682 -2.7267 0.9636
3.4787 -0.2354 -1.0724 0.9855
3.4793 0.0148 -1.0702 0.9855
3.4769 0.1397 -1.0703 0.9855
3.4924 0.2661 -1.0773 0.9854
8.5328 2.2295 -2.7126 0.9638
8.3299 2.8288 -2.7058 0.9639
8.2113 3.1216 -2.7020 0.9639
8.0817 3.4091 -2.6979 0.9640
7.9414 3.6911 -2.6935 0.9640
6.8887 5.2424 -2.6626 0.9644
6.6812 5.4741 -2.6567 0.9645
6.4656 5.6974 -2.6506 0.9646
6.2422 5.9118 -2.6444 0.9647
6.0113 6.1172 -2.6380 0.9647
5.2784 6.6768 -2.6179 0.9650
5.0220 6.8438 -2.6109 0.9651
4.4704 6.5744 -2.4453 0.9673
4.2199 6.7122 -2.4386 0.9674
3.9651 6.8402 -2.4318 0.9675
2.9117 7.2536 -2.4041 0.9678
2.6417 7.3319 -2.3970 0.9679
2.3698 7.4002 -2.3900 0.9680
0.9956 7.5921 -2.3552 0.9685
0.7203 7.6004 -2.3482 0.9686
0.4457 7.5989 -2.3413 0.9686
-0.0858 6.4957 -1.9981 0.9732
-0.7995 6.5795 -2.0386 0.9726
-1.2840 6.5796 -2.0619 0.9723
-1.7823 6.5797 -2.0967 0.9719
-2.5691 6.5799 -2.1726 0.9709
-2.8454 6.5799 -2.2050 0.9704
-3.3743 6.4820 -2.2477 0.9699
-4.0243 6.0407 -2.2326 0.9701
-4.2296 5.8799 -2.2278 0.9701
-4.4289 5.7126 -2.2233 0.9702
-4.8087 5.3594 -2.2147 0.9703
-5.1625 4.9828 -2.2069 0.9704
-5.3291 4.7864 -2.2032 0.9705
-6.0074 4.6622 -2.3389 0.9687
-6.1622 4.4373 -2.3356 0.9687
-6.5794 3.7354 -2.3271 0.9688
-6.8170 3.2473 -2.3225 0.9689
-7.1912 2.2319 -2.3159 0.9690
-7.3813 1.4443 -2.3134 0.9690
-7.4271 1.1782 -2.3130 0.9690
-7.4640 0.9108 -2.3128 0.9690
-7.4921 0.6423 -2.3129 0.9690
-7.5214 0.1031 -2.3137 0.9690
-7.5227 -0.1670 -2.3144 0.9690
-7.4726 -0.9762 -2.3180 0.9690
-7.4380 -1.2447 -2.3196 0.9689
-7.3945 -1.5121 -2.3214 0.9689
-7.2806 -2.0426 -2.3258 0.9689
-7.2104 -2.3051 -2.3283 0.9688
-7.0436 -2.8234 -2.3340 0.9687
-6.8419 -3.3307 -2.3406 0.9687
-6.7282 -3.5797 -2.3441 0.9686
-6.4754 -4.0666 -2.3519 0.9685
-5.8710 -4.9891 -2.3698 0.9683
-5.7000 -5.2075 -2.3747 0.9682
-5.5212 -5.4204 -2.3798 0.9681
-5.3350 -5.6275 -2.3851 0.9681
-5.0829 -5.7626 -2.3634 0.9684
-4.7362 -5.7748 -2.2972 0.9692
-4.0342 -6.1684 -2.2670 0.9696
-3.8200 -6.3255 -2.2728 0.9695
-3.1430 -6.7534 -2.2911 0.9693
-2.6651 -7.0003 -2.3039 0.9691
-2.4189 -7.1115 -2.3104 0.9691
-2.1683 -7.2144 -2.3170 0.9690
-1.9134 -7.3086 -2.3237 0.9689
-1.1265 -7.5379 -2.3442 0.9686
-0.8577 -7.5959 -2.3512 0.9685
-0.0388 -8.2126 -2.5260 0.9662
0.2567 -8.2331 -2.5336 0.9661
0.8518 -8.2421 -2.5486 0.9659
2.6391 -8.0067 -2.5930 0.9653
2.9329 -7.9287 -2.6002 0.9652
3.2245 -7.8397 -2.6073 0.9651
4.3584 -7.3738 -2.6346 0.9648
4.6317 -7.2304 -2.6411 0.9647
5.1628 -6.9120 -2.6536 0.9645
5.4198 -6.7374 -2.6596 0.9645
5.4455 -5.8542 -2.6577 0.9669
5.8728 -5.4683 -2.6674 0.9667
6.0756 -5.2629 -2.6719 0.9667
6.2708 -5.0495 -2.6762 0.9666
6.4579 -4.8285 -2.6803 0.9666
7.2615 -3.6205 -2.6972 0.9664
7.3940 -3.3607 -2.6998 0.9663
7.5163 -3.0958 -2.7021 0.9663
7.6285 -2.8261 -2.7042 0.9663
7.8211 -2.2743 -2.7074 0.9662
7.9012 -1.9930 -2.7087 0.9662
3.2691 -0.3395 -1.0925 0.9862
3.2723 -0.2214 -1.0902 0.9863
3.2723 -0.1036 -1.0883 0.9863
3.2731 0.0139 -1.0880 0.9863
8.0435 1.1980 -2.7032 0.9663
7.9231 1.7690 -2.6985 0.9664
7.8466 2.0502 -2.6958 0.9664
7.7593 2.3279 -2.6928 0.9664
7.5534 2.8714 -2.6861 0.9665
7.4351 3.1363 -2.6823 0.9666
7.3068 3.3962 -2.6784 0.9666
7.1690 3.6505 -2.6742 0.9667
5.9566 5.2488 -2.6390 0.9671
5.7518 5.4474 -2.6333 0.9672
5.0977 5.9928 -2.6153 0.9674
4.8676 6.1571 -2.6090 0.9675
4.6321 6.3124 -2.6026 0.9675
3.8939 6.1936 -2.4319 0.9696
3.6596 6.3132 -2.4256 0.9697
2.9364 6.6175 -2.4065 0.9699
2.6897 6.7006 -2.4001 0.9700
2.4408 6.7744 -2.3936 0.9701
2.1901 6.8390 -2.3871 0.9702
1.4304 6.9772 -2.3675 0.9704
1.1758 7.0050 -2.3611 0.9705
0.9211 7.0233 -2.3546 0.9706
0.1594 7.0239 -2.3354 0.9708
-0.0858 6.4960 -2.1595 0.9730
-0.3193 6.4960 -2.1619 0.9730
-0.5608 6.5799 -2.1951 0.9725
-0.7996 6.5799 -2.2033 0.9724
-1.0405 6.5799 -2.2144 0.9723
-1.5312 6.5800 -2.2456 0.9719
-1.7989 6.6408 -2.2870 0.9714
-2.2597 6.4630 -2.2759 0.9716
-2.7048 6.2549 -2.2652 0.9717
-3.1326 6.0177 -2.2551 0.9718
-3.3394 5.8887 -2.2503 0.9719
-3.5412 5.7529 -2.2456 0.9719
-4.2948 5.1470 -2.2283 0.9721
-4.6370 4.8089 -2.2206 0.9722
-5.2204 4.6887 -2.3325 0.9709
-5.5861 4.3353 -2.3505 0.9706
-5.7307 4.1266 -2.3474 0.9707
-5.8679 3.9134 -2.3445 0.9707
-6.1202 3.4748 -2.3394 0.9708
-6.2350 3.2497 -2.3372 0.9708
-6.3420 3.0211 -2.3351 0.9708
-6.6161 2.3169 -2.3302 0.9709
-6.6916 2.0769 -2.3290 0.9709
-6.7588 1.8345 -2.3280 0.9709
-6.9113 1.0965 -2.3262 0.9709
-6.9461 0.8476 -2.3261 0.9709
-6.9722 0.5977 -2.3261 0.9709
-7.0004 -0.1554 -2.3275 0.9709
-6.9772 -0.6578 -2.3295 0.9709
-6.9530 -0.9083 -2.3309 0.9709
-6.7069 -2.1442 -2.3406 0.9708
-6.4603 -2.8628 -2.3488 0.9707
-6.1412 -3.5559 -2.3589 0.9705
-5.4543 -4.6350 -2.3793 0.9703
-4.9540 -5.2257 -2.3936 0.9701
-4.3860 -5.7574 -2.4059 0.9700
-4.0755 -5.7682 -2.3477 0.9707
-3.5435 -5.8676 -2.2785 0.9715
-2.9138 -6.2610 -2.2955 0.9713
-2.6941 -6.3778 -2.3014 0.9712
-2.4697 -6.4872 -2.3074 0.9712
-2.0085 -6.6828 -2.3196 0.9710
-1.7721 -6.7686 -2.3258 0.9709
-0.8180 -7.2440 -2.4233 0.9697
-0.5775 -7.5304 -2.5105 0.9687
-0.3077 -7.5671 -2.5174 0.9686
-0.0359 -7.5941 -2.5244 0.9685
0.5118 -7.6188 -2.5382 0.9683
1.0629 -7.6038 -2.5521 0.9682
1.3387 -7.5811 -2.5590 0.9681
1.6143 -7.5484 -2.5659 0.9680
2.1631 -7.4523 -2.5794 0.9678
2.4355 -7.3890 -2.5861 0.9677
2.7061 -7.3154 -2.5927 0.9677
3.7619 -6.9203 -2.6182 0.9673
4.7559 -6.3673 -2.6418 0.9671
5.4455 -5.8542 -2.6577 0.9669
5.6627 -5.6655 -2.6626 0.9668
6.2708 -5.0495 -2.6762 0.9666
7.5164 -3.0958 -2.7021 0.9663
7.7301 -2.5522 -2.7059 0.9663
7.9012 -1.9930 -2.7087 0.9662
7.9704 -1.7087 -2.7096 0.9662
3.2845 -0.4608 -1.1025 0.9861
3.2691 -0.3395 -1.0925 0.9862
3.2716 0.1314 -1.0884 0.9863
3.2667 0.2489 -1.0890 0.9863
3.3346 0.3749 -1.1154 0.9860
8.0435 1.1980 -2.7032 0.9663
7.9888 1.4848 -2.7010 0.9663
7.9231 1.7690 -2.6985 0.9664
7.8466 2.0502 -2.6958 0.9664
7.4351 3.1363 -2.6823 0.9666
7.3069 3.3962 -2.6784 0.9666
7.1690 3.6505 -2.6742 0.9667
6.8652 4.1414 -2.6651 0.9668
6.7000 4.3772 -2.6603 0.9668
6.5262 4.6061 -2.6552 0.9669
6.3441 4.8279 -2.6500 0.9670
5.9566 5.2488 -2.6390 0.9671
5.7518 5.4474 -2.6333 0.9672
5.5402 5.6378 -2.6274 0.9672
5.3221 5.8196 -2.6214 0.9673
4.8676 6.1571 -2.6090 0.9675
3.6596 6.3132 -2.4256 0.9697
3.4217 6.4237 -2.4193 0.9698
2.9364 6.6175 -2.4065 0.9699
2.6897 6.7006 -2.4001 0.9700
2.4408 6.7744 -2.3936 0.9701
2.1901 6.8390 -2.3871 0.9702
1.9379 6.8944 -2.3805 0.9703
1.4304 6.9772 -2.3675 0.9704
0.4126 7.0327 -2.3417 0.9707
0.1594 7.0239 -2.3354 0.9708
-0.0858 6.4960 -2.1595 0.9730
-1.2841 6.5800 -2.2285 0.9721
-2.9210 6.1398 -2.2601 0.9717
-3.1326 6.0177 -2.2551 0.9718
-3.7378 5.6107 -2.2410 0.9720
-3.9291 5.4622 -2.2366 0.9720
-4.2948 5.1469 -2.2283 0.9721
-4.4689 4.9807 -2.2244 0.9722
-4.8750 4.7054 -2.2522 0.9718
-5.2204 4.6887 -2.3325 0.9709
-5.4344 4.5393 -2.3537 0.9706
-5.5861 4.3353 -2.3505 0.9706
-5.7307 4.1266 -2.3474 0.9707
-5.8679 3.9134 -2.3445 0.9707
-6.1202 3.4748 -2.3394 0.9708
-6.4413 2.7893 -2.3333 0.9708
-6.5327 2.5545 -2.3316 0.9709
-6.6161 2.3169 -2.3302 0.9709
-6.6915 2.0769 -2.3290 0.9709
-6.7588 1.8345 -2.3280 0.9709
-6.8690 1.3441 -2.3266 0.9709
-6.9113 1.0965 -2.3262 0.9709
-6.9722 0.5977 -2.3261 0.9709
-6.9930 -0.4067 -2.3284 0.9709
-6.9772 -0.6578 -2.3295 0.9709
-6.8303 -1.6542 -2.3361 0.9708
-6.7728 -1.9001 -2.3382 0.9708
-6.6329 -2.3861 -2.3431 0.9707
-6.5506 -2.6258 -2.3459 0.9707
-6.4603 -2.8628 -2.3488 0.9707
-6.1412 -3.5559 -2.3589 0.9705
-5.8892 -4.0002 -2.3665 0.9704
-5.7517 -4.2163 -2.3706 0.9704
-5.6067 -4.4279 -2.3748 0.9703
-5.4543 -4.6350 -2.3793 0.9703
-5.1278 -5.0341 -2.3886 0.9702
-4.9540 -5.2257 -2.3936 0.9701
-4.3860 -5.7574 -2.4059 0.9700
-4.0755 -5.7682 -2.3477 0.9707
-3.5434 -5.8676 -2.2785 0.9715
-3.3387 -6.0057 -2.2841 0.9715
-2.6941 -6.3778 -2.3014 0.9712
-2.0085 -6.6828 -2.3196 0.9710
-1.7721 -6.7686 -2.3258 0.9709
-0.8180 -7.2440 -2.4232 0.9697
-0.3077 -7.5671 -2.5174 0.9686
-0.0360 -7.5941 -2.5244 0.9685
0.5118 -7.6188 -2.5382 0.9683
1.3387 -7.5811 -2.5590 0.9681
1.6143 -7.5484 -2.5659 0.9680
1.8892 -7.5054 -2.5727 0.9679
2.4355 -7.3890 -2.5861 0.9677
2.9744 -7.2318 -2.5993 0.9676
3.2401 -7.1380 -2.6057 0.9675
3.5027 -7.0341 -2.6120 0.9674
4.0172 -6.7965 -2.6243 0.9673
4.5146 -6.5199 -2.6361 0.9671
4.7559 -6.3673 -2.6418 0.9671
4.9918 -6.2053 -2.6472 0.9670
5.2218 -6.0342 -2.6526 0.9669
5.8728 -5.4683 -2.6674 0.9667
6.0756 -5.2629 -2.6719 0.9667
6.2708 -5.0495 -2.6762 0.9666
6.6365 -4.6002 -2.6842 0.9665
6.8066 -4.3649 -2.6878 0.9665
6.9676 -4.1229 -2.6912 0.9664
7.1194 -3.8747 -2.6943 0.9664
7.2616 -3.6205 -2.6972 0.9664
7.3940 -3.3607 -2.6998 0.9663
7.5164 -3.0958 -2.7021 0.9663
3.3625 -0.5955 -1.1351 0.9857
3.2845 -0.4608 -1.1025 0.9861
3.2723 -0.2214 -1.0902 0.9863
3.2731 0.0139 -1.0880 0.9863
7.7593 2.3279 -2.6928 0.9664
7.4351 3.1363 -2.6823 0.9666
7.3069 3.3962 -2.6784 0.9666
7.1690 3.6505 -2.6742 0.9667
7.0217 3.8991 -2.6697 0.9667
6.5262 4.6062 -2.6552 0.9669
6.3441 4.8279 -2.6500 0.9670
5.3221 5.8196 -2.6214 0.9673
4.8676 6.1571 -2.6090 0.9675
4.1241 6.0652 -2.4380 0.9696
3.8939 6.1937 -2.4319 0.9696
2.6897 6.7006 -2.4001 0.9700
2.4408 6.7744 -2.3936 0.9701
2.1901 6.8390 -2.3871 0.9702
1.9379 6.8944 -2.3805 0.9703
1.1758 7.0050 -2.3611 0.9705
0.9211 7.0233 -2.3546 0.9706
0.6665 7.0326 -2.3481 0.9707
0.1594 7.0239 -2.3354 0.9708
-0.3193 6.4960 -2.1619 0.9730
-0.5608 6.5799 -2.1951 0.9725
-0.7996 6.5799 -2.2033 0.9724
-1.0405 6.5799 -2.2144 0.9723
-1.2841 6.5800 -2.2285 0.9721
-1.5312 6.5800 -2.2456 0.9719
-2.2597 6.4630 -2.2759 0.9716
-2.4844 6.3627 -2.2705 0.9716
-2.9210 6.1398 -2.2601 0.9717
-3.3394 5.8887 -2.2503 0.9719
-3.5412 5.7529 -2.2456 0.9719
-3.7379 5.6107 -2.2410 0.9720
-3.9291 5.4622 -2.2366 0.9720
-4.1148 5.3075 -2.2324 0.9721
-4.4689 4.9807 -2.2244 0.9722
-5.4344 4.5393 -2.3537 0.9706
-5.5861 4.3353 -2.3505 0.9706
-5.7307 4.1266 -2.3474 0.9707
-5.8679 3.9134 -2.3445 0.9707
-6.6161 2.3169 -2.3302 0.9709
-6.7588 1.8345 -2.3280 0.9709
-6.8180 1.5902 -2.3272 0.9709
-6.9461 0.8476 -2.3261 0.9709
-6.9722 0.5977 -2.3261 0.9709
-6.9900 0.3471 -2.3264 0.9709
-6.9930 -0.4067 -2.3284 0.9709
-6.9530 -0.9083 -2.3309 0.9709
-6.8796 -1.4068 -2.3341 0.9708
-6.8303 -1.6543 -2.3361 0.9708
-6.7069 -2.1442 -2.3406 0.9708
-6.5506 -2.6258 -2.3459 0.9707
-6.4603 -2.8628 -2.3488 0.9707
-6.2555 -3.3281 -2.3553 0.9706
-6.1412 -3.5559 -2.3589 0.9705
-6.0190 -3.7800 -2.3626 0.9705
-5.8892 -4.0002 -2.3665 0.9704
-5.6067 -4.4279 -2.3748 0.9703
-5.4543 -4.6350 -2.3793 0.9703
-5.2946 -4.8371 -2.3839 0.9702
-5.1278 -5.0341 -2.3886 0.9702
-4.9540 -5.2257 -2.3936 0.9701
-4.3860 -5.7574 -2.4059 0.9700
-4.0755 -5.7682 -2.3477 0.9707
-3.7789 -5.7780 -2.2949 0.9713
-3.5434 -5.8676 -2.2785 0.9715
-3.3387 -6.0057 -2.2841 0.9715
-2.4697 -6.4872 -2.3074 0.9712
-1.7721 -6.7686 -2.3258 0.9709
-1.5321 -6.8463 -2.3320 0.9709
-1.2888 -6.9156 -2.3384 0.9708
-0.8180 -7.2440 -2.4233 0.9697
-0.0360 -7.5941 -2.5244 0.9685
0.2374 -7.6114 -2.5313 0.9684
0.5118 -7.6188 -2.5382 0.9683
1.0629 -7.6038 -2.5521 0.9682
1.6143 -7.5484 -2.5659 0.9680
1.8892 -7.5054 -2.5727 0.9679
2.1631 -7.4523 -2.5794 0.9678
2.9744 -7.2318 -2.5993 0.9676
4.5146 -6.5199 -2.6361 0.9671
5.8729 -5.4683 -2.6674 0.9667
6.0756 -5.2628 -2.6719 0.9667
6.2708 -5.0495 -2.6762 0.9666
6.6365 -4.6002 -2.6842 0.9665
6.8066 -4.3649 -2.6878 0.9665
7.1194 -3.8746 -2.6943 0.9664
7.2616 -3.6204 -2.6972 0.9664
7.5164 -3.0958 -2.7021 0.9663
7.6284 -2.8261 -2.7042 0.9663
7.7301 -2.5522 -2.7059 0.9663
7.8211 -2.2743 -2.7074 0.9662
7.9704 -1.7087 -2.7096 0.9662
3.3625 -0.5955 -1.1351 0.9857
3.2691 -0.3395 -1.0925 0.9862
3.2723 -0.1036 -1.0883 0.9863
3.2716 0.1314 -1.0884 0.9863
3.3346 0.3749 -1.1154 0.9860
7.9888 1.4848 -2.7010 0.9663
7.9231 1.7690 -2.6985 0.9664
7.7593 2.3279 -2.6928 0.9664
7.4351 3.1363 -2.6823 0.9666
7.3068 3.3962 -2.6784 0.9666
7.1690 3.6505 -2.6742 0.9667
6.8652 4.1414 -2.6651 0.9668
6.5262 4.6062 -2.6552 0.9669
6.1541 5.0422 -2.6446 0.9670
5.9566 5.2488 -2.6390 0.9671
5.0977 5.9928 -2.6153 0.9674
4.8676 6.1571 -2.6090 0.9675
3.4217 6.4237 -2.4193 0.9698
3.1805 6.5252 -2.4129 0.9699
2.9364 6.6175 -2.4065 0.9699
2.4408 6.7744 -2.3936 0.9701
2.1901 6.8390 -2.3871 0.9702
1.9379 6.8944 -2.3805 0.9703
1.4304 6.9772 -2.3675 0.9704
1.1758 7.0050 -2.3611 0.9705
0.6665 7.0326 -2.3481 0.9707
0.1594 7.0239 -2.3354 0.9708
-0.3193 6.4960 -2.1619 0.9730
-0.7996 6.5799 -2.2033 0.9724
-1.0405 6.5799 -2.2144 0.9723
-1.2841 6.5800 -2.2285 0.9721
-1.5312 6.5800 -2.2457 0.9719
-2.0312 6.5558 -2.2814 0.9715
-2.2597 6.4630 -2.2759 0.9716
-2.7048 6.2549 -2.2652 0.9717
-2.9210 6.1398 -2.2601 0.9717
-3.1326 6.0177 -2.2551 0.9718
-3.5412 5.7529 -2.2456 0.9719
-3.7379 5.6107 -2.2410 0.9720
-3.9291 5.4622 -2.2366 0.9720
-4.1148 5.3075 -2.2324 0.9721
-4.4689 4.9807 -2.2244 0.9722
-4.6370 4.8089 -2.2206 0.9722
-5.2205 4.6887 -2.3325 0.9709
-5.5861 4.3353 -2.3505 0.9706
-5.9979 3.6961 -2.3419 0.9707
-6.1203 3.4747 -2.3394 0.9708
-6.2350 3.2497 -2.3372 0.9708
-6.4413 2.7893 -2.3333 0.9708
-6.5327 2.5545 -2.3316 0.9709
-6.6915 2.0769 -2.3290 0.9709
-6.7588 1.8345 -2.3280 0.9709
-6.8180 1.5902 -2.3272 0.9709
-6.8690 1.3441 -2.3266 0.9709
-6.9115 1.0964 -2.3262 0.9709
-6.9461 0.8476 -2.3261 0.9709
-6.9900 0.3471 -2.3264 0.9709
-7.0004 -0.1554 -2.3275 0.9709
-6.9530 -0.9084 -2.3309 0.9709
-6.9205 -1.1581 -2.3324 0.9709
-6.8796 -1.4068 -2.3341 0.9708
-6.6329 -2.3861 -2.3431 0.9707
-6.5506 -2.6258 -2.3459 0.9707
-6.3619 -3.0970 -2.3520 0.9706
-5.8892 -4.0002 -2.3665 0.9704
-5.7517 -4.2163 -2.3706 0.9704
-5.4543 -4.6350 -2.3793 0.9703
-4.9540 -5.2257 -2.3936 0.9701
-4.3860 -5.7574 -2.4059 0.9700
-3.5437 -5.8676 -2.2785 0.9715
-2.9138 -6.2610 -2.2955 0.9713
-2.6941 -6.3778 -2.3014 0.9712
-2.0085 -6.6828 -2.3196 0.9710
-1.7721 -6.7686 -2.3258 0.9709
-1.5321 -6.8463 -2.3320 0.9709
-1.2888 -6.9156 -2.3384 0.9708
-0.8180 -7.2440 -2.4233 0.9697
-0.5775 -7.5304 -2.5105 0.9687
-0.3077 -7.5671 -2.5174 0.9686
0.2374 -7.6114 -2.5313 0.9684
1.0629 -7.6038 -2.5521 0.9682
1.3388 -7.5811 -2.5590 0.9681
1.8892 -7.5054 -2.5727 0.9679
2.1631 -7.4523 -2.5794 0.9678
2.9745 -7.2318 -2.5993 0.9676
3.5028 -7.0341 -2.6120 0.9674
3.7619 -6.9203 -2.6182 0.9673
4.0172 -6.7965 -2.6243 0.9673
4.5146 -6.5199 -2.6361 0.9671
4.7559 -6.3673 -2.6418 0.9671
4.9918 -6.2053 -2.6472 0.9670
5.2218 -6.0342 -2.6526 0.9669
5.0399 -5.4181 -2.6462 0.9691
5.8007 -4.6710 -2.6633 0.9689
5.9730 -4.4661 -2.6671 0.9688
6.1377 -4.2544 -2.6706 0.9688
6.5823 -3.5824 -2.6799 0.9687
6.7133 -3.3471 -2.6825 0.9686
6.8352 -3.1067 -2.6849 0.9686
6.9479 -2.8616 -2.6871 0.9686
7.0511 -2.6122 -2.6890 0.9686
7.3023 -1.8419 -2.6931 0.9685
7.3661 -1.5791 -2.6940 0.9685
3.1651 -0.5605 -1.1495 0.9864
3.1110 -0.4364 -1.1234 0.9867
3.1154 -0.3235 -1.1201 0.9868
3.1201 0.0132 -1.1158 0.9868
3.1180 0.1252 -1.1159 0.9868
7.3848 1.3725 -2.6861 0.9686
7.3246 1.6353 -2.6838 0.9686
7.2544 1.8954 -2.6813 0.9687
7.1743 2.1524 -2.6786 0.9687
6.9852 2.6554 -2.6724 0.9688
6.6319 3.3771 -2.6614 0.9689
6.2005 4.0509 -2.6486 0.9690
6.0404 4.2633 -2.6440 0.9691
5.5158 4.8604 -2.6290 0.9693
5.1319 5.2223 -2.6183 0.9694
4.9306 5.3916 -2.6128 0.9694
4.7236 5.5530 -2.6071 0.9695
4.5112 5.7063 -2.6013 0.9696
4.2937 5.8513 -2.5954 0.9696
3.8687 5.6896 -2.4604 0.9712
3.6107 5.7433 -2.4260 0.9716
3.1741 5.9588 -2.4144 0.9717
2.7249 6.1409 -2.4025 0.9719
2.4965 6.2193 -2.3965 0.9719
2.2660 6.2890 -2.3905 0.9720
2.0336 6.3503 -2.3845 0.9721
1.7998 6.4029 -2.3784 0.9721
0.8561 6.5276 -2.3543 0.9724
0.6196 6.5374 -2.3483 0.9725
0.3836 6.5388 -2.3423 0.9726
0.1482 6.5318 -2.3364 0.9726
-0.0861 6.5165 -2.3306 0.9727
-0.3192 6.4930 -2.3247 0.9728
-0.5507 6.4613 -2.3190 0.9728
-0.7804 6.4216 -2.3133 0.9729
-1.4557 6.2554 -2.2967 0.9731
-2.1052 6.0211 -2.2810 0.9733
-2.3149 5.9286 -2.2760 0.9733
-2.5208 5.8291 -2.2711 0.9734
-3.3021 5.3645 -2.2527 0.9736
-3.6648 5.0947 -2.2443 0.9737
-4.0069 4.8019 -2.2365 0.9738
-4.7691 4.6032 -2.3703 0.9722
-4.9242 4.4226 -2.3669 0.9723
-5.0728 4.2373 -2.3637 0.9723
-5.3504 3.8527 -2.3578 0.9724
-5.6007 3.4513 -2.3526 0.9724
-5.7154 3.2449 -2.3503 0.9725
-5.8229 3.0349 -2.3482 0.9725
-6.1019 2.3860 -2.3430 0.9726
-6.1801 2.1642 -2.3416 0.9726
-6.2507 1.9400 -2.3405 0.9726
-6.3137 1.7137 -2.3395 0.9726
-6.4568 1.0243 -2.3379 0.9726
-6.5299 0.3242 -2.3380 0.9726
-6.5394 -0.1452 -2.3391 0.9726
-6.5323 -0.3799 -2.3400 0.9726
-6.5174 -0.6145 -2.3410 0.9726
-6.4639 -1.0817 -2.3437 0.9725
-6.4254 -1.3140 -2.3453 0.9725
-6.3791 -1.5450 -2.3472 0.9725
-6.3249 -1.7745 -2.3492 0.9725
-6.2630 -2.0023 -2.3514 0.9725
-6.1934 -2.2280 -2.3538 0.9724
-6.0313 -2.6727 -2.3591 0.9724
-5.9389 -2.8911 -2.3621 0.9723
-5.8390 -3.1066 -2.3652 0.9723
-5.7318 -3.3188 -2.3685 0.9723
-5.6172 -3.5276 -2.3720 0.9722
-5.2305 -4.1309 -2.3835 0.9721
-5.0878 -4.3235 -2.3876 0.9720
-4.6192 -4.8725 -2.4010 0.9719
-4.4501 -5.0452 -2.4058 0.9718
-4.2748 -5.2123 -2.4107 0.9718
-3.9062 -5.5288 -2.4209 0.9717
-3.7134 -5.6779 -2.4261 0.9716
-2.5079 -5.9372 -2.3048 0.9730
-1.8688 -6.2177 -2.3218 0.9728
-1.6485 -6.2964 -2.3275 0.9727
-1.4250 -6.3675 -2.3334 0.9727
-1.2140 -6.5144 -2.3697 0.9722
-1.0115 -6.7680 -2.4472 0.9713
-0.7855 -6.9569 -2.5036 0.9707
-0.5367 -6.9984 -2.5100 0.9706
-0.2859 -7.0311 -2.5165 0.9705
-0.0334 -7.0548 -2.5229 0.9705
0.4753 -7.0750 -2.5358 0.9703
0.7308 -7.0713 -2.5422 0.9703
1.4980 -7.0042 -2.5614 0.9700
2.7574 -6.7041 -2.5923 0.9697
3.0032 -6.6159 -2.5982 0.9696
3.2460 -6.5185 -2.6041 0.9695
4.1809 -6.0379 -2.6263 0.9693
4.4037 -5.8956 -2.6315 0.9692
4.6213 -5.7448 -2.6366 0.9692
4.8335 -5.5856 -2.6415 0.9691
5.2401 -5.2427 -2.6508 0.9690
5.6209 -4.8689 -2.6593 0.9689
5.8007 -4.6710 -2.6633 0.9689
5.9730 -4.4660 -2.6671 0.9688
6.1377 -4.2544 -2.6706 0.9688
6.4426 -3.8123 -2.6770 0.9687
7.1446 -2.3589 -2.6906 0.9685
7.3023 -1.8419 -2.6931 0.9685
3.1521 0.3544 -1.1343 0.9866
3.8255 0.5698 -1.3831 0.9837
7.3848 1.3725 -2.6861 0.9686
6.7587 3.1414 -2.6653 0.9688
6.6319 3.3771 -2.6614 0.9689
6.4965 3.6074 -2.6573 0.9689
6.3526 3.8321 -2.6531 0.9690
6.0405 4.2634 -2.6440 0.9691
5.1319 5.2223 -2.6183 0.9694
4.9306 5.3916 -2.6128 0.9694
4.7236 5.5530 -2.6071 0.9695
4.2937 5.8513 -2.5954 0.9696
3.6107 5.7433 -2.4260 0.9716
3.3942 5.8552 -2.4202 0.9717
3.1741 5.9588 -2.4144 0.9717
2.7249 6.1409 -2.4025 0.9719
2.2660 6.2890 -2.3905 0.9720
2.0336 6.3503 -2.3845 0.9721
1.7998 6.4029 -2.3784 0.9721
1.5648 6.4469 -2.3724 0.9722
1.3289 6.4823 -2.3663 0.9723
1.0926 6.5092 -2.3603 0.9724
0.8561 6.5276 -2.3543 0.9724
0.3836 6.5388 -2.3423 0.9726
0.1482 6.5318 -2.3364 0.9726
-0.3192 6.4930 -2.3247 0.9728
-0.7804 6.4216 -2.3133 0.9729
-1.4557 6.2554 -2.2967 0.9731
-1.6753 6.1847 -2.2914 0.9731
-1.8920 6.1066 -2.2862 0.9732
-2.1052 6.0211 -2.2810 0.9733
-2.3149 5.9286 -2.2760 0.9733
-2.9203 5.6098 -2.2616 0.9735
-3.1135 5.4903 -2.2571 0.9735
-3.6648 5.0947 -2.2443 0.9737
-3.8385 4.9511 -2.2403 0.9737
-4.5253 4.6931 -2.3314 0.9727
-4.9242 4.4226 -2.3669 0.9723
-5.8229 3.0349 -2.3482 0.9725
-6.0162 2.6052 -2.3445 0.9725
-6.1801 2.1642 -2.3416 0.9726
-6.2507 1.9400 -2.3405 0.9726
-6.4169 1.2556 -2.3382 0.9726
-6.5300 0.3243 -2.3380 0.9726
-6.5386 0.0896 -2.3385 0.9726
-6.5174 -0.6145 -2.3410 0.9726
-6.2630 -2.0023 -2.3514 0.9725
-6.1934 -2.2281 -2.3538 0.9724
-5.9389 -2.8911 -2.3621 0.9723
-5.7318 -3.3188 -2.3685 0.9723
-5.4954 -3.7327 -2.3757 0.9722
-5.3665 -3.9339 -2.3795 0.9721
-4.7820 -4.6946 -2.3964 0.9719
-4.0935 -5.3736 -2.4157 0.9717
-3.9063 -5.5288 -2.4209 0.9717
-3.2069 -5.7686 -2.3603 0.9724
-2.9450 -5.7765 -2.3187 0.9728
-2.2987 -6.0379 -2.3104 0.9729
-2.0856 -6.1315 -2.3160 0.9729
-1.8688 -6.2177 -2.3218 0.9728
-1.2140 -6.5144 -2.3697 0.9722
-1.0115 -6.7680 -2.4472 0.9713
-0.2859 -7.0311 -2.5165 0.9705
-0.0334 -7.0548 -2.5229 0.9705
0.9866 -7.0583 -2.5486 0.9702
1.2425 -7.0359 -2.5550 0.9701
1.4979 -7.0042 -2.5614 0.9700
1.7527 -6.9630 -2.5677 0.9700
2.2587 -6.8523 -2.5801 0.9698
2.5091 -6.7829 -2.5863 0.9697
2.7574 -6.7041 -2.5923 0.9697
3.2460 -6.5185 -2.6041 0.9695
3.4856 -6.4119 -2.6098 0.9695
3.7215 -6.2962 -2.6155 0.9694
4.1809 -6.0379 -2.6263 0.9693
4.4037 -5.8956 -2.6315 0.9692
4.8335 -5.5856 -2.6415 0.9691
5.0399 -5.4181 -2.6462 0.9691
5.2401 -5.2427 -2.6508 0.9690
5.6209 -4.8689 -2.6593 0.9689
5.8007 -4.6710 -2.6633 0.9689
5.9731 -4.4660 -2.6671 0.9688
6.1377 -4.2544 -2.6706 0.9688
6.5823 -3.5824 -2.6799 0.9687
6.7133 -3.3471 -2.6825 0.9686
6.8352 -3.1067 -2.6849 0.9686
7.0511 -2.6122 -2.6890 0.9686
7.1446 -2.3589 -2.6906 0.9685
7.2284 -2.1020 -2.6920 0.9685
7.3023 -1.8419 -2.6931 0.9685
7.3661 -1.5791 -2.6940 0.9685
3.1154 -0.3235 -1.1201 0.9868
3.1208 -0.0988 -1.1166 0.9868
3.1201 0.0132 -1.1158 0.9868
3.1180 0.1252 -1.1159 0.9868
7.3848 1.3725 -2.6861 0.9686
7.3246 1.6353 -2.6838 0.9686
6.9852 2.6554 -2.6724 0.9688
6.8765 2.9007 -2.6689 0.9688
6.6319 3.3771 -2.6614 0.9689
6.4965 3.6074 -2.6573 0.9689
6.0405 4.2634 -2.6440 0.9691
5.1319 5.2223 -2.6183 0.9694
4.9306 5.3916 -2.6128 0.9694
3.8687 5.6896 -2.4604 0.9712
3.6107 5.7433 -2.4260 0.9716
3.3942 5.8552 -2.4202 0.9717
2.9509 6.0541 -2.4085 0.9718
2.4965 6.2193 -2.3965 0.9719
2.2660 6.2890 -2.3905 0.9720
2.0336 6.3503 -2.3845 0.9721
1.3289 6.4823 -2.3663 0.9723
1.0926 6.5092 -2.3603 0.9724
0.3836 6.5388 -2.3423 0.9726
-0.0861 6.5165 -2.3306 0.9727
-0.3192 6.4930 -2.3247 0.9728
-0.7804 6.4216 -2.3133 0.9729
-1.0079 6.3740 -2.3077 0.9730
-1.2331 6.3185 -2.3022 0.9730
-1.4557 6.2554 -2.2967 0.9731
-1.8920 6.1066 -2.2862 0.9732
-2.1052 6.0211 -2.2810 0.9733
-3.1135 5.4903 -2.2571 0.9735
-3.6648 5.0947 -2.2443 0.9737
-4.0069 4.8019 -2.2365 0.9738
-4.2238 4.7075 -2.2618 0.9735
-4.7691 4.6032 -2.3703 0.9722
-4.9242 4.4226 -2.3669 0.9723
-5.0729 4.2372 -2.3637 0.9723
-5.3504 3.8527 -2.3578 0.9724
-5.6007 3.4513 -2.3526 0.9724
-5.7154 3.2449 -2.3503 0.9725
-5.8229 3.0349 -2.3482 0.9725
-5.9232 2.8216 -2.3462 0.9725
-6.1019 2.3860 -2.3430 0.9726
-6.1801 2.1642 -2.3416 0.9726
-6.3137 1.7137 -2.3395 0.9726
-6.4890 0.7918 -2.3377 0.9726
-6.5134 0.5584 -2.3378 0.9726
-6.5300 0.3242 -2.3380 0.9726
-6.5386 0.0896 -2.3385 0.9726
-6.5394 -0.1452 -2.3391 0.9726
-6.5324 -0.3799 -2.3400 0.9726
-6.5174 -0.6145 -2.3410 0.9726
-6.4946 -0.8485 -2.3423 0.9726
-6.3249 -1.7745 -2.3492 0.9725
-6.2630 -2.0023 -2.3514 0.9725
-5.9389 -2.8911 -2.3621 0.9723
-5.8390 -3.1066 -2.3652 0.9723
-5.7318 -3.3188 -2.3685 0.9723
-5.6172 -3.5276 -2.3720 0.9722
-5.3665 -3.9339 -2.3795 0.9721
-5.2305 -4.1309 -2.3835 0.9721
-4.9382 -4.5115 -2.3919 0.9720
-4.6192 -4.8725 -2.4010 0.9719
-4.4501 -5.0452 -2.4058 0.9718
-4.2748 -5.2123 -2.4107 0.9718
-3.9063 -5.5288 -2.4209 0.9717
-3.4785 -5.7600 -2.4063 0.9718
-2.7130 -5.8295 -2.2994 0.9731
-2.2987 -6.0379 -2.3104 0.9729
-2.0856 -6.1315 -2.3160 0.9729
-1.8688 -6.2177 -2.3218 0.9728
-1.2140 -6.5144 -2.3697 0.9722
-0.7855 -6.9569 -2.5036 0.9707
-0.5367 -6.9984 -2.5100 0.9706
-0.2859 -7.0311 -2.5165 0.9705
0.7308 -7.0713 -2.5422 0.9703
1.2425 -7.0359 -2.5550 0.9701
2.2587 -6.8523 -2.5801 0.9698
3.2460 -6.5185 -2.6041 0.9695
4.6213 -5.7448 -2.6366 0.9692
5.2402 -5.2427 -2.6508 0.9690
5.6209 -4.8689 -2.6593 0.9689
5.8007 -4.6710 -2.6633 0.9689
6.1377 -4.2544 -2.6706 0.9688
6.2943 -4.0364 -2.6739 0.9687
6.5823 -3.5824 -2.6799 0.9687
6.8352 -3.1067 -2.6849 0.9686
6.9479 -2.8616 -2.6871 0.9686
7.0511 -2.6122 -2.6890 0.9686
7.3661 -1.5791 -2.6940 0.9685
3.1651 -0.5605 -1.1495 0.9864
3.1110 -0.4364 -1.1234 0.9867
3.1186 -0.2110 -1.1178 0.9868
3.1208 -0.0988 -1.1166 0.9868
3.1180 0.1252 -1.1159 0.9868
3.1521 0.3544 -1.1343 0.9866
3.8255 0.5698 -1.3831 0.9837
7.3848 1.3725 -2.6861 0.9686
7.2544 1.8955 -2.6813 0.9687
6.7587 3.1414 -2.6653 0.9688
6.6319 3.3771 -2.6614 0.9689
6.3526 3.8321 -2.6531 0.9690
6.2005 4.0509 -2.6486 0.9690
6.0405 4.2634 -2.6440 0.9691
5.6978 4.6684 -2.6342 0.9692
4.9306 5.3916 -2.6128 0.9694
4.2937 5.8513 -2.5954 0.9696
2.7249 6.1409 -2.4025 0.9719
2.2660 6.2890 -2.3905 0.9720
1.7998 6.4029 -2.3784 0.9721
1.5648 6.4469 -2.3724 0.9722
1.0926 6.5092 -2.3603 0.9724
0.6196 6.5374 -2.3483 0.9725
0.3836 6.5388 -2.3423 0.9726
0.1482 6.5318 -2.3364 0.9726
-0.5507 6.4613 -2.3190 0.9728
-0.7804 6.4216 -2.3133 0.9729
-1.2331 6.3185 -2.3022 0.9730
-1.8920 6.1066 -2.2862 0.9732
-2.1052 6.0211 -2.2810 0.9733
-2.3149 5.9286 -2.2760 0.9733
-2.5207 5.8291 -2.2711 0.9734
-2.7226 5.7227 -2.2663 0.9734
-2.9203 5.6098 -2.2616 0.9735
-3.4859 5.2326 -2.2484 0.9736
-3.8385 4.9511 -2.2403 0.9737
-4.7691 4.6031 -2.3703 0.9722
-4.9242 4.4226 -2.3669 0.9723
-5.2150 4.0472 -2.3606 0.9723
-5.3504 3.8527 -2.3578 0.9724
-5.4790 3.6540 -2.3551 0.9724
-5.6007 3.4513 -2.3526 0.9724
-5.7154 3.2449 -2.3503 0.9725
-5.9232 2.8216 -2.3462 0.9725
-6.0162 2.6052 -2.3445 0.9725
-6.2507 1.9400 -2.3405 0.9726
-6.3692 1.4855 -2.3388 0.9726
-6.4169 1.2556 -2.3382 0.9726
-6.5300 0.3242 -2.3380 0.9726
-6.5324 -0.3799 -2.3400 0.9726
-6.4946 -0.8485 -2.3423 0.9726
-6.4639 -1.0817 -2.3437 0.9725
-6.4254 -1.3140 -2.3453 0.9725
-6.3249 -1.7745 -2.3492 0.9725
-6.2630 -2.0023 -2.3514 0.9725
-6.1934 -2.2281 -2.3538 0.9724
-5.9389 -2.8911 -2.3621 0.9723
-5.8390 -3.1066 -2.3652 0.9723
-5.7318 -3.3188 -2.3685 0.9723
-5.6172 -3.5276 -2.3720 0.9722
-5.4954 -3.7327 -2.3757 0.9722
-5.3665 -3.9339 -2.3795 0.9721
-5.2305 -4.1309 -2.3835 0.9721
-4.4501 -5.0452 -2.4058 0.9718
-4.0935 -5.3736 -2.4157 0.9717
-3.9063 -5.5288 -2.4209 0.9717
-3.4786 -5.7600 -2.4063 0.9718
-2.9450 -5.7765 -2.3187 0.9728
-2.5079 -5.9372 -2.3048 0.9730
-2.2987 -6.0379 -2.3104 0.9729
-2.0856 -6.1315 -2.3160 0.9729
-1.8688 -6.2177 -2.3218 0.9728
-1.6485 -6.2964 -2.3275 0.9727
-1.4249 -6.3675 -2.3334 0.9727
-1.2140 -6.5144 -2.3697 0.9722
-1.0115 -6.7680 -2.4472 0.9713
-0.7855 -6.9569 -2.5036 0.9707
-0.5367 -6.9984 -2.5100 0.9706
0.2204 -7.0695 -2.5293 0.9704
0.9866 -7.0583 -2.5486 0.9702
1.2425 -7.0359 -2.5550 0.9701
1.4980 -7.0042 -2.5614 0.9700
2.2587 -6.8523 -2.5801 0.9698
2.7574 -6.7041 -2.5923 0.9697
3.0032 -6.6159 -2.5982 0.9696
3.4856 -6.4119 -2.6098 0.9695
3.7215 -6.2962 -2.6155 0.9694
4.1809 -6.0379 -2.6263 0.9693
4.4037 -5.8956 -2.6315 0.9692
4.6213 -5.7448 -2.6366 0.9692
4.6853 -5.0369 -2.6362 0.9710
5.0504 -4.7024 -2.6445 0.9709
5.3900 -4.3403 -2.6520 0.9708
5.7021 -3.9525 -2.6588 0.9707
6.4519 -2.6574 -2.6740 0.9706
6.5475 -2.4257 -2.6757 0.9705
6.8390 -1.4661 -2.6804 0.9705
3.0084 -0.5328 -1.1708 0.9870
2.9740 -0.4172 -1.1508 0.9872
2.9804 -0.3095 -1.1483 0.9872
2.9868 0.0127 -1.1446 0.9873
2.9786 0.2270 -1.1448 0.9873
3.0450 0.4535 -1.1798 0.9869
6.8579 1.2746 -2.6731 0.9706
6.7376 1.7604 -2.6687 0.9706
6.6637 1.9992 -2.6661 0.9706
6.1628 3.1382 -2.6502 0.9708
6.0376 3.3526 -2.6465 0.9709
5.6158 3.9636 -2.6341 0.9710
5.4606 4.1556 -2.6296 0.9710
5.2986 4.3413 -2.6250 0.9711
5.1300 4.5205 -2.6203 0.9711
4.9552 4.6929 -2.6154 0.9712
4.5878 5.0167 -2.6052 0.9713
4.3958 5.1677 -2.5999 0.9714
4.1988 5.3111 -2.5945 0.9714
3.7907 5.5748 -2.5835 0.9715
3.3636 5.3501 -2.4218 0.9733
2.5391 5.7222 -2.3990 0.9735
1.8959 5.9203 -2.3822 0.9737
1.6782 5.9703 -2.3766 0.9738
1.2396 6.0465 -2.3653 0.9739
0.1384 6.0978 -2.3374 0.9742
-0.2980 6.0636 -2.3265 0.9743
-0.5144 6.0350 -2.3211 0.9744
-0.9417 5.9554 -2.3106 0.9745
-1.1523 5.9045 -2.3054 0.9746
-1.3605 5.8464 -2.3003 0.9746
-2.1648 5.5443 -2.2809 0.9748
-2.7321 5.2482 -2.2674 0.9750
-2.9132 5.1371 -2.2632 0.9750
-3.0901 5.0201 -2.2590 0.9751
-3.2625 4.8972 -2.2550 0.9751
-3.9173 4.6945 -2.3431 0.9741
-4.6119 4.1422 -2.3756 0.9738
-4.7516 3.9689 -2.3725 0.9738
-4.8851 3.7912 -2.3697 0.9739
-5.2475 3.2337 -2.3621 0.9739
-5.9177 1.6062 -2.3498 0.9741
-6.0146 1.1769 -2.3486 0.9741
-6.0823 0.7422 -2.3481 0.9741
-6.1206 0.3039 -2.3484 0.9741
-6.1287 0.0840 -2.3488 0.9741
-6.0868 -0.7952 -2.3524 0.9740
-5.8027 -2.0875 -2.3632 0.9739
-5.7299 -2.2968 -2.3657 0.9739
-5.4690 -2.9097 -2.3740 0.9738
-5.3680 -3.1082 -2.3771 0.9738
-5.2603 -3.3034 -2.3804 0.9737
-5.1457 -3.4952 -2.3838 0.9737
-4.4752 -4.3934 -2.4033 0.9735
-3.9991 -4.8760 -2.4167 0.9733
-3.8289 -5.0262 -2.4214 0.9733
-3.6533 -5.1708 -2.4262 0.9732
-2.8999 -5.6880 -2.4467 0.9730
-2.6818 -5.7625 -2.4357 0.9731
-2.4477 -5.7946 -2.4106 0.9734
-2.2271 -5.8498 -2.3987 0.9735
-2.0164 -5.9282 -2.3996 0.9735
-1.8115 -6.0273 -2.4118 0.9734
-1.4090 -6.2963 -2.4725 0.9727
-0.2667 -6.5590 -2.5156 0.9723
0.2055 -6.5925 -2.5276 0.9721
0.4431 -6.5965 -2.5336 0.9721
0.6812 -6.5919 -2.5396 0.9720
1.6328 -6.4865 -2.5633 0.9718
1.8688 -6.4383 -2.5691 0.9717
2.1034 -6.3814 -2.5749 0.9716
2.5671 -6.2413 -2.5862 0.9715
3.6776 -5.7411 -2.6128 0.9712
3.8888 -5.6160 -2.6177 0.9712
4.0954 -5.4829 -2.6226 0.9711
4.4940 -5.1932 -2.6318 0.9710
4.6853 -5.0369 -2.6362 0.9710
4.8708 -4.8732 -2.6404 0.9709
5.0504 -4.7024 -2.6445 0.9709
5.7021 -3.9525 -2.6588 0.9707
5.8471 -3.7496 -2.6618 0.9707
5.9843 -3.5411 -2.6647 0.9707
6.1137 -3.3273 -2.6674 0.9706
6.3477 -2.8851 -2.6720 0.9706
6.4519 -2.6574 -2.6740 0.9706
6.5475 -2.4257 -2.6757 0.9705
6.6340 -2.1903 -2.6773 0.9705
6.7116 -1.9517 -2.6785 0.9705
2.9740 -0.4172 -1.1508 0.9872
2.9804 -0.3095 -1.1483 0.9872
2.9837 0.1198 -1.1443 0.9873
2.9786 0.2270 -1.1448 0.9873
3.0450 0.4535 -1.1798 0.9869
6.8579 1.2746 -2.6731 0.9706
6.7377 1.7604 -2.6687 0.9706
6.5809 2.2348 -2.6634 0.9707
6.4892 2.4669 -2.6604 0.9707
6.3888 2.6950 -2.6572 0.9707
6.2799 2.9188 -2.6538 0.9708
6.0376 3.3526 -2.6465 0.9709
5.9045 3.5618 -2.6425 0.9709
5.7638 3.7656 -2.6384 0.9709
5.6158 3.9636 -2.6341 0.9710
5.2986 4.3413 -2.6250 0.9711
5.1300 4.5205 -2.6203 0.9711
4.7743 4.8584 -2.6103 0.9712
4.1988 5.3111 -2.5945 0.9714
3.3636 5.3501 -2.4218 0.9733
2.9566 5.5506 -2.4101 0.9734
2.3267 5.7962 -2.3935 0.9736
2.1122 5.8622 -2.3879 0.9737
1.8959 5.9203 -2.3822 0.9737
1.6782 5.9703 -2.3766 0.9738
1.0193 6.0726 -2.3597 0.9740
0.3580 6.1033 -2.3429 0.9742
0.1384 6.0978 -2.3374 0.9742
-0.0804 6.0846 -2.3319 0.9743
-0.2981 6.0636 -2.3265 0.9743
-0.5144 6.0350 -2.3211 0.9744
-1.1523 5.9045 -2.3054 0.9746
-1.7688 5.7090 -2.2904 0.9747
-1.9684 5.6300 -2.2856 0.9748
-2.1648 5.5442 -2.2809 0.9748
-2.3576 5.4519 -2.2763 0.9749
-2.5468 5.3532 -2.2718 0.9749
-2.7321 5.2482 -2.2674 0.9750
-2.9132 5.1371 -2.2632 0.9750
-3.0901 5.0201 -2.2590 0.9751
-3.2625 4.8972 -2.2550 0.9751
-3.4303 4.7687 -2.2512 0.9752
-3.6494 4.7072 -2.2825 0.9748
-3.9173 4.6945 -2.3431 0.9741
-4.3147 4.4747 -2.3821 0.9737
-4.6119 4.1422 -2.3756 0.9738
-4.7516 3.9689 -2.3725 0.9738
-5.1332 3.4234 -2.3645 0.9739
-5.2476 3.2337 -2.3621 0.9739
-5.3553 3.0405 -2.3600 0.9740
-5.4564 2.8439 -2.3580 0.9740
-5.6381 2.4415 -2.3545 0.9740
-5.9177 1.6062 -2.3498 0.9741
-5.9698 1.3923 -2.3491 0.9741
-6.0521 0.9601 -2.3483 0.9741
-6.1293 -0.1361 -2.3495 0.9741
-6.1226 -0.3561 -2.3502 0.9741
-6.0578 -1.0137 -2.3537 0.9740
-6.0214 -1.2313 -2.3553 0.9740
-5.9777 -1.4478 -2.3570 0.9740
-5.7299 -2.2968 -2.3657 0.9739
-5.5630 -2.7081 -2.3710 0.9738
-5.1457 -3.4952 -2.3838 0.9737
-4.7625 -4.0471 -2.3950 0.9736
-4.6219 -4.2225 -2.3991 0.9735
-4.3223 -4.5594 -2.4076 0.9734
-4.1636 -4.7203 -2.4121 0.9734
-3.4724 -5.3094 -2.4312 0.9732
-3.2865 -5.4419 -2.4362 0.9731
-2.8999 -5.6880 -2.4467 0.9730
-2.6818 -5.7625 -2.4357 0.9731
-2.4477 -5.7946 -2.4106 0.9734
-2.2271 -5.8499 -2.3987 0.9735
-2.0164 -5.9282 -2.3996 0.9735
-1.8115 -6.0273 -2.4118 0.9734
-1.6097 -6.1487 -2.4357 0.9731
-1.4090 -6.2963 -2.4725 0.9727
-0.9634 -6.4461 -2.4977 0.9725
-0.5008 -6.5296 -2.5096 0.9723
0.2056 -6.5925 -2.5276 0.9721
0.4431 -6.5965 -2.5336 0.9721
0.9196 -6.5787 -2.5456 0.9719
1.3957 -6.5260 -2.5574 0.9718
1.6328 -6.4866 -2.5633 0.9718
2.5670 -6.2413 -2.5862 0.9715
3.0209 -6.0666 -2.5971 0.9714
3.2434 -5.9665 -2.6025 0.9713
3.4625 -5.8579 -2.6077 0.9713
3.6777 -5.7411 -2.6128 0.9712
4.4940 -5.1932 -2.6318 0.9710
5.3901 -4.3403 -2.6520 0.9708
5.5497 -4.1495 -2.6555 0.9708
5.7021 -3.9525 -2.6588 0.9707
5.8471 -3.7496 -2.6618 0.9707
5.9843 -3.5411 -2.6647 0.9707
6.2349 -3.1086 -2.6698 0.9706
6.3477 -2.8851 -2.6720 0.9706
6.5475 -2.4257 -2.6757 0.9705
6.6341 -2.1903 -2.6773 0.9705
6.7800 -1.7102 -2.6796 0.9705
3.0084 -0.5328 -1.1708 0.9870
2.9740 -0.4172 -1.1508 0.9872
2.9851 -0.2020 -1.1466 0.9873
2.9874 -0.0946 -1.1454 0.9873
6.8024 1.5187 -2.6710 0.9706
6.7376 1.7604 -2.6687 0.9706
6.6637 1.9992 -2.6661 0.9706
6.4892 2.4669 -2.6604 0.9707
6.1628 3.1382 -2.6502 0.9708
5.7638 3.7656 -2.6384 0.9709
5.6158 3.9636 -2.6341 0.9710
5.4606 4.1556 -2.6296 0.9710
5.2986 4.3413 -2.6250 0.9711
5.1300 4.5205 -2.6203 0.9711
4.3958 5.1677 -2.5999 0.9714
4.1988 5.3111 -2.5945 0.9714
3.9969 5.4469 -2.5890 0.9715
3.1611 5.4532 -2.4155 0.9734
2.9566 5.5506 -2.4101 0.9734
2.7492 5.6403 -2.4046 0.9735
2.5391 5.7222 -2.3990 0.9735
2.1122 5.8622 -2.3879 0.9737
1.8959 5.9203 -2.3822 0.9737
1.0193 6.0726 -2.3597 0.9740
0.7988 6.0908 -2.3541 0.9740
0.5783 6.1010 -2.3485 0.9741
0.3580 6.1033 -2.3429 0.9742
-0.0804 6.0846 -2.3319 0.9743
-0.2981 6.0636 -2.3265 0.9743
-0.7290 5.9989 -2.3158 0.9744
-1.1523 5.9045 -2.3054 0.9746
-1.3605 5.8464 -2.3003 0.9746
-1.7688 5.7090 -2.2904 0.9747
-2.9132 5.1371 -2.2632 0.9750
-3.6494 4.7072 -2.2825 0.9748
-4.1574 4.6335 -2.3856 0.9737
-4.4663 4.3109 -2.3788 0.9738
-4.6119 4.1422 -2.3756 0.9738
-4.8851 3.7912 -2.3697 0.9739
-5.0123 3.6093 -2.3670 0.9739
-5.1332 3.4234 -2.3645 0.9739
-5.7186 2.2362 -2.3531 0.9740
-5.9698 1.3923 -2.3491 0.9741
-6.0146 1.1769 -2.3486 0.9741
-6.0521 0.9601 -2.3483 0.9741
-6.0823 0.7422 -2.3481 0.9741
-6.1051 0.5234 -2.3482 0.9741
-6.1206 0.3039 -2.3484 0.9741
-6.1084 -0.5759 -2.3512 0.9741
-6.0868 -0.7952 -2.3524 0.9740
-6.0578 -1.0137 -2.3537 0.9740
-5.9267 -1.6627 -2.3589 0.9740
-5.8683 -1.8761 -2.3610 0.9740
-5.8027 -2.0875 -2.3632 0.9739
-5.7299 -2.2968 -2.3657 0.9739
-5.6500 -2.5038 -2.3683 0.9739
-5.5630 -2.7081 -2.3710 0.9738
-5.4690 -2.9097 -2.3740 0.9738
-5.3680 -3.1082 -2.3771 0.9738
-5.2603 -3.3034 -2.3804 0.9737
-5.1457 -3.4952 -2.3838 0.9737
-4.7625 -4.0471 -2.3950 0.9736
-4.6219 -4.2225 -2.3991 0.9735
-4.4752 -4.3934 -2.4033 0.9735
-4.3223 -4.5594 -2.4076 0.9734
-4.1636 -4.7204 -2.4121 0.9734
-3.9991 -4.8760 -2.4167 0.9733
-3.4724 -5.3094 -2.4312 0.9732
-3.0955 -5.5682 -2.4414 0.9731
-2.6818 -5.7625 -2.4357 0.9731
-2.2271 -5.8499 -2.3987 0.9735
-1.8115 -6.0273 -2.4118 0.9734
-1.4090 -6.2963 -2.4725 0.9727
-1.1913 -6.3922 -2.4918 0.9725
-0.9633 -6.4461 -2.4977 0.9725
-0.7331 -6.4919 -2.5036 0.9724
-0.2667 -6.5590 -2.5156 0.9723
-0.0311 -6.5800 -2.5216 0.9722
0.2056 -6.5925 -2.5276 0.9721
0.4431 -6.5965 -2.5336 0.9721
0.6812 -6.5919 -2.5396 0.9720
1.1578 -6.5567 -2.5515 0.9719
1.3957 -6.5260 -2.5574 0.9718
1.6328 -6.4866 -2.5633 0.9718
1.8688 -6.4383 -2.5691 0.9717
2.1034 -6.3813 -2.5749 0.9716
2.3363 -6.3157 -2.5806 0.9716
2.7954 -6.1582 -2.5917 0.9714
4.0954 -5.4829 -2.6226 0.9711
4.4940 -5.1932 -2.6318 0.9710
4.6853 -5.0369 -2.6362 0.9710
5.2235 -4.5247 -2.6483 0.9708
5.3901 -4.3403 -2.6520 0.9708
5.5497 -4.1495 -2.6555 0.9708
5.7021 -3.9525 -2.6588 0.9707
5.8471 -3.7496 -2.6618 0.9707
6.1137 -3.3273 -2.6674 0.9706
6.2349 -3.1085 -2.6698 0.9706
6.3477 -2.8851 -2.6720 0.9706
6.4520 -2.6574 -2.6740 0.9706
6.5475 -2.4257 -2.6757 0.9705
6.6341 -2.1903 -2.6773 0.9705
2.9740 -0.4172 -1.1508 0.9872
2.9851 -0.2020 -1.1466 0.9873
2.9874 -0.0946 -1.1454 0.9873
2.9868 0.0127 -1.1446 0.9873
3.0036 0.3377 -1.1583 0.9871
6.8579 1.2746 -2.6731 0.9706
6.8024 1.5188 -2.6710 0.9706
6.7376 1.7604 -2.6687 0.9706
6.6637 1.9992 -2.6661 0.9706
6.5808 2.2348 -2.6634 0.9707
6.3888 2.6950 -2.6572 0.9707
6.1628 3.1382 -2.6502 0.9708
5.7638 3.7656 -2.6384 0.9709
5.4606 4.1556 -2.6296 0.9710
5.2986 4.3413 -2.6250 0.9711
4.9551 4.6929 -2.6154 0.9712
4.7743 4.8584 -2.6103 0.9712
4.1988 5.3111 -2.5945 0.9714
3.9969 5.4469 -2.5890 0.9715
3.7907 5.5749 -2.5835 0.9715
2.5391 5.7222 -2.3990 0.9735
2.3267 5.7962 -2.3935 0.9736
1.8959 5.9203 -2.3822 0.9737
1.6782 5.9703 -2.3766 0.9738
1.4593 6.0124 -2.3710 0.9738
1.0193 6.0726 -2.3597 0.9740
0.7988 6.0908 -2.3541 0.9740
0.5782 6.1010 -2.3485 0.9741
0.3580 6.1033 -2.3429 0.9742
-0.2981 6.0636 -2.3265 0.9743
-0.5144 6.0350 -2.3211 0.9744
-1.1523 5.9045 -2.3054 0.9746
-1.3605 5.8464 -2.3003 0.9746
-1.9684 5.6300 -2.2856 0.9748
-2.1648 5.5442 -2.2809 0.9748
-2.3576 5.4519 -2.2763 0.9749
-3.0901 5.0200 -2.2590 0.9751
-3.2625 4.8972 -2.2550 0.9751
-3.6494 4.7072 -2.2825 0.9748
-3.9173 4.6945 -2.3431 0.9741
-4.3147 4.4747 -2.3821 0.9737
-4.4663 4.3109 -2.3788 0.9738
-4.6119 4.1422 -2.3756 0.9738
-5.0123 3.6093 -2.3670 0.9739
-5.2476 3.2337 -2.3621 0.9739
-5.3553 3.0405 -2.3600 0.9740
-5.4564 2.8439 -2.3580 0.9740
-5.5507 2.6441 -2.3562 0.9740
-5.7186 2.2362 -2.3531 0.9740
-5.9698 1.3923 -2.3491 0.9741
-6.0823 0.7422 -2.3481 0.9741
-6.1293 -0.1361 -2.3495 0.9741
-6.1226 -0.3561 -2.3502 0.9741
-6.1084 -0.5759 -2.3512 0.9741
-6.0578 -1.0138 -2.3537 0.9740
-6.0214 -1.2314 -2.3553 0.9740
-5.9777 -1.4478 -2.3570 0.9740
-5.9267 -1.6627 -2.3589 0.9740
-5.8683 -1.8761 -2.3610 0.9740
-5.7299 -2.2968 -2.3657 0.9739
-5.5630 -2.7082 -2.3710 0.9738
-5.4690 -2.9097 -2.3740 0.9738
-5.3680 -3.1082 -2.3771 0.9738
-4.7625 -4.0471 -2.3950 0.9736
-4.6219 -4.2226 -2.3991 0.9735
-4.4751 -4.3934 -2.4033 0.9735
-4.3223 -4.5594 -2.4076 0.9734
-3.9991 -4.8760 -2.4167 0.9733
-3.8289 -5.0262 -2.4214 0.9733
-3.0955 -5.5682 -2.4414 0.9731
-2.6818 -5.7625 -2.4357 0.9731
-2.0164 -5.9282 -2.3996 0.9735
-1.8115 -6.0273 -2.4118 0.9734
-1.6097 -6.1487 -2.4357 0.9731
-1.4090 -6.2963 -2.4725 0.9727
-0.5007 -6.5296 -2.5096 0.9723
-0.2667 -6.5590 -2.5156 0.9723
-0.0311 -6.5800 -2.5216 0.9722
0.2056 -6.5925 -2.5276 0.9721
1.6328 -6.4866 -2.5633 0.9718
1.8688 -6.4383 -2.5691 0.9717
2.1034 -6.3813 -2.5749 0.9716
2.3363 -6.3157 -2.5806 0.9716
2.5671 -6.2413 -2.5862 0.9715
3.2435 -5.9665 -2.6025 0.9713
3.6777 -5.7411 -2.6128 0.9712
3.8888 -5.6160 -2.6177 0.9712
4.2972 -5.3419 -2.6273 0.9711
4.5449 -4.5472 -2.6313 0.9726
4.7120 -4.3874 -2.6350 0.9726
4.8730 -4.2211 -2.6386 0.9725
5.0279 -4.0487 -2.6420 0.9725
5.4528 -3.4968 -2.6512 0.9724
5.5805 -3.3021 -2.6538 0.9724
5.7007 -3.1026 -2.6563 0.9723
5.8134 -2.8984 -2.6586 0.9723
5.9182 -2.6899 -2.6606 0.9723
6.0151 -2.4775 -2.6625 0.9723
6.1844 -2.0419 -2.6655 0.9722
6.2565 -1.8194 -2.6667 0.9722
6.3200 -1.5942 -2.6676 0.9722
2.8994 -0.6216 -1.2136 0.9873
2.8651 -0.5074 -1.1909 0.9875
2.8515 -0.4000 -1.1785 0.9876
2.8559 -0.2966 -1.1751 0.9877
2.8605 -0.1936 -1.1734 0.9877
2.8623 0.0121 -1.1715 0.9877
6.3937 1.1883 -2.6616 0.9723
6.3423 1.4160 -2.6597 0.9723
6.1370 2.0841 -2.6526 0.9724
5.9588 2.5136 -2.6469 0.9724
5.7490 2.9274 -2.6404 0.9725
5.0966 3.8786 -2.6212 0.9727
4.6266 4.3817 -2.6080 0.9728
4.4583 4.5368 -2.6033 0.9729
4.1059 4.8269 -2.5936 0.9730
3.9224 4.9615 -2.5885 0.9730
3.5422 5.2094 -2.5782 0.9731
3.3237 5.2868 -2.5558 0.9734
2.9722 5.1273 -2.4256 0.9747
2.7640 5.1890 -2.4062 0.9749
2.5705 5.2736 -2.4011 0.9750
2.3744 5.3509 -2.3959 0.9750
2.1760 5.4209 -2.3907 0.9751
1.7737 5.5387 -2.3802 0.9752
1.5703 5.5864 -2.3750 0.9752
0.7479 5.7026 -2.3539 0.9754
0.3353 5.7161 -2.3435 0.9756
-0.2793 5.6814 -2.3281 0.9757
-0.8827 5.5824 -2.3131 0.9759
-1.0803 5.5354 -2.3083 0.9759
-1.4686 5.4213 -2.2988 0.9760
-2.0309 5.2012 -2.2852 0.9762
-2.2121 5.1152 -2.2809 0.9762
-2.5639 4.9253 -2.2726 0.9763
-2.9068 4.7223 -2.2695 0.9763
-3.1342 4.7046 -2.3136 0.9759
-3.5928 4.6342 -2.3999 0.9750
-3.7512 4.4955 -2.3963 0.9750
-3.9045 4.3516 -2.3928 0.9750
-4.7096 3.3913 -2.3752 0.9752
-4.8234 3.2168 -2.3729 0.9753
-5.0328 2.8573 -2.3686 0.9753
-5.1280 2.6727 -2.3667 0.9753
-5.3751 2.1018 -2.3621 0.9754
-5.4444 1.9066 -2.3609 0.9754
-5.5627 1.5099 -2.3591 0.9754
-5.6117 1.3088 -2.3584 0.9754
-5.6893 0.9025 -2.3576 0.9754
-5.7392 0.4920 -2.3575 0.9754
-5.7536 0.2857 -2.3577 0.9754
-5.7617 -0.1279 -2.3587 0.9754
-5.6938 -0.9528 -2.3628 0.9754
-5.6181 -1.3607 -2.3658 0.9753
-5.5699 -1.5626 -2.3676 0.9753
-5.5147 -1.7630 -2.3696 0.9753
-5.2264 -2.5443 -2.3791 0.9752
-5.1378 -2.7335 -2.3818 0.9752
-4.8328 -3.2827 -2.3911 0.9751
-4.3392 -3.9643 -2.4055 0.9749
-4.2010 -4.1242 -2.4094 0.9749
-4.0571 -4.2796 -2.4135 0.9748
-3.9076 -4.4301 -2.4177 0.9748
-3.7528 -4.5757 -2.4220 0.9747
-3.2574 -4.9805 -2.4357 0.9746
-3.0825 -5.1042 -2.4404 0.9746
-2.9031 -5.2220 -2.4453 0.9745
-2.3392 -5.5378 -2.4604 0.9744
-1.9441 -5.7156 -2.4709 0.9742
-1.1158 -5.9871 -2.4925 0.9740
-0.4688 -6.1130 -2.5092 0.9738
-0.2496 -6.1395 -2.5148 0.9738
0.6373 -6.1666 -2.5373 0.9736
0.8601 -6.1533 -2.5429 0.9735
1.0828 -6.1318 -2.5484 0.9734
2.3986 -5.8317 -2.5808 0.9731
3.0293 -5.5726 -2.5959 0.9730
3.2334 -5.4705 -2.6008 0.9729
3.4340 -5.3607 -2.6055 0.9729
3.6306 -5.2433 -2.6102 0.9728
4.3723 -4.7004 -2.6273 0.9726
4.8730 -4.2211 -2.6386 0.9725
5.0279 -4.0487 -2.6420 0.9725
5.5805 -3.3021 -2.6538 0.9724
5.7007 -3.1026 -2.6563 0.9723
6.1039 -2.2613 -2.6641 0.9723
6.2565 -1.8193 -2.6667 0.9722
6.3200 -1.5942 -2.6676 0.9722
2.8994 -0.6216 -1.2136 0.9873
2.8515 -0.4000 -1.1785 0.9876
2.8559 -0.2966 -1.1751 0.9877
2.8605 -0.1936 -1.1734 0.9877
2.8623 0.0121 -1.1715 0.9877
2.8550 0.2175 -1.1719 0.9877
2.8659 0.3222 -1.1803 0.9876
6.3937 1.1883 -2.6616 0.9723
6.3423 1.4160 -2.6597 0.9723
6.1370 2.0841 -2.6526 0.9724
6.0519 2.3006 -2.6498 0.9724
5.8577 2.7226 -2.6437 0.9725
5.7490 2.9275 -2.6404 0.9725
5.5091 3.3233 -2.6332 0.9726
5.3784 3.5138 -2.6294 0.9726
4.9460 4.0524 -2.6169 0.9727
4.7892 4.2202 -2.6125 0.9728
4.6265 4.3817 -2.6080 0.9728
3.7344 5.0891 -2.5834 0.9731
3.3237 5.2868 -2.5558 0.9734
2.5705 5.2736 -2.4011 0.9750
2.1761 5.4209 -2.3907 0.9751
1.7737 5.5387 -2.3802 0.9752
1.3657 5.6266 -2.3697 0.9753
1.1602 5.6594 -2.3644 0.9753
0.9542 5.6847 -2.3592 0.9754
0.7479 5.7026 -2.3539 0.9754
0.5415 5.7130 -2.3487 0.9755
0.3353 5.7161 -2.3435 0.9756
-0.2793 5.6814 -2.3281 0.9757
-1.6589 5.3544 -2.2942 0.9761
-1.8464 5.2809 -2.2897 0.9761
-2.0309 5.2012 -2.2852 0.9762
-2.2121 5.1152 -2.2809 0.9762
-2.5639 4.9253 -2.2726 0.9763
-2.7343 4.8216 -2.2686 0.9763
-3.1342 4.7046 -2.3136 0.9759
-3.3762 4.6935 -2.3663 0.9753
-3.5928 4.6342 -2.3999 0.9750
-3.7512 4.4955 -2.3963 0.9750
-3.9045 4.3516 -2.3928 0.9750
-4.0526 4.2028 -2.3895 0.9751
-4.1953 4.0493 -2.3864 0.9751
-4.3324 3.8912 -2.3833 0.9751
-4.4640 3.7287 -2.3805 0.9752
-4.5897 3.5620 -2.3778 0.9752
-4.9312 3.0388 -2.3707 0.9753
-5.1280 2.6727 -2.3667 0.9753
-5.2169 2.4851 -2.3650 0.9753
-5.2993 2.2948 -2.3635 0.9754
-5.3751 2.1019 -2.3621 0.9754
-5.6117 1.3088 -2.3584 0.9754
-5.6540 1.1063 -2.3579 0.9754
-5.7177 0.6977 -2.3575 0.9754
-5.7536 0.2857 -2.3577 0.9754
-5.7213 -0.7474 -2.3615 0.9754
-5.6595 -1.1573 -2.3642 0.9753
-5.5147 -1.7630 -2.3696 0.9753
-5.4528 -1.9616 -2.3717 0.9753
-5.3086 -2.3525 -2.3765 0.9752
-5.2264 -2.5443 -2.3791 0.9752
-5.1378 -2.7335 -2.3818 0.9752
-5.0426 -2.9197 -2.3848 0.9751
-4.8328 -3.2827 -2.3911 0.9751
-4.7186 -3.4589 -2.3945 0.9750
-4.3392 -3.9643 -2.4055 0.9749
-4.2010 -4.1242 -2.4094 0.9749
-3.7528 -4.5757 -2.4220 0.9747
-3.5927 -4.7161 -2.4265 0.9747
-3.4275 -4.8511 -2.4310 0.9747
-2.9031 -5.2220 -2.4453 0.9745
-2.7192 -5.3336 -2.4502 0.9745
-2.5312 -5.4389 -2.4553 0.9744
-2.3392 -5.5378 -2.4604 0.9744
-1.7415 -5.7942 -2.4762 0.9742
-1.5357 -5.8657 -2.4816 0.9741
-1.1158 -5.9871 -2.4925 0.9740
-0.4688 -6.1130 -2.5092 0.9738
-0.2496 -6.1395 -2.5148 0.9738
0.8601 -6.1533 -2.5429 0.9735
1.0828 -6.1318 -2.5484 0.9734
1.3050 -6.1022 -2.5539 0.9734
1.7469 -6.0184 -2.5649 0.9733
1.9659 -5.9643 -2.5702 0.9732
2.3986 -5.8317 -2.5808 0.9731
2.6116 -5.7533 -2.5859 0.9731
2.8219 -5.6669 -2.5910 0.9730
3.0293 -5.5726 -2.5959 0.9730
3.8231 -5.1184 -2.6147 0.9728
4.3723 -4.7004 -2.6273 0.9726
4.7120 -4.3874 -2.6350 0.9726
4.8730 -4.2211 -2.6386 0.9725
5.0279 -4.0487 -2.6420 0.9725
5.1764 -3.8704 -2.6453 0.9725
5.3181 -3.6863 -2.6483 0.9724
5.5805 -3.3021 -2.6538 0.9724
5.7007 -3.1026 -2.6563 0.9723
5.8133 -2.8984 -2.6586 0.9723
5.9182 -2.6899 -2.6606 0.9723
6.1844 -2.0418 -2.6655 0.9722
6.2565 -1.8193 -2.6667 0.9722
6.3200 -1.5942 -2.6676 0.9722
2.8559 -0.2966 -1.1751 0.9877
2.8605 -0.1936 -1.1734 0.9877
2.8628 -0.0907 -1.1723 0.9877
2.8623 0.0121 -1.1715 0.9877
6.3937 1.1883 -2.6616 0.9723
6.2823 1.6415 -2.6575 0.9723
6.2138 1.8643 -2.6551 0.9724
6.1370 2.0841 -2.6526 0.9724
5.6327 3.1278 -2.6369 0.9725
5.3784 3.5138 -2.6294 0.9726
5.0966 3.8786 -2.6212 0.9727
4.9460 4.0524 -2.6169 0.9727
4.7892 4.2202 -2.6125 0.9728
4.6265 4.3817 -2.6080 0.9728
3.9224 4.9615 -2.5885 0.9730
3.5422 5.2094 -2.5782 0.9731
2.9722 5.1273 -2.4256 0.9747
2.7640 5.1890 -2.4062 0.9749
2.1760 5.4209 -2.3907 0.9751
1.5703 5.5864 -2.3750 0.9752
1.3657 5.6266 -2.3697 0.9753
0.9542 5.6847 -2.3592 0.9754
0.7479 5.7026 -2.3539 0.9754
0.5415 5.7130 -2.3487 0.9755
0.3353 5.7160 -2.3435 0.9756
0.1296 5.7118 -2.3383 0.9756
-0.0753 5.7002 -2.3331 0.9757
-0.2793 5.6814 -2.3281 0.9757
-0.4820 5.6554 -2.3230 0.9758
-1.0803 5.5354 -2.3083 0.9759
-1.2756 5.4817 -2.3035 0.9760
-1.6589 5.3544 -2.2942 0.9761
-2.0309 5.2012 -2.2852 0.9762
-2.2121 5.1152 -2.2809 0.9762
-2.5639 4.9253 -2.2726 0.9763
-2.7343 4.8216 -2.2686 0.9763
-3.3762 4.6935 -2.3663 0.9753
-4.0526 4.2028 -2.3895 0.9751
-4.3324 3.8912 -2.3833 0.9751
-4.4640 3.7286 -2.3805 0.9752
-4.5897 3.5620 -2.3778 0.9752
-4.7096 3.3913 -2.3752 0.9752
-4.8234 3.2168 -2.3729 0.9753
-5.0328 2.8573 -2.3686 0.9753
-5.2169 2.4851 -2.3650 0.9753
-5.2993 2.2948 -2.3635 0.9754
-5.3751 2.1018 -2.3621 0.9754
-5.4444 1.9066 -2.3609 0.9754
-5.5069 1.7092 -2.3599 0.9754
-5.5628 1.5099 -2.3591 0.9754
-5.6117 1.3088 -2.3584 0.9754
-5.6540 1.1063 -2.3579 0.9754
-5.7612 0.0790 -2.3581 0.9754
-5.7552 -0.3347 -2.3595 0.9754
-5.6595 -1.1573 -2.3642 0.9753
-5.6181 -1.3607 -2.3658 0.9753
-5.5699 -1.5626 -2.3676 0.9753
-5.4528 -1.9616 -2.3717 0.9753
-5.3086 -2.3525 -2.3765 0.9752
-5.2264 -2.5443 -2.3791 0.9752
-5.0426 -2.9197 -2.3848 0.9751
-4.9409 -3.1029 -2.3879 0.9751
-4.8328 -3.2827 -2.3911 0.9751
-4.5981 -3.6314 -2.3980 0.9750
-4.3392 -3.9643 -2.4055 0.9749
-4.0571 -4.2796 -2.4135 0.9748
-3.9076 -4.4302 -2.4177 0.9748
-3.0825 -5.1042 -2.4404 0.9746
-2.7192 -5.3336 -2.4502 0.9745
-2.5312 -5.4389 -2.4553 0.9744
-2.3392 -5.5378 -2.4604 0.9744
-1.9441 -5.7156 -2.4709 0.9742
-1.3271 -5.9301 -2.4871 0.9741
-0.9021 -6.0366 -2.4981 0.9740
-0.6864 -6.0786 -2.5036 0.9739
-0.0291 -6.1583 -2.5204 0.9737
0.6373 -6.1666 -2.5373 0.9736
1.7469 -6.0184 -2.5649 0.9733
2.1833 -5.9020 -2.5755 0.9732
3.0293 -5.5726 -2.5959 0.9730
3.6306 -5.2433 -2.6102 0.9728
3.8231 -5.1184 -2.6147 0.9728
4.1942 -4.8467 -2.6233 0.9727
4.3723 -4.7004 -2.6273 0.9726
4.5449 -4.5472 -2.6313 0.9726
4.7120 -4.3873 -2.6350 0.9726
5.1764 -3.8704 -2.6453 0.9725
5.3181 -3.6863 -2.6483 0.9724
5.4529 -3.4968 -2.6512 0.9724
6.0151 -2.4775 -2.6625 0.9723
6.1039 -2.2613 -2.6641 0.9723
6.2565 -1.8193 -2.6667 0.9722
2.8651 -0.5074 -1.1909 0.9875
2.8515 -0.4000 -1.1785 0.9876
2.8605 -0.1936 -1.1734 0.9877
2.9001 0.4320 -1.2000 0.9874
6.3423 1.4160 -2.6597 0.9723
6.2823 1.6415 -2.6575 0.9723
6.2138 1.8643 -2.6551 0.9724
6.0519 2.3006 -2.6498 0.9724
5.7490 2.9275 -2.6404 0.9725
5.2408 3.6990 -2.6254 0.9727
4.2846 4.6852 -2.5985 0.9729
4.1059 4.8269 -2.5936 0.9730
3.9224 4.9615 -2.5885 0.9730
3.3237 5.2868 -2.5558 0.9734
2.3744 5.3510 -2.3959 0.9750
2.1760 5.4209 -2.3907 0.9751
1.9757 5.4835 -2.3855 0.9751
1.7737 5.5387 -2.3802 0.9752
0.9542 5.6847 -2.3592 0.9754
-1.0803 5.5354 -2.3083 0.9759
-1.2757 5.4817 -2.3035 0.9760
-1.4686 5.4213 -2.2988 0.9760
-1.6589 5.3544 -2.2942 0.9761
-1.8464 5.2809 -2.2897 0.9761
-2.0309 5.2012 -2.2852 0.9762
-2.2121 5.1152 -2.2809 0.9762
-3.5928 4.6342 -2.3999 0.9750
-3.7512 4.4955 -2.3963 0.9750
-3.9045 4.3516 -2.3928 0.9750
-4.0525 4.2028 -2.3895 0.9751
-4.1953 4.0493 -2.3864 0.9751
-4.3324 3.8912 -2.3833 0.9751
-4.4640 3.7286 -2.3805 0.9752
-4.5897 3.5620 -2.3778 0.9752
-4.7096 3.3913 -2.3752 0.9752
-4.8234 3.2168 -2.3729 0.9753
-5.1280 2.6727 -2.3667 0.9753
-5.2993 2.2948 -2.3635 0.9753
-5.4444 1.9066 -2.3609 0.9754
-5.5069 1.7092 -2.3599 0.9754
-5.6893 0.9025 -2.3576 0.9754
-5.7177 0.6977 -2.3575 0.9754
-5.7536 0.2857 -2.3577 0.9754
-5.7552 -0.3347 -2.3595 0.9754
-5.6938 -0.9529 -2.3628 0.9754
-5.5699 -1.5626 -2.3676 0.9753
-5.5147 -1.7630 -2.3696 0.9753
-5.3086 -2.3525 -2.3765 0.9752
-5.2264 -2.5443 -2.3791 0.9752
-5.1378 -2.7335 -2.3818 0.9752
-4.9409 -3.1029 -2.3879 0.9751
-4.7186 -3.4589 -2.3945 0.9750
-4.5981 -3.6314 -2.3980 0.9750
-2.5312 -5.4389 -2.4553 0.9744
-1.5357 -5.8657 -2.4816 0.9741
-1.3270 -5.9301 -2.4871 0.9741
-0.9021 -6.0366 -2.4981 0.9740
-0.6864 -6.0786 -2.5036 0.9739
-0.0291 -6.1583 -2.5204 0.9737
0.1924 -6.1691 -2.5261 0.9737
0.6373 -6.1666 -2.5373 0.9736
0.8601 -6.1533 -2.5429 0.9735
1.5265 -6.0644 -2.5594 0.9733
1.9659 -5.9643 -2.5702 0.9732
2.3986 -5.8317 -2.5808 0.9731
2.6116 -5.7533 -2.5859 0.9731
2.8219 -5.6669 -2.5910 0.9730
3.4340 -5.3607 -2.6055 0.9729
3.8231 -5.1184 -2.6147 0.9728
4.0111 -4.9861 -2.6190 0.9727
4.1942 -4.8467 -2.6233 0.9727
4.2550 -4.2570 -2.6231 0.9741
4.4109 -4.1070 -2.6266 0.9740
4.7059 -3.7894 -2.6332 0.9740
5.1024 -3.2721 -2.6417 0.9739
5.7099 -2.1154 -2.6537 0.9738
2.7547 -0.2861 -1.2070 0.9880
2.7614 -0.0875 -1.2041 0.9880
2.7603 0.0117 -1.2030 0.9880
2.7621 0.2105 -1.2073 0.9880
2.7610 0.3104 -1.2108 0.9880
2.7789 0.4139 -1.2244 0.9878
3.1067 0.5774 -1.3772 0.9863
5.8140 1.7443 -2.6454 0.9739
5.6632 2.1529 -2.6404 0.9739
5.3810 2.7401 -2.6316 0.9740
5.2726 2.9278 -2.6284 0.9740
5.0355 3.2898 -2.6214 0.9741
4.9072 3.4634 -2.6176 0.9741
4.7726 3.6320 -2.6138 0.9742
4.6320 3.7951 -2.6098 0.9742
4.3338 4.1044 -2.6014 0.9743
4.0145 4.3898 -2.5925 0.9744
3.8474 4.5230 -2.5879 0.9744
3.3204 4.8832 -2.5736 0.9746
2.9501 5.0892 -2.5636 0.9747
2.4108 4.9461 -2.3980 0.9763
2.2272 5.0193 -2.3932 0.9763
2.0414 5.0856 -2.3883 0.9764
1.8538 5.1450 -2.3834 0.9764
1.6645 5.1975 -2.3785 0.9765
1.0892 5.3129 -2.3636 0.9766
0.7023 5.3549 -2.3537 0.9767
0.1218 5.3657 -2.3391 0.9769
-0.2624 5.3386 -2.3295 0.9769
-0.4530 5.3149 -2.3247 0.9770
-0.6422 5.2845 -2.3200 0.9770
-0.8298 5.2476 -2.3154 0.9771
-1.1994 5.1543 -2.3063 0.9772
-1.9104 4.8928 -2.2891 0.9773
-2.0811 4.8125 -2.2851 0.9774
-2.2491 4.7276 -2.2816 0.9774
-2.4512 4.7086 -2.3135 0.9771
-2.6653 4.6999 -2.3547 0.9767
-2.8871 4.6902 -2.4003 0.9763
-3.0699 4.6081 -2.4132 0.9761
-3.3825 4.3630 -2.4060 0.9762
-3.6766 4.0976 -2.3993 0.9763
-4.5442 3.0306 -2.3804 0.9764
-4.7419 2.6922 -2.3764 0.9765
-4.9936 2.1624 -2.3716 0.9765
-5.1305 1.7967 -2.3692 0.9766
-5.1897 1.6107 -2.3682 0.9766
-5.2887 1.2335 -2.3668 0.9766
-5.3285 1.0427 -2.3663 0.9766
-5.3619 0.8506 -2.3660 0.9766
-5.3886 0.6575 -2.3659 0.9766
-5.4088 0.4637 -2.3659 0.9766
-5.4225 0.2693 -2.3661 0.9766
-5.4299 -0.1205 -2.3671 0.9766
-5.3915 -0.7043 -2.3697 0.9766
-5.2480 -1.4723 -2.3755 0.9765
-5.1958 -1.6611 -2.3773 0.9765
-5.1372 -1.8481 -2.3793 0.9765
-5.0721 -2.0331 -2.3815 0.9764
-4.9231 -2.3966 -2.3863 0.9764
-4.5510 -3.0912 -2.3977 0.9763
-4.4430 -3.2569 -2.4009 0.9762
-4.3292 -3.4190 -2.4042 0.9762
-3.5312 -4.3056 -2.4268 0.9760
-3.2244 -4.5637 -2.4353 0.9759
-3.0641 -4.6850 -2.4397 0.9759
-2.8992 -4.8008 -2.4442 0.9758
-2.7301 -4.9109 -2.4488 0.9758
-2.0148 -5.2921 -2.4679 0.9756
-1.8272 -5.3718 -2.4729 0.9755
-0.8473 -5.6698 -2.4984 0.9753
-0.6446 -5.7084 -2.5036 0.9752
-0.2344 -5.7641 -2.5142 0.9751
0.1805 -5.7902 -2.5247 0.9750
0.5980 -5.7863 -2.5352 0.9749
1.0158 -5.7521 -2.5457 0.9748
1.4316 -5.6873 -2.5560 0.9747
1.6381 -5.6435 -2.5610 0.9747
1.8432 -5.5920 -2.5661 0.9746
2.2483 -5.4663 -2.5759 0.9745
2.8385 -5.2215 -2.5901 0.9744
3.0294 -5.1252 -2.5947 0.9744
3.4007 -4.9112 -2.6034 0.9743
3.7562 -4.6694 -2.6117 0.9742
4.2550 -4.2570 -2.6231 0.9741
4.4109 -4.1070 -2.6266 0.9740
4.5613 -3.9511 -2.6300 0.9740
4.7059 -3.7894 -2.6332 0.9740
4.8444 -3.6222 -2.6362 0.9740
4.9767 -3.4497 -2.6390 0.9739
5.1024 -3.2721 -2.6417 0.9739
5.3337 -2.9028 -2.6465 0.9739
5.4388 -2.7117 -2.6486 0.9738
5.5366 -2.5165 -2.6505 0.9738
5.7099 -2.1154 -2.6537 0.9738
2.7741 -0.5947 -1.2365 0.9877
2.7551 -0.4879 -1.2194 0.9879
2.7547 -0.2861 -1.2070 0.9880
2.7614 -0.0875 -1.2041 0.9880
2.7574 0.1108 -1.2027 0.9880
2.7621 0.2105 -1.2073 0.9880
2.7789 0.4139 -1.2244 0.9878
3.1067 0.5774 -1.3772 0.9863
5.8777 1.5357 -2.6476 0.9738
5.8140 1.7443 -2.6454 0.9739
5.6632 2.1529 -2.6404 0.9739
5.1574 3.1111 -2.6250 0.9741
5.0355 3.2898 -2.6214 0.9741
4.9072 3.4634 -2.6176 0.9741
4.7726 3.6320 -2.6138 0.9742
4.3338 4.1044 -2.6014 0.9743
4.0145 4.3898 -2.5925 0.9744
3.6759 4.6498 -2.5832 0.9745
3.5002 4.7699 -2.5784 0.9745
3.1370 4.9897 -2.5686 0.9746
2.9501 5.0892 -2.5636 0.9747
2.6542 4.9829 -2.4605 0.9757
2.4108 4.9461 -2.3980 0.9763
2.2272 5.0193 -2.3932 0.9763
2.0415 5.0856 -2.3883 0.9764
1.6645 5.1975 -2.3785 0.9765
0.5085 5.3654 -2.3488 0.9768
0.3149 5.3690 -2.3439 0.9768
0.1218 5.3657 -2.3391 0.9769
-0.4530 5.3149 -2.3247 0.9770
-0.6422 5.2845 -2.3200 0.9770
-1.1994 5.1543 -2.3063 0.9772
-1.3810 5.0981 -2.3019 0.9772
-1.9104 4.8928 -2.2891 0.9773
-2.0811 4.8125 -2.2851 0.9774
-2.2491 4.7276 -2.2816 0.9774
-2.4512 4.7086 -2.3135 0.9771
-3.0699 4.6081 -2.4132 0.9761
-3.2285 4.4881 -2.4095 0.9762
-3.6766 4.0976 -2.3993 0.9763
-4.3234 3.3553 -2.3851 0.9764
-4.5442 3.0306 -2.3804 0.9764
-4.6459 2.8630 -2.3784 0.9765
-4.8318 2.5183 -2.3746 0.9765
-5.0652 1.9807 -2.3703 0.9765
-5.1897 1.6107 -2.3682 0.9766
-5.2424 1.4229 -2.3674 0.9766
-5.2887 1.2335 -2.3668 0.9766
-5.3886 0.6575 -2.3659 0.9766
-5.4088 0.4637 -2.3659 0.9766
-5.4295 0.0744 -2.3665 0.9766
-5.4237 -0.3155 -2.3678 0.9766
-5.3655 -0.8979 -2.3709 0.9765
-5.3329 -1.0905 -2.3723 0.9765
-5.2937 -1.2821 -2.3738 0.9765
-5.1958 -1.6611 -2.3773 0.9765
-5.1372 -1.8481 -2.3793 0.9765
-5.0008 -2.2161 -2.3838 0.9764
-4.6531 -2.9221 -2.3946 0.9763
-4.5509 -3.0912 -2.3977 0.9763
-4.4430 -3.2569 -2.4009 0.9762
-4.3292 -3.4190 -2.4042 0.9762
-4.2097 -3.5774 -2.4077 0.9762
-3.8184 -4.0278 -2.4188 0.9761
-3.6773 -4.1691 -2.4228 0.9760
-3.5312 -4.3056 -2.4268 0.9760
-3.3802 -4.4372 -2.4310 0.9760
-3.2244 -4.5637 -2.4353 0.9759
-3.0641 -4.6850 -2.4397 0.9759
-2.8992 -4.8008 -2.4442 0.9758
-2.7301 -4.9109 -2.4488 0.9758
-2.5570 -5.0153 -2.4534 0.9757
-2.3799 -5.1137 -2.4582 0.9757
-2.0148 -5.2921 -2.4679 0.9756
-1.8272 -5.3718 -2.4729 0.9755
-1.6365 -5.4450 -2.4779 0.9755
-1.2468 -5.5712 -2.4881 0.9754
-1.0481 -5.6240 -2.4932 0.9753
-0.6446 -5.7084 -2.5036 0.9752
-0.2344 -5.7641 -2.5142 0.9751
-0.0274 -5.7808 -2.5194 0.9751
0.5980 -5.7863 -2.5352 0.9749
1.2240 -5.7235 -2.5508 0.9748
1.4316 -5.6873 -2.5560 0.9747
1.8432 -5.5920 -2.5661 0.9746
2.0467 -5.5329 -2.5710 0.9746
2.6445 -5.3105 -2.5855 0.9744
3.0294 -5.1252 -2.5947 0.9744
3.2169 -5.0218 -2.5991 0.9743
3.4007 -4.9112 -2.6034 0.9743
3.5806 -4.7937 -2.6076 0.9742
3.9274 -4.5384 -2.6157 0.9742
4.2550 -4.2570 -2.6231 0.9741
4.5613 -3.9511 -2.6300 0.9740
5.2216 -3.0897 -2.6442 0.9739
5.3337 -2.9028 -2.6465 0.9739
5.5366 -2.5165 -2.6505 0.9738
5.6271 -2.3176 -2.6522 0.9738
5.7099 -2.1154 -2.6537 0.9738
5.7850 -1.9100 -2.6551 0.9738
5.8523 -1.7018 -2.6562 0.9738
2.7551 -0.4879 -1.2194 0.9879
2.7593 -0.3871 -1.2143 0.9879
2.7547 -0.2861 -1.2070 0.9880
2.7589 -0.1867 -1.2051 0.9880
2.7614 -0.0875 -1.2041 0.9880
3.1067 0.5774 -1.3772 0.9863
5.9335 1.3248 -2.6496 0.9738
5.8140 1.7443 -2.6454 0.9739
5.7424 1.9501 -2.6430 0.9739
5.4823 2.5481 -2.6347 0.9740
5.2726 2.9278 -2.6284 0.9740
5.1574 3.1111 -2.6250 0.9741
5.0355 3.2898 -2.6214 0.9741
4.9072 3.4635 -2.6176 0.9741
4.7726 3.6320 -2.6138 0.9742
4.4857 3.9527 -2.6056 0.9743
4.3338 4.1044 -2.6014 0.9743
4.1766 4.2502 -2.5970 0.9743
4.0145 4.3898 -2.5925 0.9744
3.6759 4.6498 -2.5832 0.9745
3.5001 4.7699 -2.5784 0.9745
3.3204 4.8832 -2.5736 0.9746
2.9501 5.0892 -2.5636 0.9747
2.4108 4.9461 -2.3980 0.9763
2.0415 5.0856 -2.3883 0.9764
1.6644 5.1975 -2.3785 0.9765
1.4737 5.2430 -2.3735 0.9765
1.2819 5.2814 -2.3686 0.9766
1.0892 5.3129 -2.3636 0.9766
0.8959 5.3374 -2.3587 0.9767
0.7023 5.3549 -2.3537 0.9767
0.3150 5.3690 -2.3439 0.9768
0.1218 5.3657 -2.3391 0.9769
-0.2624 5.3386 -2.3295 0.9769
-1.1994 5.1543 -2.3063 0.9772
-2.0811 4.8125 -2.2851 0.9774
-2.4512 4.7086 -2.3135 0.9771
-2.8871 4.6902 -2.4003 0.9763
-3.0699 4.6081 -2.4132 0.9761
-3.8163 3.9579 -2.3962 0.9763
-3.9510 3.8136 -2.3932 0.9763
-4.0805 3.6649 -2.3903 0.9764
-4.3234 3.3553 -2.3851 0.9764
-4.4366 3.1947 -2.3827 0.9764
-4.5442 3.0306 -2.3804 0.9764
-4.6459 2.8630 -2.3784 0.9765
-4.8318 2.5183 -2.3746 0.9765
-4.9936 2.1624 -2.3716 0.9765
-5.0652 1.9807 -2.3703 0.9765
-5.1897 1.6107 -2.3682 0.9766
-5.2424 1.4229 -2.3674 0.9766
-5.3285 1.0427 -2.3663 0.9766
-5.3886 0.6575 -2.3659 0.9766
-5.3329 -1.0905 -2.3723 0.9765
-5.2937 -1.2821 -2.3738 0.9765
-5.1958 -1.6611 -2.3773 0.9765
-4.9231 -2.3966 -2.3863 0.9764
-4.8392 -2.5746 -2.3889 0.9764
-4.6531 -2.9221 -2.3946 0.9763
-4.3292 -3.4190 -2.4042 0.9762
-4.2097 -3.5774 -2.4077 0.9762
-4.0847 -3.7317 -2.4112 0.9761
-3.5312 -4.3056 -2.4268 0.9760
-3.0641 -4.6850 -2.4397 0.9759
-2.8992 -4.8008 -2.4442 0.9758
-2.5570 -5.0153 -2.4534 0.9757
-2.3799 -5.1137 -2.4582 0.9757
-1.8272 -5.3718 -2.4729 0.9755
-1.4429 -5.5115 -2.4829 0.9754
-1.2468 -5.5712 -2.4881 0.9754
-1.0481 -5.6240 -2.4932 0.9753
-0.6446 -5.7084 -2.5036 0.9752
-0.4402 -5.7399 -2.5089 0.9752
-0.2344 -5.7641 -2.5142 0.9751
0.1805 -5.7902 -2.5247 0.9750
0.5980 -5.7863 -2.5352 0.9749
0.8070 -5.7730 -2.5404 0.9749
1.0158 -5.7521 -2.5457 0.9748
1.2240 -5.7235 -2.5508 0.9748
1.4316 -5.6873 -2.5560 0.9747
1.8432 -5.5920 -2.5661 0.9746
2.8385 -5.2215 -2.5901 0.9744
3.0294 -5.1252 -2.5947 0.9744
3.4007 -4.9112 -2.6034 0.9743
3.5806 -4.7937 -2.6076 0.9742
4.0937 -4.4009 -2.6195 0.9741
4.2550 -4.2570 -2.6231 0.9741
4.5613 -3.9511 -2.6300 0.9740
4.8444 -3.6222 -2.6362 0.9740
4.9767 -3.4497 -2.6390 0.9739
5.1025 -3.2721 -2.6417 0.9739
5.2216 -3.0897 -2.6442 0.9739
5.3337 -2.9028 -2.6465 0.9739
5.4388 -2.7117 -2.6486 0.9738
5.5366 -2.5165 -2.6505 0.9738
5.7099 -2.1154 -2.6537 0.9738
5.7850 -1.9100 -2.6551 0.9738
5.9116 -1.4911 -2.6571 0.9737
2.7589 -0.1867 -1.2051 0.9880
2.7603 0.0117 -1.2030 0.9880
2.7574 0.1108 -1.2027 0.9880
2.7621 0.2105 -1.2073 0.9880
2.7610 0.3104 -1.2108 0.9880
2.7789 0.4139 -1.2244 0.9878
3.1068 0.5774 -1.3772 0.9863
5.8777 1.5357 -2.6476 0.9738
5.8140 1.7443 -2.6454 0.9739
5.7424 1.9501 -2.6430 0.9739
5.6632 2.1529 -2.6404 0.9739
5.5764 2.3523 -2.6377 0.9739
5.4823 2.5481 -2.6347 0.9740
5.3810 2.7401 -2.6316 0.9740
5.1573 3.1111 -2.6249 0.9741
4.7726 3.6320 -2.6138 0.9742
4.4857 3.9527 -2.6056 0.9743
4.0144 4.3898 -2.5925 0.9744
3.8474 4.5230 -2.5879 0.9744
3.5001 4.7699 -2.5784 0.9745
3.3204 4.8832 -2.5736 0.9746
3.1370 4.9897 -2.5686 0.9746
2.9501 5.0892 -2.5636 0.9747
2.6542 4.9829 -2.4605 0.9757
2.2272 5.0193 -2.3932 0.9763
2.0415 5.0856 -2.3883 0.9764
1.6644 5.1975 -2.3785 0.9765
1.0892 5.3129 -2.3636 0.9766
0.8959 5.3374 -2.3587 0.9767
0.3150 5.3690 -2.3439 0.9768
0.1218 5.3657 -2.3391 0.9769
-0.4530 5.3149 -2.3247 0.9770
-0.6422 5.2845 -2.3200 0.9770
-1.0156 5.2041 -2.3108 0.9771
-1.1994 5.1543 -2.3063 0.9772
-1.3810 5.0981 -2.3019 0.9772
-1.7367 4.9672 -2.2933 0.9773
-1.9104 4.8928 -2.2891 0.9773
-2.8871 4.6902 -2.4003 0.9763
-3.3825 4.3630 -2.4060 0.9762
-3.5320 4.2327 -2.4026 0.9762
-3.6766 4.0976 -2.3993 0.9763
-4.0805 3.6649 -2.3903 0.9764
-4.5442 3.0306 -2.3804 0.9764
-4.9157 2.3417 -2.3730 0.9765
-4.9936 2.1624 -2.3716 0.9765
-5.0652 1.9807 -2.3703 0.9765
-5.1306 1.7967 -2.3692 0.9766
-5.2424 1.4229 -2.3674 0.9766
-5.2887 1.2335 -2.3668 0.9766
-5.3285 1.0426 -2.3663 0.9766
-5.3886 0.6575 -2.3659 0.9766
-5.4225 0.2693 -2.3661 0.9766
-5.4299 -0.1205 -2.3671 0.9766
-5.4109 -0.5101 -2.3686 0.9766
-5.3915 -0.7044 -2.3697 0.9766
-5.2937 -1.2821 -2.3738 0.9765
-5.2480 -1.4723 -2.3755 0.9765
-5.1958 -1.6611 -2.3773 0.9765
-5.0721 -2.0331 -2.3815 0.9764
-4.9231 -2.3966 -2.3863 0.9764
-4.4430 -3.2569 -2.4009 0.9762
-3.6773 -4.1691 -2.4228 0.9760
-3.3802 -4.4372 -2.4310 0.9760
-3.2244 -4.5637 -2.4353 0.9759
-3.0641 -4.6850 -2.4397 0.9759
-2.8992 -4.8008 -2.4442 0.9758
-2.7301 -4.9109 -2.4488 0.9758
-2.5570 -5.0153 -2.4534 0.9757
-2.3799 -5.1137 -2.4582 0.9757
-2.1991 -5.2061 -2.4630 0.9756
-2.0148 -5.2921 -2.4679 0.9756
-1.4429 -5.5115 -2.4829 0.9754
-1.2467 -5.5712 -2.4881 0.9754
-0.4402 -5.7399 -2.5089 0.9752
-0.2344 -5.7641 -2.5142 0.9751
-0.0274 -5.7808 -2.5194 0.9751
0.3891 -5.7920 -2.5300 0.9750
0.8070 -5.7730 -2.5404 0.9749
1.0158 -5.7521 -2.5457 0.9748
1.8432 -5.5920 -2.5661 0.9746
2.4477 -5.3921 -2.5808 0.9745
2.8385 -5.2215 -2.5901 0.9744
3.4007 -4.9112 -2.6034 0.9743
3.8439 -4.1323 -2.6124 0.9754
4.5471 -3.3998 -2.6281 0.9753
4.7886 -3.0709 -2.6332 0.9752
5.1035 -2.5445 -2.6397 0.9752
5.2797 -2.1746 -2.6431 0.9751
5.4275 -1.7920 -2.6457 0.9751
2.9709 -0.7494 -1.4183 0.9866
2.6649 -0.5713 -1.2616 0.9881
2.6638 -0.4717 -1.2522 0.9881
2.6737 -0.2776 -1.2443 0.9882
2.6780 -0.1812 -1.2424 0.9882
2.6805 -0.0849 -1.2414 0.9882
2.6794 0.0114 -1.2403 0.9883
2.6765 0.1075 -1.2399 0.9883
2.6744 0.2038 -1.2415 0.9882
5.5676 1.2431 -2.6406 0.9752
5.3891 1.8301 -2.6344 0.9752
5.3151 2.0205 -2.6320 0.9752
5.1460 2.3918 -2.6267 0.9753
4.9499 2.7486 -2.6207 0.9754
4.8421 2.9209 -2.6175 0.9754
4.7280 3.0889 -2.6142 0.9754
4.3504 3.5644 -2.6033 0.9755
4.2134 3.7127 -2.5994 0.9756
3.9238 3.9929 -2.5913 0.9756
3.6154 4.2502 -2.5828 0.9757
3.1212 4.5902 -2.5694 0.9758
2.7737 4.7849 -2.5601 0.9759
2.3780 4.8787 -2.5122 0.9764
1.9261 4.7981 -2.3932 0.9775
1.5660 4.8902 -2.3769 0.9776
1.0252 5.0007 -2.3629 0.9778
0.8434 5.0244 -2.3582 0.9778
0.1147 5.0535 -2.3398 0.9780
-0.0666 5.0445 -2.3352 0.9780
-0.6051 4.9794 -2.3218 0.9781
-0.9572 4.9047 -2.3132 0.9782
-1.6481 4.7138 -2.3115 0.9782
-1.8381 4.7076 -2.3393 0.9780
-2.0328 4.7007 -2.3706 0.9777
-2.2328 4.6931 -2.4057 0.9774
-2.5848 4.5581 -2.4255 0.9772
-2.7426 4.4556 -2.4218 0.9772
-2.8965 4.3478 -2.4183 0.9772
-3.4701 3.8675 -2.4052 0.9774
-3.7296 3.5998 -2.3994 0.9774
-3.8521 3.4598 -2.3967 0.9774
-4.0819 3.1679 -2.3917 0.9775
-4.2908 2.8616 -2.3873 0.9775
-4.3871 2.7035 -2.3853 0.9775
-4.4779 2.5423 -2.3835 0.9776
-4.5630 2.3782 -2.3818 0.9776
-4.7161 2.0422 -2.3789 0.9776
-4.7839 1.8707 -2.3777 0.9776
-4.8458 1.6970 -2.3766 0.9776
-4.9017 1.5214 -2.3757 0.9776
-4.9516 1.3440 -2.3750 0.9776
-5.0646 0.8034 -2.3736 0.9777
-5.0899 0.6211 -2.3735 0.9777
-5.1219 0.2543 -2.3738 0.9776
-5.1285 0.0703 -2.3741 0.9776
-5.1228 -0.2980 -2.3753 0.9776
-5.1106 -0.4818 -2.3761 0.9776
-5.0674 -0.8480 -2.3783 0.9776
-4.9559 -1.3904 -2.3826 0.9776
-4.8508 -1.7451 -2.3863 0.9775
-4.7892 -1.9197 -2.3883 0.9775
-4.7216 -2.0923 -2.3905 0.9775
-4.6479 -2.2627 -2.3929 0.9775
-4.5685 -2.4306 -2.3953 0.9774
-4.4832 -2.5958 -2.3980 0.9774
-4.3921 -2.7583 -2.4007 0.9774
-4.1933 -3.0738 -2.4066 0.9773
-3.9725 -3.3758 -2.4131 0.9773
-3.7307 -3.6625 -2.4200 0.9772
-3.3307 -4.0611 -2.4312 0.9771
-2.7335 -4.5263 -2.4476 0.9770
-2.5738 -4.6297 -2.4519 0.9769
-2.4103 -4.7276 -2.4563 0.9769
-2.2431 -4.8198 -2.4608 0.9768
-2.0725 -4.9063 -2.4653 0.9768
-1.8986 -4.9868 -2.4700 0.9768
-1.5417 -5.1297 -2.4794 0.9767
-1.3592 -5.1917 -2.4841 0.9766
-0.7979 -5.3389 -2.4987 0.9765
0.7591 -5.4308 -2.5383 0.9761
0.9554 -5.4104 -2.5432 0.9761
1.3462 -5.3482 -2.5528 0.9760
1.9240 -5.2012 -2.5670 0.9759
2.1132 -5.1380 -2.5716 0.9758
2.3004 -5.0677 -2.5761 0.9758
2.8462 -4.8153 -2.5892 0.9756
3.0220 -4.7176 -2.5933 0.9756
3.3630 -4.5025 -2.6013 0.9755
4.1411 -3.8558 -2.6191 0.9754
4.6709 -3.2377 -2.6307 0.9753
4.7886 -3.0709 -2.6332 0.9752
5.0051 -2.7240 -2.6377 0.9752
5.1035 -2.5445 -2.6397 0.9752
5.4275 -1.7920 -2.6457 0.9751
5.4905 -1.5966 -2.6467 0.9751
2.6649 -0.5713 -1.2616 0.9881
2.6697 -0.3745 -1.2479 0.9882
2.6780 -0.1812 -1.2424 0.9882
2.6765 0.1075 -1.2399 0.9883
2.6682 0.3974 -1.2487 0.9882
5.4559 1.6369 -2.6367 0.9752
5.3891 1.8301 -2.6344 0.9752
5.3151 2.0205 -2.6320 0.9752
5.1460 2.3918 -2.6267 0.9753
4.7280 3.0889 -2.6142 0.9754
4.6079 3.2523 -2.6107 0.9754
4.3504 3.5644 -2.6033 0.9755
4.2133 3.7127 -2.5994 0.9756
4.0711 3.8556 -2.5954 0.9756
3.7719 4.1245 -2.5871 0.9757
3.4546 4.3697 -2.5784 0.9757
3.2897 4.4831 -2.5739 0.9758
3.1212 4.5902 -2.5694 0.9758
2.9491 4.6908 -2.5648 0.9759
2.7737 4.7849 -2.5601 0.9759
2.3780 4.8787 -2.5122 0.9764
2.1422 4.8276 -2.4447 0.9770
1.9261 4.7981 -2.3932 0.9775
1.2064 4.9705 -2.3676 0.9777
0.8434 5.0244 -2.3582 0.9778
0.4788 5.0520 -2.3490 0.9779
0.2966 5.0560 -2.3444 0.9779
-0.2472 5.0291 -2.3307 0.9781
-0.7819 4.9451 -2.3175 0.9782
-1.6481 4.7138 -2.3115 0.9782
-1.8381 4.7076 -2.3393 0.9780
-3.0464 4.2350 -2.4148 0.9773
-3.4701 3.8675 -2.4052 0.9774
-3.6022 3.7358 -2.4022 0.9774
-3.8521 3.4598 -2.3967 0.9774
-3.9696 3.3157 -2.3941 0.9775
-4.0819 3.1679 -2.3917 0.9775
-4.1890 3.0164 -2.3894 0.9775
-4.2907 2.8616 -2.3873 0.9775
-4.4779 2.5423 -2.3835 0.9776
-4.7839 1.8707 -2.3777 0.9776
-4.8458 1.6970 -2.3766 0.9776
-4.9954 1.1651 -2.3744 0.9776
-5.0331 0.9848 -2.3739 0.9776
-5.0899 0.6211 -2.3735 0.9777
-5.1219 0.2543 -2.3738 0.9776
-5.1285 0.0703 -2.3741 0.9776
-5.1287 -0.1138 -2.3746 0.9776
-5.1229 -0.2980 -2.3753 0.9776
-5.0365 -1.0299 -2.3796 0.9776
-4.9993 -1.2108 -2.3810 0.9776
-4.9065 -1.5686 -2.3844 0.9776
-4.7216 -2.0923 -2.3905 0.9775
-4.6479 -2.2627 -2.3929 0.9775
-4.5685 -2.4306 -2.3953 0.9774
-4.3922 -2.7583 -2.4007 0.9774
-4.2954 -2.9177 -2.4036 0.9774
-3.9725 -3.3758 -2.4131 0.9773
-3.3307 -4.0611 -2.4312 0.9771
-3.0407 -4.3037 -2.4392 0.9770
-2.8892 -4.4176 -2.4434 0.9770
-2.5738 -4.6297 -2.4519 0.9769
-2.4103 -4.7276 -2.4563 0.9769
-2.0725 -4.9063 -2.4653 0.9768
-1.8986 -4.9868 -2.4700 0.9768
-1.5417 -5.1297 -2.4794 0.9767
-1.3592 -5.1917 -2.4841 0.9766
-1.1743 -5.2473 -2.4890 0.9766
-0.7979 -5.3389 -2.4987 0.9765
-0.6069 -5.3746 -2.5036 0.9764
-0.2206 -5.4257 -2.5135 0.9763
0.7591 -5.4308 -2.5383 0.9761
0.9554 -5.4104 -2.5432 0.9761
1.1512 -5.3829 -2.5480 0.9760
1.3462 -5.3482 -2.5528 0.9760
1.5403 -5.3064 -2.5576 0.9759
1.7329 -5.2574 -2.5623 0.9759
2.1132 -5.1380 -2.5716 0.9758
2.4851 -4.9904 -2.5806 0.9757
3.3631 -4.5025 -2.6013 0.9755
3.6880 -4.2618 -2.6088 0.9755
3.8439 -4.1323 -2.6124 0.9754
3.9950 -3.9969 -2.6158 0.9754
4.2820 -3.7091 -2.6222 0.9753
4.4174 -3.5570 -2.6252 0.9753
4.6709 -3.2377 -2.6307 0.9753
4.7887 -3.0709 -2.6332 0.9752
4.9001 -2.8995 -2.6355 0.9752
5.0051 -2.7240 -2.6377 0.9752
5.1035 -2.5445 -2.6397 0.9752
5.1951 -2.3613 -2.6414 0.9752
5.3572 -1.9847 -2.6445 0.9751
5.4275 -1.7920 -2.6457 0.9751
5.4905 -1.5966 -2.6467 0.9751
2.9709 -0.7494 -1.4182 0.9866
2.6649 -0.5713 -1.2616 0.9881
2.6697 -0.3745 -1.2479 0.9882
2.6737 -0.2776 -1.2443 0.9882
2.6780 -0.1812 -1.2424 0.9882
2.6765 0.1075 -1.2399 0.9883
2.6702 0.3002 -1.2438 0.9882
2.6682 0.3974 -1.2487 0.9882
5.5155 1.4411 -2.6387 0.9752
5.2340 2.2079 -2.6295 0.9753
5.1460 2.3918 -2.6267 0.9753
4.7280 3.0889 -2.6142 0.9754
4.4820 3.4108 -2.6071 0.9755
4.3504 3.5644 -2.6033 0.9755
4.2133 3.7127 -2.5994 0.9756
4.0711 3.8556 -2.5954 0.9756
3.7719 4.1245 -2.5871 0.9757
3.4546 4.3698 -2.5784 0.9757
3.2897 4.4831 -2.5739 0.9758
3.1212 4.5902 -2.5694 0.9758
2.9491 4.6908 -2.5648 0.9759
2.1422 4.8276 -2.4447 0.9770
1.9261 4.7981 -2.3932 0.9775
1.5660 4.8902 -2.3769 0.9776
1.3868 4.9336 -2.3722 0.9777
1.0252 5.0007 -2.3629 0.9778
0.8434 5.0244 -2.3582 0.9778
0.1147 5.0535 -2.3398 0.9780
-0.0666 5.0445 -2.3352 0.9780
-0.2472 5.0291 -2.3307 0.9781
-0.4268 5.0074 -2.3262 0.9781
-0.6051 4.9794 -2.3218 0.9781
-0.9572 4.9047 -2.3132 0.9782
-1.4709 4.7476 -2.3006 0.9783
-2.2328 4.6931 -2.4057 0.9774
-2.4233 4.6552 -2.4293 0.9771
-2.7426 4.4556 -2.4218 0.9772
-2.8965 4.3478 -2.4183 0.9772
-3.0464 4.2350 -2.4148 0.9773
-3.3333 3.9946 -2.4083 0.9773
-3.4701 3.8675 -2.4052 0.9774
-3.6022 3.7358 -2.4022 0.9774
-4.2907 2.8616 -2.3873 0.9775
-4.3871 2.7035 -2.3853 0.9775
-4.4779 2.5423 -2.3835 0.9776
-4.6425 2.2115 -2.3803 0.9776
-4.7839 1.8707 -2.3777 0.9776
-4.8458 1.6970 -2.3766 0.9776
-4.9017 1.5213 -2.3757 0.9776
-4.9516 1.3440 -2.3750 0.9776
-5.0331 0.9848 -2.3739 0.9776
-5.0646 0.8034 -2.3736 0.9777
-5.0899 0.6211 -2.3735 0.9777
-5.1090 0.4380 -2.3736 0.9777
-5.1219 0.2543 -2.3738 0.9776
-5.1285 0.0703 -2.3741 0.9776
-5.1287 -0.1138 -2.3746 0.9776
-5.1229 -0.2980 -2.3753 0.9776
-5.1106 -0.4818 -2.3761 0.9776
-4.9993 -1.2108 -2.3810 0.9776
-4.9065 -1.5686 -2.3844 0.9776
-4.5685 -2.4306 -2.3953 0.9774
-4.4832 -2.5958 -2.3980 0.9774
-4.1933 -3.0738 -2.4066 0.9773
-3.9725 -3.3758 -2.4131 0.9773
-3.8542 -3.5211 -2.4165 0.9773
-3.6022 -3.7998 -2.4236 0.9772
-3.4688 -3.9327 -2.4274 0.9772
-3.3307 -4.0611 -2.4312 0.9771
-3.0407 -4.3037 -2.4392 0.9770
-2.7335 -4.5263 -2.4476 0.9770
-2.4103 -4.7276 -2.4563 0.9769
-2.2431 -4.8198 -2.4608 0.9768
-2.0725 -4.9063 -2.4653 0.9768
-1.8986 -4.9868 -2.4700 0.9768
-1.7216 -5.0613 -2.4746 0.9767
-1.3592 -5.1917 -2.4841 0.9766
-1.1743 -5.2473 -2.4890 0.9766
-0.9871 -5.2964 -2.4938 0.9765
-0.7979 -5.3389 -2.4987 0.9765
-0.6069 -5.3746 -2.5036 0.9764
-0.0257 -5.4408 -2.5185 0.9763
0.1699 -5.4489 -2.5235 0.9763
0.7591 -5.4308 -2.5383 0.9761
1.1512 -5.3829 -2.5480 0.9760
1.9240 -5.2012 -2.5670 0.9759
2.1132 -5.1380 -2.5716 0.9758
2.6671 -4.9063 -2.5849 0.9757
3.0220 -4.7176 -2.5933 0.9756
3.1945 -4.6133 -2.5974 0.9756
3.6880 -4.2618 -2.6088 0.9755
3.8439 -4.1323 -2.6124 0.9754
3.9950 -3.9969 -2.6158 0.9754
4.1411 -3.8558 -2.6191 0.9754
4.7887 -3.0709 -2.6332 0.9752
4.9001 -2.8995 -2.6355 0.9752
5.0051 -2.7240 -2.6377 0.9752
5.1951 -2.3612 -2.6415 0.9752
5.2797 -2.1746 -2.6431 0.9751
5.3572 -1.9847 -2.6445 0.9751
5.4275 -1.7920 -2.6457 0.9751
2.9709 -0.7494 -1.4182 0.9866
2.6638 -0.4717 -1.2522 0.9881
2.6780 -0.1812 -1.2424 0.9882
2.6805 -0.0849 -1.2414 0.9882
2.6765 0.1075 -1.2399 0.9883
2.6895 0.4999 -1.2662 0.9880
5.5155 1.4411 -2.6387 0.9752
5.4559 1.6369 -2.6367 0.9752
5.3891 1.8301 -2.6344 0.9752
5.3151 2.0205 -2.6320 0.9752
5.2340 2.2079 -2.6295 0.9753
4.9499 2.7486 -2.6207 0.9754
4.8421 2.9209 -2.6175 0.9754
4.6079 3.2523 -2.6107 0.9754
4.3504 3.5644 -2.6033 0.9755
3.6154 4.2502 -2.5828 0.9757
3.1212 4.5902 -2.5694 0.9758
2.5953 4.8723 -2.5553 0.9760
1.9261 4.7981 -2.3932 0.9775
1.3868 4.9336 -2.3722 0.9777
1.0252 5.0007 -2.3629 0.9778
0.6611 5.0415 -2.3536 0.9778
-0.2472 5.0291 -2.3307 0.9781
-0.4268 5.0074 -2.3262 0.9781
-0.7820 4.9451 -2.3175 0.9782
-1.1305 4.8583 -2.3089 0.9783
-1.3019 4.8059 -2.3047 0.9783
-1.4709 4.7476 -2.3006 0.9783
-1.6481 4.7138 -2.3115 0.9782
-1.8381 4.7076 -2.3393 0.9780
-2.0328 4.7007 -2.3706 0.9777
-3.1920 4.1172 -2.4115 0.9773
-3.4701 3.8674 -2.4052 0.9774
-3.6022 3.7358 -2.4022 0.9774
-3.8521 3.4597 -2.3967 0.9774
-4.0819 3.1679 -2.3917 0.9775
-4.1890 3.0164 -2.3894 0.9775
-4.2907 2.8616 -2.3873 0.9775
-4.5630 2.3782 -2.3818 0.9776
-4.9017 1.5213 -2.3757 0.9776
-4.9516 1.3440 -2.3750 0.9776
-5.0330 0.9848 -2.3739 0.9776
-5.0646 0.8034 -2.3736 0.9777
-5.0899 0.6211 -2.3735 0.9777
-5.1090 0.4380 -2.3736 0.9777
-5.0922 -0.6653 -2.3771 0.9776
-5.0365 -1.0299 -2.3796 0.9776
-4.9993 -1.2108 -2.3810 0.9776
-4.9560 -1.3904 -2.3826 0.9776
-4.7892 -1.9197 -2.3883 0.9775
-4.4832 -2.5959 -2.3980 0.9774
-4.3921 -2.7583 -2.4007 0.9774
-4.2954 -2.9177 -2.4036 0.9774
-3.7307 -3.6625 -2.4200 0.9772
-3.6022 -3.7998 -2.4236 0.9772
-3.4688 -3.9327 -2.4274 0.9772
-3.3307 -4.0611 -2.4312 0.9771
-3.1880 -4.1849 -2.4352 0.9771
-2.5738 -4.6297 -2.4519 0.9769
-2.4103 -4.7276 -2.4563 0.9769
-2.0725 -4.9063 -2.4653 0.9768
-1.8986 -4.9868 -2.4700 0.9768
-1.1743 -5.2473 -2.4890 0.9766
-0.9871 -5.2964 -2.4938 0.9765
-0.6069 -5.3746 -2.5036 0.9764
-0.2206 -5.4257 -2.5135 0.9763
0.1699 -5.4489 -2.5235 0.9763
0.3661 -5.4500 -2.5284 0.9762
0.5626 -5.4440 -2.5333 0.9762
0.7591 -5.4308 -2.5383 0.9761
0.9554 -5.4104 -2.5432 0.9761
1.3463 -5.3482 -2.5528 0.9760
1.5403 -5.3064 -2.5576 0.9759
1.9240 -5.2012 -2.5670 0.9759
2.3004 -5.0677 -2.5761 0.9758
2.4851 -4.9904 -2.5806 0.9757
3.0220 -4.7176 -2.5933 0.9756
3.3631 -4.5025 -2.6013 0.9755
3.8976 -3.6291 -2.6123 0.9766
4.1571 -3.3475 -2.6181 0.9765
4.2789 -3.1993 -2.6207 0.9765
4.3952 -3.0466 -2.6232 0.9765
4.6103 -2.7281 -2.6277 0.9764
4.7089 -2.5628 -2.6298 0.9764
4.8012 -2.3938 -2.6316 0.9764
4.8872 -2.2213 -2.6333 0.9764
4.9666 -2.0456 -2.6348 0.9764
5.0394 -1.8670 -2.6361 0.9763
5.1054 -1.6856 -2.6373 0.9763
2.6310 -0.5640 -1.3199 0.9881
2.6338 -0.4664 -1.3121 0.9882
2.6330 -0.3694 -1.3042 0.9882
2.6323 -0.2733 -1.2981 0.9883
2.6310 -0.1780 -1.2935 0.9883
2.6303 -0.0833 -1.2909 0.9883
2.6314 0.0112 -1.2908 0.9883
2.6352 0.2963 -1.3008 0.9883
2.6572 0.4939 -1.3257 0.9880
5.2378 1.1694 -2.6325 0.9764
5.0705 1.7219 -2.6267 0.9764
4.9251 2.0776 -2.6220 0.9765
4.6587 2.5869 -2.6139 0.9765
4.5576 2.7493 -2.6108 0.9766
4.3379 3.0616 -2.6044 0.9766
4.2196 3.2112 -2.6010 0.9767
4.0961 3.3560 -2.5975 0.9767
3.6955 3.7605 -2.5862 0.9768
3.5527 3.8848 -2.5823 0.9768
3.4056 4.0036 -2.5782 0.9769
3.0995 4.2239 -2.5699 0.9769
2.2758 4.6690 -2.5478 0.9771
1.9132 4.7660 -2.5192 0.9774
1.5133 4.7255 -2.4339 0.9781
0.6239 4.7571 -2.3535 0.9789
-0.0629 4.7621 -2.3361 0.9790
-0.2334 4.7481 -2.3319 0.9790
-0.9193 4.7103 -2.3541 0.9788
-1.4551 4.6966 -2.4118 0.9783
-1.6401 4.6909 -2.4376 0.9781
-1.9751 4.5673 -2.4409 0.9781
-2.1345 4.4865 -2.4371 0.9781
-2.5929 4.2123 -2.4263 0.9782
-3.0184 3.8933 -2.4165 0.9783
-3.1522 3.7777 -2.4134 0.9783
-3.7552 3.1366 -2.4000 0.9784
-3.8616 2.9969 -2.3978 0.9785
-4.1510 2.5580 -2.3917 0.9785
-4.2370 2.4056 -2.3900 0.9785
-4.3177 2.2504 -2.3884 0.9785
-4.3931 2.0927 -2.3869 0.9786
-4.4629 1.9326 -2.3856 0.9786
-4.5859 1.6060 -2.3834 0.9786
-4.6389 1.4398 -2.3826 0.9786
-4.6862 1.2720 -2.3819 0.9786
-4.8353 0.4145 -2.3805 0.9786
-4.8474 0.2407 -2.3807 0.9786
-4.8189 -0.6296 -2.3839 0.9786
-4.7660 -0.9746 -2.3862 0.9786
-4.7307 -1.1457 -2.3876 0.9785
-4.6424 -1.4842 -2.3908 0.9785
-4.5896 -1.6511 -2.3926 0.9785
-4.5312 -1.8163 -2.3945 0.9785
-4.4669 -1.9795 -2.3966 0.9785
-4.3216 -2.2992 -2.4012 0.9784
-4.2407 -2.4554 -2.4037 0.9784
-4.1543 -2.6089 -2.4063 0.9784
-3.9656 -2.9070 -2.4119 0.9783
-3.6442 -3.3293 -2.4212 0.9782
-3.5271 -3.4627 -2.4245 0.9782
-3.4054 -3.5922 -2.4280 0.9782
-3.2790 -3.7175 -2.4315 0.9782
-2.5827 -4.2767 -2.4507 0.9780
-2.4316 -4.3739 -2.4548 0.9780
-2.1187 -4.5526 -2.4632 0.9779
-1.9574 -4.6338 -2.4675 0.9778
-1.6256 -4.7793 -2.4763 0.9778
-1.4556 -4.8433 -2.4807 0.9777
-1.1085 -4.9533 -2.4898 0.9776
-0.7530 -5.0386 -2.4990 0.9776
-0.5727 -5.0718 -2.5036 0.9775
-0.2081 -5.1188 -2.5130 0.9774
-0.0243 -5.1325 -2.5177 0.9774
0.1603 -5.1396 -2.5223 0.9774
0.3453 -5.1401 -2.5270 0.9773
0.5305 -5.1338 -2.5317 0.9773
0.9008 -5.1011 -2.5409 0.9772
1.0853 -5.0746 -2.5455 0.9771
1.2690 -5.0413 -2.5500 0.9771
1.4517 -5.0013 -2.5545 0.9771
1.9911 -4.8411 -2.5677 0.9769
2.3410 -4.7011 -2.5761 0.9769
2.5122 -4.6214 -2.5802 0.9768
2.6806 -4.5353 -2.5842 0.9768
2.8460 -4.4428 -2.5881 0.9768
3.1666 -4.2394 -2.5956 0.9767
3.4720 -4.0122 -2.6027 0.9766
3.6185 -3.8900 -2.6060 0.9766
3.7604 -3.7622 -2.6092 0.9766
4.2789 -3.1993 -2.6207 0.9765
4.3952 -3.0466 -2.6232 0.9765
4.5057 -2.8894 -2.6256 0.9764
4.6104 -2.7281 -2.6277 0.9764
4.8012 -2.3938 -2.6316 0.9764
4.9666 -2.0456 -2.6348 0.9764
5.1054 -1.6856 -2.6373 0.9763
2.6592 -0.6708 -1.3452 0.9879
2.6310 -0.5640 -1.3199 0.9881
2.6338 -0.4664 -1.3121 0.9882
2.6330 -0.3694 -1.3042 0.9882
2.6310 -0.1780 -1.2935 0.9883
2.6314 0.0112 -1.2908 0.9883
2.6331 0.3922 -1.3059 0.9882
5.2378 1.1694 -2.6325 0.9764
5.0011 1.9012 -2.6244 0.9764
4.8426 2.2508 -2.6195 0.9765
4.6587 2.5869 -2.6139 0.9765
4.5576 2.7493 -2.6108 0.9766
4.4506 2.9076 -2.6077 0.9766
4.3379 3.0616 -2.6044 0.9766
3.9674 3.4960 -2.5938 0.9767
3.8338 3.6309 -2.5901 0.9767
3.5527 3.8848 -2.5823 0.9768
3.0995 4.2239 -2.5699 0.9769
1.9132 4.7660 -2.5192 0.9774
1.5133 4.7255 -2.4339 0.9781
0.7957 4.7405 -2.3578 0.9788
0.4519 4.7676 -2.3491 0.9789
0.2799 4.7719 -2.3447 0.9789
0.1083 4.7700 -2.3404 0.9790
-0.2334 4.7481 -2.3319 0.9790
-0.4031 4.7298 -2.3285 0.9791
-0.5737 4.7210 -2.3328 0.9790
-0.7454 4.7138 -2.3409 0.9790
-0.9193 4.7103 -2.3541 0.9788
-1.0952 4.7063 -2.3703 0.9787
-1.2737 4.7018 -2.3895 0.9785
-1.4551 4.6966 -2.4118 0.9783
-1.6401 4.6909 -2.4376 0.9781
-2.1345 4.4865 -2.4371 0.9781
-2.2906 4.4003 -2.4334 0.9781
-2.4435 4.3089 -2.4298 0.9782
-2.5929 4.2123 -2.4263 0.9782
-2.7386 4.1108 -2.4229 0.9782
-3.0184 3.8933 -2.4165 0.9783
-3.1522 3.7777 -2.4134 0.9783
-3.2818 3.6576 -2.4105 0.9783
-3.4070 3.5334 -2.4077 0.9784
-3.6438 3.2727 -2.4025 0.9784
-3.8616 2.9969 -2.3978 0.9785
-3.9632 2.8538 -2.3956 0.9785
-4.3931 2.0927 -2.3869 0.9786
-4.4629 1.9326 -2.3856 0.9786
-4.5272 1.7703 -2.3845 0.9786
-4.5859 1.6059 -2.3834 0.9786
-4.7634 0.9321 -2.3809 0.9786
-4.8172 0.5878 -2.3805 0.9786
-4.8353 0.4145 -2.3805 0.9786
-4.8474 0.2407 -2.3807 0.9786
-4.8482 -0.2820 -2.3822 0.9786
-4.7954 -0.8025 -2.3850 0.9786
-4.6895 -1.3157 -2.3891 0.9785
-4.6425 -1.4842 -2.3908 0.9785
-4.5896 -1.6511 -2.3926 0.9785
-4.3971 -2.1405 -2.3988 0.9784
-4.3216 -2.2992 -2.4012 0.9784
-3.7563 -3.1921 -2.4180 0.9783
-3.6442 -3.3293 -2.4212 0.9782
-3.4054 -3.5922 -2.4280 0.9782
-3.2791 -3.7175 -2.4315 0.9782
-3.0130 -3.9552 -2.4389 0.9781
-2.8736 -4.0671 -2.4428 0.9781
-2.7301 -4.1744 -2.4467 0.9780
-2.5827 -4.2767 -2.4507 0.9780
-2.2769 -4.4660 -2.4589 0.9779
-2.1187 -4.5526 -2.4632 0.9779
-1.9574 -4.6338 -2.4675 0.9778
-1.7929 -4.7094 -2.4718 0.9778
-1.4556 -4.8433 -2.4807 0.9777
-1.1084 -4.9533 -2.4898 0.9776
-0.9317 -4.9991 -2.4944 0.9776
-0.7530 -5.0386 -2.4990 0.9776
-0.3910 -5.0986 -2.5083 0.9775
-0.2081 -5.1188 -2.5130 0.9774
-0.0243 -5.1325 -2.5177 0.9774
0.5305 -5.1338 -2.5317 0.9773
0.7158 -5.1208 -2.5363 0.9772
0.9008 -5.1011 -2.5409 0.9772
1.4517 -5.0013 -2.5545 0.9771
1.9911 -4.8411 -2.5677 0.9769
2.1672 -4.7744 -2.5719 0.9769
2.5122 -4.6214 -2.5802 0.9768
2.6806 -4.5353 -2.5842 0.9768
2.8460 -4.4428 -2.5881 0.9768
3.0081 -4.3442 -2.5919 0.9767
3.3213 -4.1287 -2.5992 0.9767
3.6185 -3.8900 -2.6060 0.9766
4.0299 -3.4908 -2.6153 0.9765
4.2789 -3.1993 -2.6207 0.9765
4.3952 -3.0466 -2.6232 0.9765
4.8872 -2.2213 -2.6333 0.9764
2.6310 -0.5640 -1.3199 0.9881
2.6330 -0.3694 -1.3042 0.9882
2.6323 -0.2733 -1.2981 0.9883
2.6310 -0.1780 -1.2935 0.9883
2.6340 0.2007 -1.2958 0.9883
2.6572 0.4939 -1.3257 0.9880
5.1889 1.3558 -2.6307 0.9764
5.1332 1.5400 -2.6288 0.9764
5.0011 1.9012 -2.6244 0.9764
4.9251 2.0776 -2.6220 0.9765
4.8426 2.2508 -2.6195 0.9765
4.7537 2.4207 -2.6167 0.9765
4.2196 3.2112 -2.6010 0.9767
3.9674 3.4960 -2.5938 0.9767
3.8338 3.6309 -2.5901 0.9767
3.5527 3.8848 -2.5823 0.9768
3.4056 4.0036 -2.5782 0.9769
3.0995 4.2239 -2.5699 0.9769
2.9410 4.3252 -2.5656 0.9770
2.7791 4.4204 -2.5612 0.9770
2.2758 4.6690 -2.5478 0.9771
2.1030 4.7392 -2.5433 0.9772
1.7091 4.7433 -2.4731 0.9778
1.5133 4.7255 -2.4339 0.9781
1.3271 4.7211 -2.4056 0.9784
0.4519 4.7676 -2.3491 0.9789
0.2799 4.7719 -2.3447 0.9789
0.1082 4.7700 -2.3404 0.9790
-0.0629 4.7621 -2.3361 0.9790
-0.2334 4.7481 -2.3319 0.9790
-0.9193 4.7103 -2.3541 0.9788
-1.2737 4.7018 -2.3895 0.9785
-1.4551 4.6966 -2.4118 0.9783
-2.2906 4.4003 -2.4334 0.9781
-2.4435 4.3089 -2.4298 0.9782
-2.7386 4.1108 -2.4229 0.9782
-3.0184 3.8933 -2.4165 0.9783
-3.1522 3.7777 -2.4134 0.9783
-3.5278 3.4050 -2.4050 0.9784
-3.6438 3.2727 -2.4025 0.9784
-3.8616 2.9969 -2.3978 0.9785
-4.1510 2.5580 -2.3917 0.9785
-4.3177 2.2504 -2.3884 0.9785
-4.4629 1.9326 -2.3856 0.9786
-4.5859 1.6059 -2.3834 0.9786
-4.6389 1.4398 -2.3826 0.9786
-4.6862 1.2719 -2.3819 0.9786
-4.7634 0.9321 -2.3809 0.9786
-4.8353 0.4145 -2.3805 0.9786
-4.8474 0.2407 -2.3807 0.9786
-4.7954 -0.8025 -2.3850 0.9786
-4.7307 -1.1457 -2.3876 0.9785
-4.6895 -1.3157 -2.3891 0.9785
-4.5311 -1.8163 -2.3945 0.9785
-4.4669 -1.9795 -2.3966 0.9785
-4.3971 -2.1405 -2.3988 0.9784
-4.3216 -2.2992 -2.4012 0.9784
-4.1543 -2.6089 -2.4063 0.9784
-4.0626 -2.7595 -2.4090 0.9784
-3.8635 -3.0512 -2.4149 0.9783
-3.7563 -3.1921 -2.4180 0.9783
-3.5271 -3.4627 -2.4245 0.9782
-3.2790 -3.7175 -2.4315 0.9782
-3.0130 -3.9552 -2.4389 0.9781
-2.5827 -4.2767 -2.4507 0.9780
-2.4316 -4.3739 -2.4548 0.9780
-2.2769 -4.4660 -2.4589 0.9779
-2.1187 -4.5526 -2.4632 0.9779
-1.6256 -4.7793 -2.4763 0.9778
-1.4556 -4.8433 -2.4807 0.9777
-1.2832 -4.9013 -2.4852 0.9777
-1.1084 -4.9533 -2.4898 0.9776
-0.7530 -5.0386 -2.4990 0.9776
-0.5727 -5.0718 -2.5036 0.9775
-0.2081 -5.1188 -2.5130 0.9774
-0.0243 -5.1325 -2.5177 0.9774
0.1603 -5.1396 -2.5223 0.9774
0.3453 -5.1401 -2.5270 0.9773
1.2690 -5.0413 -2.5500 0.9771
1.6331 -4.9546 -2.5590 0.9770
1.8130 -4.9012 -2.5633 0.9770
1.9911 -4.8411 -2.5677 0.9769
2.1672 -4.7744 -2.5719 0.9769
2.5122 -4.6214 -2.5802 0.9768
3.6185 -3.8900 -2.6060 0.9766
3.7604 -3.7622 -2.6092 0.9766
4.0299 -3.4908 -2.6153 0.9765
4.6104 -2.7281 -2.6277 0.9764
4.8013 -2.3938 -2.6316 0.9764
4.8872 -2.2213 -2.6333 0.9764
5.0394 -1.8670 -2.6361 0.9763
5.1054 -1.6856 -2.6373 0.9763
2.6310 -0.5640 -1.3199 0.9881
2.6338 -0.4664 -1.3121 0.9882
2.6330 -0.3694 -1.3042 0.9882
2.6323 -0.2733 -1.2981 0.9883
2.6314 0.0112 -1.2908 0.9883
2.6330 0.1058 -1.2926 0.9883
2.6352 0.2963 -1.3008 0.9883
5.2378 1.1694 -2.6325 0.9764
5.0705 1.7219 -2.6267 0.9764
5.0011 1.9012 -2.6244 0.9764
4.9251 2.0776 -2.6220 0.9765
4.6587 2.5869 -2.6139 0.9765
4.4506 2.9076 -2.6077 0.9766
4.3379 3.0616 -2.6044 0.9766
4.2196 3.2112 -2.6010 0.9767
3.9674 3.4960 -2.5938 0.9767
3.4056 4.0036 -2.5782 0.9769
3.0995 4.2239 -2.5699 0.9769
2.9410 4.3252 -2.5656 0.9770
2.6141 4.5095 -2.5568 0.9770
2.2758 4.6690 -2.5478 0.9771
2.1030 4.7392 -2.5433 0.9772
1.7091 4.7433 -2.4731 0.9778
1.3271 4.7211 -2.4056 0.9784
0.9692 4.7275 -2.3672 0.9787
0.6239 4.7571 -2.3535 0.9789
0.4519 4.7676 -2.3491 0.9789
0.2799 4.7719 -2.3447 0.9789
-0.2334 4.7481 -2.3319 0.9790
-0.4031 4.7298 -2.3285 0.9791
-0.5737 4.7210 -2.3328 0.9790
-0.7454 4.7138 -2.3409 0.9790
-1.2737 4.7018 -2.3895 0.9785
-1.8128 4.6426 -2.4448 0.9780
-1.9751 4.5673 -2.4409 0.9781
-2.5929 4.2123 -2.4263 0.9782
-2.7386 4.1108 -2.4229 0.9782
-3.0184 3.8933 -2.4165 0.9783
-3.2818 3.6576 -2.4105 0.9783
-3.4070 3.5334 -2.4077 0.9784
-3.5278 3.4050 -2.4050 0.9784
-3.6438 3.2727 -2.4025 0.9784
-3.8616 2.9969 -2.3978 0.9785
-3.9632 2.8538 -2.3956 0.9785
-4.0596 2.7074 -2.3936 0.9785
-4.1510 2.5580 -2.3917 0.9785
-4.4629 1.9326 -2.3856 0.9786
-4.5859 1.6059 -2.3834 0.9786
-4.6389 1.4398 -2.3826 0.9786
-4.6862 1.2719 -2.3819 0.9786
-4.7277 1.1026 -2.3813 0.9786
-4.7634 0.9321 -2.3809 0.9786
-4.7932 0.7604 -2.3806 0.9786
-4.8353 0.4145 -2.3805 0.9786
-4.8474 0.2407 -2.3807 0.9786
-4.8537 0.0665 -2.3811 0.9786
-4.8539 -0.1077 -2.3815 0.9786
-4.8366 -0.4560 -2.3830 0.9786
-4.8190 -0.6296 -2.3839 0.9786
-4.7307 -1.1457 -2.3876 0.9785
-4.5896 -1.6511 -2.3926 0.9785
-4.4669 -1.9795 -2.3966 0.9785
-4.3971 -2.1405 -2.3988 0.9784
-4.1543 -2.6089 -2.4063 0.9784
-4.0626 -2.7595 -2.4090 0.9784
-3.9656 -2.9070 -2.4119 0.9783
-3.7563 -3.1921 -2.4180 0.9783
-3.2790 -3.7175 -2.4315 0.9782
-2.8736 -4.0671 -2.4428 0.9781
-2.4316 -4.3739 -2.4548 0.9780
-2.2769 -4.4660 -2.4589 0.9779
-2.1187 -4.5526 -2.4632 0.9779
-1.9574 -4.6338 -2.4675 0.9778
-1.1084 -4.9533 -2.4898 0.9776
-0.9317 -4.9991 -2.4944 0.9776
-0.7530 -5.0386 -2.4990 0.9776
-0.5727 -5.0718 -2.5036 0.9775
-0.3910 -5.0986 -2.5083 0.9775
-0.2081 -5.1188 -2.5130 0.9774
-0.0243 -5.1325 -2.5177 0.9774
0.1603 -5.1396 -2.5223 0.9774
0.3453 -5.1401 -2.5270 0.9773
0.7158 -5.1208 -2.5363 0.9772
0.9008 -5.1011 -2.5409 0.9772
1.0853 -5.0746 -2.5455 0.9771
1.6331 -4.9546 -2.5590 0.9770
1.8130 -4.9012 -2.5633 0.9770
2.1672 -4.7744 -2.5719 0.9769
2.6807 -4.5353 -2.5842 0.9768
3.0081 -4.3442 -2.5919 0.9767
3.3213 -4.1287 -2.5992 0.9767
3.4137 -3.6700 -2.6002 0.9777
3.6767 -3.4234 -2.6062 0.9776
3.8012 -3.2927 -2.6089 0.9776
3.9209 -3.1573 -2.6116 0.9776
4.0355 -3.0174 -2.6141 0.9775
4.1450 -2.8732 -2.6164 0.9775
4.4403 -2.4166 -2.6226 0.9775
4.5271 -2.2571 -2.6243 0.9775
4.6828 -1.9287 -2.6273 0.9774
4.7512 -1.7602 -2.6285 0.9774
4.8133 -1.5892 -2.6296 0.9774
2.6026 -0.5580 -1.3809 0.9881
2.6065 -0.2707 -1.3594 0.9883
2.6067 -0.1764 -1.3554 0.9883
2.6067 -0.0826 -1.3530 0.9883
2.6073 0.1047 -1.3537 0.9883
2.6050 0.3880 -1.3663 0.9882
2.7845 0.6217 -1.4801 0.9872
4.7815 1.6238 -2.6197 0.9775
4.3944 2.4402 -2.6076 0.9776
4.1986 2.7430 -2.6018 0.9777
4.0926 2.8886 -2.5987 0.9777
3.9814 3.0299 -2.5955 0.9777
3.6182 3.4267 -2.5852 0.9778
3.4879 3.5493 -2.5816 0.9778
3.3534 3.6670 -2.5779 0.9779
3.2149 3.7794 -2.5741 0.9779
3.0725 3.8864 -2.5702 0.9779
2.9264 3.9881 -2.5662 0.9780
2.7771 4.0841 -2.5621 0.9780
2.1498 4.4105 -2.5454 0.9781
1.9867 4.4772 -2.5411 0.9782
1.6547 4.5924 -2.5324 0.9782
1.4862 4.6408 -2.5280 0.9783
1.1395 4.6948 -2.5063 0.9785
0.9630 4.6972 -2.4875 0.9786
0.7888 4.6990 -2.4719 0.9788
-0.2310 4.6987 -2.4405 0.9790
-0.4003 4.6968 -2.4454 0.9790
-0.5704 4.6943 -2.4532 0.9789
-0.7418 4.6914 -2.4640 0.9788
-1.2395 4.5759 -2.4594 0.9789
-1.4008 4.5212 -2.4555 0.9789
-1.7162 4.3954 -2.4479 0.9790
-2.0211 4.2483 -2.4406 0.9790
-2.3141 4.0807 -2.4337 0.9791
-2.4558 3.9896 -2.4304 0.9791
-2.7286 3.7932 -2.4241 0.9792
-2.8594 3.6883 -2.4211 0.9792
-2.9864 3.5790 -2.4182 0.9792
-3.2282 3.3479 -2.4127 0.9793
-3.4529 3.1013 -2.4078 0.9793
-3.7561 2.7047 -2.4012 0.9794
-4.0162 2.2802 -2.3959 0.9794
-4.0928 2.1332 -2.3944 0.9794
-4.1644 1.9838 -2.3930 0.9794
-4.2918 1.6782 -2.3907 0.9794
-4.3475 1.5225 -2.3897 0.9795
-4.3978 1.3650 -2.3889 0.9795
-4.4821 1.0454 -2.3876 0.9795
-4.5671 0.5573 -2.3869 0.9795
-4.5842 0.3930 -2.3869 0.9795
-4.5957 0.2282 -2.3871 0.9795
-4.5963 -0.2673 -2.3885 0.9795
-4.5852 -0.4323 -2.3892 0.9795
-4.5180 -0.9239 -2.3923 0.9794
-4.4004 -1.4068 -2.3967 0.9794
-4.2945 -1.7214 -2.4002 0.9794
-4.2335 -1.8760 -2.4022 0.9794
-4.1670 -2.0286 -2.4043 0.9793
-3.9364 -2.4720 -2.4114 0.9793
-3.7571 -2.7542 -2.4167 0.9792
-3.6601 -2.8906 -2.4196 0.9792
-3.5583 -3.0238 -2.4225 0.9792
-3.3408 -3.2797 -2.4287 0.9791
-3.2253 -3.4021 -2.4320 0.9791
-2.3016 -4.1401 -2.4574 0.9789
-1.6965 -4.4560 -2.4736 0.9787
-1.3771 -4.5818 -2.4820 0.9787
-1.2138 -4.6362 -2.4862 0.9786
-0.8811 -4.7278 -2.4949 0.9786
-0.5415 -4.7956 -2.5037 0.9785
-0.1967 -4.8390 -2.5125 0.9784
-0.0229 -4.8515 -2.5169 0.9784
0.1515 -4.8577 -2.5213 0.9783
0.3263 -4.8576 -2.5257 0.9783
0.5013 -4.8512 -2.5301 0.9783
1.1987 -4.7619 -2.5475 0.9781
1.3711 -4.7237 -2.5517 0.9781
1.7121 -4.6282 -2.5600 0.9780
2.0461 -4.5076 -2.5681 0.9779
2.2100 -4.4381 -2.5720 0.9779
2.3714 -4.3624 -2.5759 0.9779
2.6861 -4.1931 -2.5834 0.9778
2.8388 -4.0997 -2.5869 0.9778
3.1339 -3.8958 -2.5938 0.9777
3.2759 -3.7855 -2.5971 0.9777
3.4138 -3.6699 -2.6002 0.9777
3.5474 -3.5492 -2.6033 0.9776
3.6767 -3.4234 -2.6062 0.9776
3.8012 -3.2927 -2.6089 0.9776
3.9209 -3.1573 -2.6116 0.9776
4.2490 -2.7248 -2.6186 0.9775
4.4403 -2.4166 -2.6226 0.9775
4.5271 -2.2571 -2.6243 0.9775
4.6080 -2.0944 -2.6259 0.9774
4.6828 -1.9287 -2.6273 0.9774
4.8133 -1.5892 -2.6296 0.9774
4.8690 -1.4159 -2.6305 0.9774
2.6258 -0.6623 -1.4049 0.9879
2.6026 -0.5579 -1.3809 0.9881
2.6064 -0.4616 -1.3732 0.9881
2.6065 -0.2707 -1.3594 0.9883
2.6067 -0.0826 -1.3530 0.9883
2.6082 0.1987 -1.3570 0.9883
2.6050 0.3880 -1.3663 0.9882
2.7845 0.6217 -1.4801 0.9872
4.8928 1.2784 -2.6235 0.9775
4.8404 1.4522 -2.6217 0.9775
4.7164 1.7929 -2.6176 0.9775
4.6449 1.9594 -2.6153 0.9775
4.2993 2.5935 -2.6048 0.9776
4.1986 2.7430 -2.6018 0.9777
4.0926 2.8886 -2.5987 0.9777
3.6182 3.4267 -2.5852 0.9778
3.2149 3.7794 -2.5741 0.9779
3.0725 3.8864 -2.5702 0.9779
2.6244 4.1744 -2.5580 0.9780
2.4689 4.2590 -2.5539 0.9781
2.1498 4.4105 -2.5454 0.9781
1.9867 4.4772 -2.5411 0.9782
1.3164 4.6830 -2.5236 0.9783
1.1395 4.6948 -2.5063 0.9785
0.9630 4.6972 -2.4875 0.9786
0.7888 4.6990 -2.4719 0.9788
0.6164 4.7003 -2.4593 0.9789
0.4456 4.7010 -2.4497 0.9789
0.1067 4.7009 -2.4394 0.9790
-0.0621 4.7000 -2.4385 0.9790
-0.2310 4.6987 -2.4405 0.9790
-0.7418 4.6914 -2.4640 0.9788
-1.0762 4.6249 -2.4634 0.9788
-1.2396 4.5759 -2.4594 0.9789
-1.5597 4.4610 -2.4517 0.9789
-1.7162 4.3954 -2.4479 0.9790
-2.0211 4.2483 -2.4406 0.9790
-2.3141 4.0807 -2.4337 0.9791
-2.4558 3.9896 -2.4304 0.9791
-2.7286 3.7932 -2.4241 0.9792
-2.8594 3.6883 -2.4211 0.9792
-3.3428 3.2265 -2.4102 0.9793
-3.7561 2.7047 -2.4012 0.9794
-3.9344 2.4245 -2.3975 0.9794
-4.0928 2.1332 -2.3944 0.9794
-4.1644 1.9838 -2.3930 0.9794
-4.2307 1.8320 -2.3918 0.9794
-4.2918 1.6782 -2.3907 0.9794
-4.4427 1.2059 -2.3882 0.9795
-4.4821 1.0454 -2.3876 0.9795
-4.5160 0.8837 -2.3873 0.9795
-4.5443 0.7209 -2.3870 0.9795
-4.5842 0.3930 -2.3869 0.9795
-4.5957 0.2282 -2.3871 0.9795
-4.6015 0.0631 -2.3874 0.9795
-4.6017 -0.1021 -2.3879 0.9795
-4.5963 -0.2673 -2.3885 0.9795
-4.5852 -0.4323 -2.3892 0.9795
-4.5180 -0.9239 -2.3923 0.9794
-4.4452 -1.2471 -2.3951 0.9794
-4.4004 -1.4068 -2.3967 0.9794
-4.3502 -1.5650 -2.3984 0.9794
-3.9364 -2.4720 -2.4114 0.9793
-3.8493 -2.6146 -2.4140 0.9792
-3.7571 -2.7542 -2.4167 0.9792
-3.6601 -2.8906 -2.4196 0.9792
-3.4519 -3.1536 -2.4256 0.9792
-3.3408 -3.2797 -2.4287 0.9791
-3.1053 -3.5205 -2.4354 0.9791
-2.9812 -3.6349 -2.4388 0.9790
-2.7206 -3.8507 -2.4460 0.9790
-2.4449 -4.0484 -2.4535 0.9789
-2.3016 -4.1401 -2.4574 0.9789
-2.1550 -4.2268 -2.4613 0.9788
-1.6965 -4.4560 -2.4736 0.9787
-1.5380 -4.5217 -2.4777 0.9787
-1.3771 -4.5818 -2.4820 0.9787
-1.2138 -4.6362 -2.4862 0.9786
-0.8811 -4.7278 -2.4949 0.9786
-0.3696 -4.8204 -2.5081 0.9785
-0.1967 -4.8390 -2.5125 0.9784
0.3263 -4.8576 -2.5257 0.9783
0.6763 -4.8385 -2.5345 0.9782
1.1987 -4.7619 -2.5475 0.9781
1.7120 -4.6282 -2.5600 0.9780
1.8800 -4.5710 -2.5641 0.9780
2.0461 -4.5076 -2.5681 0.9779
2.5302 -4.2807 -2.5797 0.9778
2.6861 -4.1931 -2.5834 0.9778
2.8388 -4.0997 -2.5869 0.9778
2.9881 -4.0005 -2.5904 0.9778
3.1339 -3.8958 -2.5938 0.9777
3.5474 -3.5492 -2.6033 0.9776
3.9209 -3.1573 -2.6116 0.9776
4.0356 -3.0174 -2.6141 0.9775
4.1450 -2.8732 -2.6164 0.9775
4.3475 -2.5725 -2.6207 0.9775
4.4403 -2.4166 -2.6226 0.9775
4.5271 -2.2571 -2.6243 0.9775
4.6828 -1.9287 -2.6273 0.9774
4.8133 -1.5892 -2.6296 0.9774
2.6026 -0.5579 -1.3809 0.9881
2.6064 -0.4616 -1.3732 0.9881
2.6065 -0.2707 -1.3594 0.9883
2.6067 -0.0826 -1.3530 0.9883
2.6071 0.0111 -1.3525 0.9883
2.6083 0.2932 -1.3616 0.9882
2.6050 0.3880 -1.3663 0.9882
2.6250 0.4879 -1.3851 0.9880
2.7845 0.6217 -1.4801 0.9872
4.8928 1.2784 -2.6235 0.9775
4.8404 1.4522 -2.6217 0.9775
4.7816 1.6238 -2.6197 0.9775
4.6449 1.9594 -2.6153 0.9775
4.4838 2.2832 -2.6103 0.9776
4.1986 2.7430 -2.6018 0.9777
4.0926 2.8886 -2.5987 0.9777
3.9814 3.0299 -2.5955 0.9777
3.8651 3.1668 -2.5922 0.9777
3.7439 3.2991 -2.5888 0.9778
3.6182 3.4267 -2.5852 0.9778
3.4879 3.5493 -2.5816 0.9778
3.3534 3.6670 -2.5779 0.9779
3.2149 3.7794 -2.5741 0.9779
3.0725 3.8864 -2.5702 0.9779
2.9264 3.9881 -2.5662 0.9780
2.7770 4.0841 -2.5621 0.9780
2.6244 4.1744 -2.5580 0.9780
2.3105 4.3377 -2.5497 0.9781
2.1498 4.4105 -2.5454 0.9781
1.9867 4.4772 -2.5411 0.9782
0.7888 4.6990 -2.4719 0.9788
0.4456 4.7010 -2.4497 0.9789
0.2758 4.7012 -2.4431 0.9790
0.1067 4.7009 -2.4394 0.9790
-0.2310 4.6987 -2.4405 0.9790
-0.4003 4.6968 -2.4454 0.9790
-0.5704 4.6943 -2.4532 0.9789
-0.9110 4.6682 -2.4674 0.9788
-1.2396 4.5759 -2.4594 0.9789
-2.0211 4.2483 -2.4406 0.9790
-2.9864 3.5790 -2.4182 0.9792
-3.3428 3.2265 -2.4102 0.9793
-3.5587 2.9725 -2.4055 0.9793
-3.6597 2.8402 -2.4033 0.9793
-3.7561 2.7047 -2.4012 0.9794
-3.8477 2.5661 -2.3993 0.9794
-3.9344 2.4245 -2.3975 0.9794
-4.2918 1.6782 -2.3907 0.9794
-4.3978 1.3649 -2.3889 0.9795
-4.4427 1.2059 -2.3882 0.9795
-4.5160 0.8837 -2.3873 0.9795
-4.5842 0.3930 -2.3869 0.9795
-4.6017 -0.1021 -2.3879 0.9795
-4.5963 -0.2673 -2.3885 0.9795
-4.5852 -0.4323 -2.3892 0.9795
-4.5684 -0.5968 -2.3901 0.9795
-4.5460 -0.7608 -2.3912 0.9794
-4.4843 -1.0861 -2.3936 0.9794
-4.4004 -1.4068 -2.3967 0.9794
-4.2945 -1.7214 -2.4002 0.9794
-4.2335 -1.8760 -2.4022 0.9794
-4.1670 -2.0286 -2.4043 0.9793
-3.7571 -2.7542 -2.4167 0.9792
-3.6601 -2.8906 -2.4196 0.9792
-3.5583 -3.0238 -2.4225 0.9792
-3.1053 -3.5206 -2.4354 0.9791
-2.8529 -3.7450 -2.4424 0.9790
-2.7206 -3.8507 -2.4460 0.9790
-2.5846 -3.9519 -2.4497 0.9789
-2.3016 -4.1401 -2.4574 0.9789
-2.1550 -4.2268 -2.4613 0.9788
-2.0051 -4.3085 -2.4653 0.9788
-1.6965 -4.4560 -2.4736 0.9787
-1.5380 -4.5217 -2.4777 0.9787
-1.2138 -4.6362 -2.4862 0.9786
-0.8811 -4.7278 -2.4949 0.9786
-0.7120 -4.7647 -2.4993 0.9785
-0.3696 -4.8204 -2.5081 0.9785
-0.0229 -4.8515 -2.5169 0.9784
0.3263 -4.8576 -2.5257 0.9783
0.5013 -4.8512 -2.5301 0.9783
0.8511 -4.8193 -2.5388 0.9782
1.1987 -4.7619 -2.5475 0.9781
1.7120 -4.6282 -2.5600 0.9780
1.8800 -4.5710 -2.5641 0.9780
2.2100 -4.4381 -2.5720 0.9779
2.3715 -4.3624 -2.5759 0.9779
2.5302 -4.2807 -2.5797 0.9778
2.6861 -4.1931 -2.5834 0.9778
2.9881 -4.0005 -2.5904 0.9778
3.1339 -3.8958 -2.5938 0.9777
3.2759 -3.7855 -2.5971 0.9777
3.4138 -3.6699 -2.6002 0.9777
3.5474 -3.5492 -2.6033 0.9776
3.8012 -3.2927 -2.6089 0.9776
3.9209 -3.1573 -2.6116 0.9776
4.1450 -2.8732 -2.6164 0.9775
4.4403 -2.4166 -2.6226 0.9775
4.5272 -2.2571 -2.6243 0.9775
4.7512 -1.7602 -2.6285 0.9774
4.8133 -1.5892 -2.6296 0.9774
4.8690 -1.4159 -2.6305 0.9774
2.6258 -0.6623 -1.4049 0.9879
2.6026 -0.5579 -1.3809 0.9881
2.6070 -0.3657 -1.3657 0.9882
2.6065 -0.2707 -1.3594 0.9883
2.6071 0.0111 -1.3525 0.9883
2.6082 0.1987 -1.3570 0.9883
2.6083 0.2932 -1.3616 0.9882
2.6050 0.3880 -1.3663 0.9882
2.7846 0.6217 -1.4802 0.9872
4.8928 1.2784 -2.6235 0.9775
4.8404 1.4522 -2.6217 0.9775
4.7164 1.7929 -2.6176 0.9775
4.6449 1.9594 -2.6153 0.9775
4.5673 2.1229 -2.6129 0.9776
4.2993 2.5935 -2.6048 0.9776
4.1986 2.7430 -2.6018 0.9777
4.0926 2.8886 -2.5987 0.9777
3.9814 3.0299 -2.5955 0.9777
3.8651 3.1668 -2.5922 0.9777
3.7439 3.2991 -2.5888 0.9778
3.6182 3.4267 -2.5852 0.9778
3.0725 3.8864 -2.5702 0.9779
2.9264 3.9881 -2.5662 0.9780
2.3105 4.3377 -2.5497 0.9781
2.1498 4.4105 -2.5454 0.9781
1.6547 4.5924 -2.5324 0.9782
1.4862 4.6408 -2.5280 0.9783
1.3164 4.6830 -2.5236 0.9783
1.1395 4.6948 -2.5063 0.9785
0.9630 4.6972 -2.4875 0.9786
0.7888 4.6990 -2.4719 0.9788
0.4455 4.7010 -2.4497 0.9789
0.2758 4.7012 -2.4431 0.9790
0.1067 4.7009 -2.4394 0.9790
-0.2310 4.6987 -2.4405 0.9790
-0.4003 4.6968 -2.4454 0.9790
-0.5704 4.6943 -2.4532 0.9789
-0.7418 4.6914 -2.4640 0.9788
-1.4008 4.5212 -2.4555 0.9789
-1.5597 4.4610 -2.4517 0.9789
-1.7162 4.3954 -2.4479 0.9790
-2.1692 4.1670 -2.4371 0.9791
-2.3141 4.0807 -2.4337 0.9791
-2.4558 3.9896 -2.4304 0.9791
-2.5940 3.8937 -2.4272 0.9791
-2.8594 3.6883 -2.4211 0.9792
-3.2282 3.3479 -2.4127 0.9793
-3.3428 3.2265 -2.4102 0.9793
-3.6597 2.8402 -2.4033 0.9793
-3.9344 2.4245 -2.3975 0.9794
-4.1644 1.9837 -2.3930 0.9794
-4.2918 1.6782 -2.3907 0.9794
-4.3475 1.5225 -2.3897 0.9795
-4.4821 1.0454 -2.3876 0.9795
-4.5160 0.8837 -2.3873 0.9795
-4.5671 0.5573 -2.3869 0.9795
-4.5842 0.3930 -2.3869 0.9795
-4.5957 0.2282 -2.3871 0.9795
-4.6015 0.0631 -2.3874 0.9795
-4.6017 -0.1021 -2.3879 0.9795
-4.5460 -0.7608 -2.3912 0.9794
-4.5180 -0.9239 -2.3923 0.9794
-4.4452 -1.2471 -2.3951 0.9794
-4.4004 -1.4068 -2.3967 0.9794
-3.9364 -2.4720 -2.4114 0.9793
-3.7571 -2.7542 -2.4167 0.9792
-3.4519 -3.1536 -2.4256 0.9792
-3.3408 -3.2797 -2.4287 0.9791
-3.2252 -3.4021 -2.4320 0.9791
-3.1053 -3.5206 -2.4354 0.9791
-2.9811 -3.6349 -2.4388 0.9790
-2.8529 -3.7450 -2.4424 0.9790
-2.7206 -3.8507 -2.4460 0.9790
-2.5846 -3.9519 -2.4497 0.9789
-2.1549 -4.2268 -2.4613 0.9788
-1.6965 -4.4560 -2.4736 0.9787
-1.5380 -4.5217 -2.4777 0.9787
-1.2138 -4.6362 -2.4862 0.9786
-1.0484 -4.6849 -2.4906 0.9786
-0.7120 -4.7647 -2.4993 0.9785
-0.5415 -4.7956 -2.5037 0.9785
-0.1967 -4.8390 -2.5125 0.9784
-0.0229 -4.8515 -2.5169 0.9784
0.6764 -4.8385 -2.5345 0.9782
0.8511 -4.8193 -2.5388 0.9782
1.1987 -4.7619 -2.5475 0.9781
1.3711 -4.7237 -2.5517 0.9781
1.5423 -4.6791 -2.5559 0.9780
1.8801 -4.5710 -2.5641 0.9780
2.2100 -4.4381 -2.5720 0.9779
2.3715 -4.3624 -2.5759 0.9779
2.9881 -4.0005 -2.5904 0.9778
3.1339 -3.8958 -2.5938 0.9777
3.2759 -3.7855 -2.5971 0.9777
3.3531 -3.3547 -2.5978 0.9786
3.4750 -3.2356 -2.6005 0.9786
3.5925 -3.1119 -2.6032 0.9786
4.0149 -2.5747 -2.6123 0.9785
4.1078 -2.4307 -2.6142 0.9785
4.2772 -2.1325 -2.6176 0.9784
4.3535 -1.9787 -2.6191 0.9784
4.4885 -1.6629 -2.6216 0.9784
4.5471 -1.5013 -2.6227 0.9784
2.5925 -0.6539 -1.4644 0.9879
2.5823 -0.2682 -1.4220 0.9882
2.6479 0.5912 -1.4860 0.9877
4.5180 1.5343 -2.6133 0.9785
4.4566 1.6942 -2.6113 0.9785
4.3893 1.8515 -2.6092 0.9785
4.3162 2.0061 -2.6069 0.9785
4.1532 2.3062 -2.6019 0.9786
3.8687 2.7305 -2.5935 0.9786
3.6541 2.9939 -2.5874 0.9787
3.1714 3.4679 -2.5738 0.9788
3.0406 3.5745 -2.5702 0.9788
2.9061 3.6760 -2.5666 0.9789
2.6271 3.8636 -2.5590 0.9789
2.4830 3.9495 -2.5551 0.9789
2.3360 4.0298 -2.5512 0.9790
2.1864 4.1047 -2.5472 0.9790
2.0345 4.1739 -2.5432 0.9790
1.2463 4.4338 -2.5225 0.9792
1.0845 4.4683 -2.5184 0.9792
0.7586 4.5195 -2.5100 0.9793
0.5949 4.5363 -2.5058 0.9794
0.2671 4.5521 -2.4975 0.9794
-0.0600 4.5445 -2.4893 0.9795
-0.3847 4.5137 -2.4812 0.9796
-0.8636 4.4250 -2.4693 0.9796
-1.3281 4.2868 -2.4580 0.9797
-1.4790 4.2301 -2.4544 0.9798
-2.1952 3.8709 -2.4373 0.9799
-2.5888 3.5989 -2.4282 0.9800
-2.7131 3.4996 -2.4253 0.9800
-3.0636 3.1772 -2.4174 0.9801
-3.2772 2.9435 -2.4127 0.9801
-3.6526 2.4360 -2.4046 0.9802
-3.8128 2.1647 -2.4014 0.9802
-3.8857 2.0252 -2.3999 0.9802
-3.9537 1.8834 -2.3986 0.9802
-4.0748 1.5934 -2.3964 0.9802
-4.1757 1.2960 -2.3947 0.9803
-4.2184 1.1450 -2.3940 0.9803
-4.2558 0.9926 -2.3935 0.9803
-4.2881 0.8391 -2.3931 0.9803
-4.3150 0.6845 -2.3929 0.9803
-4.3366 0.5292 -2.3928 0.9803
-4.3528 0.3732 -2.3928 0.9803
-4.3693 0.0599 -2.3933 0.9803
-4.3535 -0.4104 -2.3950 0.9803
-4.3375 -0.5667 -2.3959 0.9802
-4.3162 -0.7223 -2.3969 0.9802
-4.2574 -1.0311 -2.3992 0.9802
-4.2201 -1.1840 -2.4006 0.9802
-4.1775 -1.3355 -2.4021 0.9802
-4.1296 -1.4856 -2.4037 0.9802
-4.0766 -1.6341 -2.4055 0.9802
-3.8871 -2.0680 -2.4115 0.9801
-3.8138 -2.2083 -2.4138 0.9801
-3.7358 -2.3461 -2.4161 0.9801
-3.6529 -2.4812 -2.4186 0.9801
-3.5653 -2.6135 -2.4212 0.9800
-3.4730 -2.7428 -2.4239 0.9800
-3.0595 -3.2273 -2.4357 0.9799
-2.7057 -3.5518 -2.4455 0.9798
-2.4509 -3.7475 -2.4525 0.9798
-2.3182 -3.8387 -2.4561 0.9798
-1.9008 -4.0842 -2.4673 0.9797
-1.7556 -4.1563 -2.4712 0.9796
-1.6079 -4.2234 -2.4751 0.9796
-1.4576 -4.2852 -2.4791 0.9796
-1.3049 -4.3418 -2.4831 0.9795
-1.1501 -4.3930 -2.4872 0.9795
-0.9933 -4.4387 -2.4912 0.9795
-0.8347 -4.4789 -2.4954 0.9794
-0.6745 -4.5135 -2.4995 0.9794
-0.5129 -4.5423 -2.5037 0.9794
-0.1863 -4.5826 -2.5120 0.9793
0.1435 -4.5995 -2.5204 0.9792
0.3089 -4.5990 -2.5245 0.9792
0.4746 -4.5925 -2.5287 0.9792
0.9703 -4.5369 -2.5411 0.9791
1.2974 -4.4697 -2.5491 0.9790
1.6197 -4.3786 -2.5570 0.9789
1.7785 -4.3241 -2.5608 0.9789
1.9355 -4.2638 -2.5646 0.9789
2.0903 -4.1976 -2.5683 0.9788
2.3928 -4.0482 -2.5755 0.9788
2.6842 -3.8764 -2.5824 0.9787
2.9628 -3.6830 -2.5889 0.9787
3.2269 -3.4691 -2.5949 0.9786
3.3531 -3.3547 -2.5978 0.9786
3.5925 -3.1119 -2.6032 0.9786
3.7054 -2.9838 -2.6056 0.9785
3.9168 -2.7150 -2.6102 0.9785
4.1952 -2.2832 -2.6160 0.9785
4.3535 -1.9787 -2.6191 0.9784
4.4885 -1.6629 -2.6216 0.9784
2.5924 -0.6539 -1.4644 0.9879
2.5812 -0.3621 -1.4276 0.9882
2.5829 -0.1748 -1.4179 0.9883
2.5829 -0.0818 -1.4154 0.9883
2.5824 0.1968 -1.4185 0.9883
2.5778 0.3839 -1.4275 0.9882
2.6479 0.5912 -1.4860 0.9877
4.6227 1.2078 -2.6169 0.9784
4.5734 1.3721 -2.6152 0.9785
4.5180 1.5343 -2.6133 0.9785
4.4566 1.6942 -2.6113 0.9785
4.3893 1.8515 -2.6092 0.9785
4.2375 2.1578 -2.6045 0.9785
3.9687 2.5928 -2.5964 0.9786
3.6542 2.9939 -2.5874 0.9787
3.5399 3.1193 -2.5841 0.9787
3.4212 3.2401 -2.5808 0.9787
3.2983 3.3564 -2.5774 0.9788
2.7683 3.7725 -2.5628 0.9789
1.8803 4.2374 -2.5391 0.9791
1.7242 4.2952 -2.5350 0.9791
1.4070 4.3935 -2.5267 0.9792
1.2463 4.4338 -2.5225 0.9792
1.0846 4.4683 -2.5184 0.9792
0.9219 4.4969 -2.5142 0.9793
0.7586 4.5195 -2.5100 0.9793
0.5949 4.5363 -2.5058 0.9794
0.1033 4.5512 -2.4934 0.9795
-0.7053 4.4602 -2.4732 0.9796
-0.8636 4.4250 -2.4693 0.9796
-1.0203 4.3844 -2.4655 0.9797
-1.1752 4.3383 -2.4617 0.9797
-1.3282 4.2868 -2.4580 0.9797
-1.4790 4.2301 -2.4544 0.9798
-1.6275 4.1682 -2.4508 0.9798
-1.7735 4.1012 -2.4473 0.9798
-2.0575 3.9525 -2.4406 0.9799
-2.1952 3.8709 -2.4373 0.9799
-2.4610 3.6940 -2.4311 0.9800
-2.7131 3.4996 -2.4253 0.9800
-3.0636 3.1772 -2.4174 0.9801
-3.1725 3.0621 -2.4150 0.9801
-3.2772 2.9435 -2.4127 0.9801
-3.3777 2.8214 -2.4105 0.9801
-3.4738 2.6960 -2.4084 0.9801
-3.5655 2.5675 -2.4064 0.9802
-3.6526 2.4360 -2.4046 0.9802
-3.8128 2.1647 -2.4014 0.9802
-4.0168 1.7394 -2.3974 0.9802
-4.0748 1.5934 -2.3964 0.9802
-4.1278 1.4455 -2.3954 0.9803
-4.1757 1.2960 -2.3947 0.9803
-4.2184 1.1450 -2.3940 0.9803
-4.3150 0.6845 -2.3929 0.9803
-4.3366 0.5292 -2.3928 0.9803
-4.3528 0.3732 -2.3928 0.9803
-4.3637 0.2167 -2.3930 0.9803
-4.3694 -0.0970 -2.3937 0.9803
-4.3641 -0.2538 -2.3943 0.9803
-4.3535 -0.4104 -2.3950 0.9803
-4.3162 -0.7223 -2.3969 0.9802
-4.2894 -0.8772 -2.3980 0.9802
-4.2201 -1.1839 -2.4006 0.9802
-4.1775 -1.3355 -2.4021 0.9802
-4.1296 -1.4856 -2.4037 0.9802
-3.9552 -1.9255 -2.4094 0.9801
-3.8871 -2.0680 -2.4115 0.9801
-3.8138 -2.2083 -2.4138 0.9801
-3.7358 -2.3461 -2.4161 0.9801
-3.4730 -2.7428 -2.4239 0.9800
-3.3762 -2.8691 -2.4267 0.9800
-3.2750 -2.9920 -2.4296 0.9800
-2.9455 -3.3394 -2.4389 0.9799
-2.5801 -3.6518 -2.4490 0.9798
-2.4509 -3.7475 -2.4525 0.9798
-2.0430 -4.0072 -2.4635 0.9797
-1.9008 -4.0842 -2.4673 0.9797
-1.7557 -4.1563 -2.4712 0.9796
-1.4576 -4.2852 -2.4791 0.9796
-1.1501 -4.3930 -2.4872 0.9795
-0.9933 -4.4387 -2.4912 0.9795
-0.0218 -4.5940 -2.5162 0.9793
0.1434 -4.5995 -2.5204 0.9792
0.4746 -4.5925 -2.5287 0.9792
0.9703 -4.5369 -2.5411 0.9791
1.2974 -4.4697 -2.5491 0.9790
1.6197 -4.3786 -2.5570 0.9789
1.9355 -4.2638 -2.5646 0.9789
2.0903 -4.1976 -2.5683 0.9788
2.2428 -4.1258 -2.5720 0.9788
2.5400 -3.9650 -2.5790 0.9788
2.9628 -3.6830 -2.5889 0.9787
3.0968 -3.5786 -2.5920 0.9786
3.2269 -3.4691 -2.5949 0.9786
3.5925 -3.1119 -2.6032 0.9786
3.7054 -2.9838 -2.6056 0.9785
3.8136 -2.8514 -2.6080 0.9785
3.9168 -2.7150 -2.6102 0.9785
4.1078 -2.4307 -2.6142 0.9785
4.1952 -2.2832 -2.6160 0.9785
4.4885 -1.6629 -2.6216 0.9784
2.6559 -0.7723 -1.5149 0.9875
2.5823 -0.2682 -1.4220 0.9882
2.5829 -0.1748 -1.4179 0.9883
2.5829 -0.0818 -1.4154 0.9883
2.5833 0.0110 -1.4149 0.9883
2.5831 0.1038 -1.4159 0.9883
2.6479 0.5912 -1.4860 0.9877
4.5180 1.5343 -2.6133 0.9785
4.4566 1.6942 -2.6113 0.9785
4.1532 2.3062 -2.6019 0.9786
3.6542 2.9939 -2.5874 0.9787
3.2983 3.3564 -2.5774 0.9788
3.1714 3.4679 -2.5738 0.9788
3.0406 3.5745 -2.5702 0.9788
2.6271 3.8636 -2.5590 0.9789
2.4830 3.9495 -2.5551 0.9789
2.3360 4.0298 -2.5512 0.9790
2.0345 4.1739 -2.5432 0.9790
1.7242 4.2952 -2.5350 0.9791
1.5663 4.3473 -2.5309 0.9791
1.2463 4.4338 -2.5225 0.9792
1.0846 4.4683 -2.5184 0.9792
0.9219 4.4969 -2.5142 0.9793
0.4310 4.5471 -2.5016 0.9794
0.1033 4.5512 -2.4934 0.9795
-0.0601 4.5445 -2.4893 0.9795
-0.3847 4.5137 -2.4812 0.9796
-1.0203 4.3844 -2.4655 0.9797
-1.1752 4.3383 -2.4617 0.9797
-1.4790 4.2301 -2.4544 0.9798
-1.6275 4.1682 -2.4508 0.9798
-1.7735 4.1012 -2.4473 0.9798
-1.9169 4.0293 -2.4439 0.9799
-2.0575 3.9525 -2.4406 0.9799
-2.1952 3.8709 -2.4373 0.9799
-2.3297 3.7848 -2.4342 0.9799
-2.4610 3.6940 -2.4311 0.9800
-2.5888 3.5989 -2.4282 0.9800
-2.7131 3.4996 -2.4253 0.9800
-2.8338 3.3961 -2.4226 0.9800
-2.9507 3.2886 -2.4199 0.9801
-3.0636 3.1772 -2.4174 0.9801
-3.1725 3.0621 -2.4150 0.9801
-3.2772 2.9435 -2.4127 0.9801
-3.8128 2.1647 -2.4014 0.9802
-3.8857 2.0252 -2.3999 0.9802
-4.0168 1.7394 -2.3974 0.9802
-4.0748 1.5934 -2.3964 0.9802
-4.2184 1.1450 -2.3940 0.9803
-4.2881 0.8391 -2.3931 0.9803
-4.3366 0.5292 -2.3928 0.9803
-4.3528 0.3732 -2.3928 0.9803
-4.3637 0.2167 -2.3930 0.9803
-4.3693 0.0599 -2.3933 0.9803
-4.3694 -0.0970 -2.3937 0.9803
-4.3535 -0.4104 -2.3950 0.9803
-4.2574 -1.0311 -2.3992 0.9802
-4.1775 -1.3355 -2.4021 0.9802
-3.9552 -1.9255 -2.4094 0.9801
-3.6529 -2.4812 -2.4186 0.9801
-3.5653 -2.6135 -2.4212 0.9800
-3.2750 -2.9920 -2.4296 0.9800
-3.1693 -3.1115 -2.4326 0.9799
-2.8276 -3.4477 -2.4422 0.9799
-2.7057 -3.5518 -2.4455 0.9798
-2.5801 -3.6518 -2.4490 0.9798
-2.1822 -3.9253 -2.4598 0.9797
-2.0430 -4.0072 -2.4635 0.9797
-1.9008 -4.0842 -2.4673 0.9797
-1.4576 -4.2852 -2.4791 0.9796
-1.3049 -4.3418 -2.4831 0.9795
-0.9933 -4.4387 -2.4912 0.9795
-0.5129 -4.5423 -2.5037 0.9794
-0.3501 -4.5654 -2.5078 0.9793
-0.1863 -4.5826 -2.5120 0.9793
0.1434 -4.5995 -2.5204 0.9792
0.3089 -4.5990 -2.5245 0.9792
0.9703 -4.5369 -2.5411 0.9791
1.1343 -4.5063 -2.5451 0.9790
1.2974 -4.4697 -2.5491 0.9790
1.6197 -4.3786 -2.5570 0.9789
2.0903 -4.1976 -2.5683 0.9788
2.5400 -3.9650 -2.5790 0.9788
2.8252 -3.7824 -2.5857 0.9787
3.2269 -3.4691 -2.5949 0.9786
3.4750 -3.2356 -2.6005 0.9786
4.1078 -2.4307 -2.6142 0.9785
4.2772 -2.1325 -2.6176 0.9784
4.4239 -1.8221 -2.6205 0.9784
4.4885 -1.6629 -2.6216 0.9784
4.5471 -1.5013 -2.6227 0.9784
2.5924 -0.6539 -1.4644 0.9879
2.5829 -0.1748 -1.4179 0.9883
2.5833 0.0110 -1.4149 0.9883
2.5824 0.1968 -1.4185 0.9883
2.5928 0.4819 -1.4444 0.9880
4.6227 1.2078 -2.6169 0.9784
4.5180 1.5343 -2.6133 0.9785
4.4566 1.6942 -2.6113 0.9785
4.3162 2.0062 -2.6069 0.9785
4.1532 2.3062 -2.6019 0.9786
4.0636 2.4513 -2.5992 0.9786
3.9687 2.5928 -2.5964 0.9786
3.8687 2.7305 -2.5935 0.9786
3.7638 2.8643 -2.5905 0.9787
3.5399 3.1193 -2.5841 0.9787
3.4212 3.2401 -2.5808 0.9787
3.2983 3.3564 -2.5774 0.9788
2.4830 3.9495 -2.5551 0.9789
1.7242 4.2952 -2.5350 0.9791
1.5663 4.3473 -2.5309 0.9791
1.2463 4.4338 -2.5225 0.9792
0.9219 4.4969 -2.5142 0.9793
0.7586 4.5195 -2.5100 0.9793
0.5949 4.5363 -2.5058 0.9794
-0.2228 4.5320 -2.4852 0.9795
-0.5456 4.4898 -2.4772 0.9796
-0.7053 4.4602 -2.4732 0.9796
-0.8636 4.4250 -2.4693 0.9796
-1.1752 4.3383 -2.4617 0.9797
-1.6275 4.1682 -2.4508 0.9798
-1.7735 4.1012 -2.4473 0.9798
-2.0575 3.9525 -2.4406 0.9799
-2.1952 3.8709 -2.4373 0.9799
-2.5888 3.5989 -2.4282 0.9800
-2.9507 3.2886 -2.4199 0.9801
-3.0636 3.1772 -2.4174 0.9801
-3.1725 3.0621 -2.4150 0.9801
-3.2773 2.9434 -2.4127 0.9801
-3.5655 2.5675 -2.4064 0.9802
-3.6526 2.4360 -2.4046 0.9802
-3.7351 2.3017 -2.4029 0.9802
-4.1278 1.4455 -2.3954 0.9803
-4.1757 1.2960 -2.3947 0.9803
-4.2881 0.8390 -2.3931 0.9803
-4.3637 0.2167 -2.3930 0.9803
-4.3641 -0.2538 -2.3943 0.9803
-4.3535 -0.4105 -2.3950 0.9803
-4.2894 -0.8772 -2.3980 0.9802
-4.2201 -1.1839 -2.4006 0.9802
-4.1775 -1.3355 -2.4021 0.9802
-4.0766 -1.6341 -2.4055 0.9802
-3.8870 -2.0680 -2.4115 0.9801
-3.6529 -2.4812 -2.4186 0.9801
-3.5653 -2.6135 -2.4212 0.9800
-3.4730 -2.7428 -2.4239 0.9800
-3.2749 -2.9920 -2.4296 0.9800
-2.9455 -3.3394 -2.4389 0.9799
-2.8276 -3.4477 -2.4422 0.9799
-2.7057 -3.5518 -2.4455 0.9798
-2.4509 -3.7475 -2.4525 0.9798
-2.1822 -3.9253 -2.4598 0.9797
-2.0430 -4.0072 -2.4635 0.9797
-1.9007 -4.0842 -2.4673 0.9797
-1.7556 -4.1563 -2.4712 0.9796
-1.6079 -4.2234 -2.4751 0.9796
-0.5129 -4.5423 -2.5037 0.9794
-0.3501 -4.5654 -2.5078 0.9793
-0.1863 -4.5826 -2.5120 0.9793
0.1434 -4.5995 -2.5204 0.9792
0.4746 -4.5925 -2.5287 0.9792
0.6402 -4.5800 -2.5329 0.9791
0.8055 -4.5614 -2.5370 0.9791
0.9703 -4.5369 -2.5411 0.9791
1.1343 -4.5063 -2.5451 0.9790
1.2974 -4.4697 -2.5491 0.9790
1.6197 -4.3786 -2.5570 0.9789
1.7785 -4.3241 -2.5608 0.9789
1.9355 -4.2638 -2.5646 0.9789
2.0903 -4.1976 -2.5683 0.9788
2.2428 -4.1257 -2.5720 0.9788
2.3928 -4.0482 -2.5755 0.9788
2.6842 -3.8764 -2.5824 0.9787
2.8252 -3.7824 -2.5857 0.9787
3.0968 -3.5786 -2.5920 0.9786
3.0555 -3.2848 -2.5901 0.9795
3.4011 -2.9461 -2.5979 0.9794
3.7076 -2.5700 -2.6045 0.9794
3.8003 -2.4370 -2.6065 0.9794
3.9707 -2.1610 -2.6100 0.9793
4.1202 -1.8727 -2.6129 0.9793
4.1868 -1.7244 -2.6142 0.9793
4.2477 -1.5737 -2.6153 0.9793
4.3031 -1.4207 -2.6163 0.9793
2.6242 -0.7631 -1.5778 0.9875
2.5591 -0.6455 -1.5238 0.9879
2.5531 -0.5473 -1.5075 0.9880
2.5556 -0.4526 -1.4984 0.9881
2.5563 -0.2655 -1.4838 0.9882
2.5575 -0.0810 -1.4773 0.9883
2.5577 0.0108 -1.4767 0.9883
2.5587 0.1950 -1.4815 0.9882
2.5605 0.4759 -1.5037 0.9880
4.3752 1.1432 -2.6108 0.9793
4.3287 1.2987 -2.6092 0.9793
4.1549 1.7527 -2.6035 0.9794
4.0859 1.8991 -2.6014 0.9794
4.0116 2.0428 -2.5991 0.9794
3.7578 2.4550 -2.5915 0.9795
3.6633 2.5856 -2.5888 0.9795
3.4606 2.8353 -2.5829 0.9795
3.0042 3.2851 -2.5701 0.9796
2.8805 3.3863 -2.5667 0.9797
2.7534 3.4828 -2.5633 0.9797
2.6229 3.5744 -2.5597 0.9797
2.4894 3.6611 -2.5561 0.9798
2.3530 3.7427 -2.5524 0.9798
2.2139 3.8192 -2.5487 0.9798
2.0723 3.8904 -2.5449 0.9798
1.9284 3.9564 -2.5411 0.9799
1.6346 4.0721 -2.5334 0.9799
1.4851 4.1217 -2.5294 0.9800
1.3341 4.1659 -2.5255 0.9800
1.0285 4.2376 -2.5176 0.9801
0.7196 4.2869 -2.5097 0.9801
0.5644 4.3032 -2.5057 0.9802
0.4088 4.3138 -2.5017 0.9802
0.2534 4.3189 -2.4978 0.9802
-0.0570 4.3124 -2.4900 0.9803
-0.5179 4.2616 -2.4785 0.9804
-0.6695 4.2338 -2.4748 0.9804
-1.1158 4.1190 -2.4638 0.9805
-1.4045 4.0169 -2.4568 0.9805
-1.5456 3.9585 -2.4535 0.9806
-1.6844 3.8951 -2.4501 0.9806
-2.0853 3.6772 -2.4406 0.9807
-2.2132 3.5955 -2.4376 0.9807
-2.4597 3.4194 -2.4319 0.9807
-2.5780 3.3252 -2.4292 0.9808
-2.8039 3.1251 -2.4241 0.9808
-2.9114 3.0194 -2.4217 0.9808
-3.0151 2.9102 -2.4194 0.9808
-3.1148 2.7975 -2.4172 0.9808
-3.2104 2.6816 -2.4151 0.9809
-3.3892 2.4405 -2.4113 0.9809
-3.4721 2.3156 -2.4095 0.9809
-3.6246 2.0578 -2.4064 0.9809
-3.7588 1.7905 -2.4038 0.9810
-3.8188 1.6537 -2.4027 0.9810
-3.8741 1.5149 -2.4017 0.9810
-3.9701 1.2322 -2.4000 0.9810
-4.0464 0.9438 -2.3989 0.9810
-4.0771 0.7978 -2.3986 0.9810
-4.1233 0.5031 -2.3982 0.9810
-4.1491 0.2060 -2.3984 0.9810
-4.1543 0.0570 -2.3987 0.9810
-4.1544 -0.0922 -2.3991 0.9810
-4.1239 -0.5388 -2.4012 0.9810
-4.0780 -0.8339 -2.4032 0.9810
-3.8751 -1.5533 -2.4103 0.9809
-3.8197 -1.6927 -2.4121 0.9809
-3.7594 -1.8301 -2.4140 0.9809
-3.6944 -1.9656 -2.4161 0.9809
-3.6247 -2.0988 -2.4182 0.9808
-3.5503 -2.2296 -2.4205 0.9808
-3.3879 -2.4835 -2.4253 0.9808
-3.3001 -2.6063 -2.4278 0.9808
-3.2079 -2.7260 -2.4305 0.9807
-2.9065 -3.0659 -2.4391 0.9807
-2.6858 -3.2748 -2.4452 0.9806
-2.4504 -3.4682 -2.4517 0.9806
-2.0720 -3.7271 -2.4620 0.9805
-1.8045 -3.8774 -2.4692 0.9804
-1.5262 -4.0088 -2.4766 0.9804
-1.3834 -4.0672 -2.4803 0.9804
-1.2385 -4.1206 -2.4842 0.9803
-1.0914 -4.1688 -2.4880 0.9803
-0.9425 -4.2119 -2.4919 0.9803
-0.7920 -4.2496 -2.4958 0.9802
-0.4866 -4.3091 -2.5037 0.9802
-0.3321 -4.3306 -2.5076 0.9801
-0.1767 -4.3466 -2.5116 0.9801
-0.0206 -4.3570 -2.5155 0.9801
0.4500 -4.3544 -2.5274 0.9800
0.6070 -4.3422 -2.5313 0.9800
0.9197 -4.3006 -2.5391 0.9799
1.0752 -4.2713 -2.5429 0.9799
1.2296 -4.2362 -2.5467 0.9798
1.5349 -4.1492 -2.5542 0.9798
1.9804 -3.9768 -2.5649 0.9797
2.1247 -3.9084 -2.5684 0.9797
2.6756 -3.5821 -2.5814 0.9796
2.9325 -3.3887 -2.5873 0.9795
3.1747 -3.1763 -2.5928 0.9795
3.4011 -2.9461 -2.5979 0.9794
3.5078 -2.8246 -2.6002 0.9794
3.6100 -2.6992 -2.6024 0.9794
3.8003 -2.4370 -2.6065 0.9794
3.9707 -2.1610 -2.6100 0.9793
4.0481 -2.0183 -2.6115 0.9793
4.1202 -1.8727 -2.6129 0.9793
4.1867 -1.7244 -2.6142 0.9793
4.3031 -1.4207 -2.6163 0.9793
2.6242 -0.7631 -1.5778 0.9875
2.5563 -0.2655 -1.4838 0.9882
2.5572 -0.1730 -1.4798 0.9882
2.5573 0.1027 -1.4777 0.9882
2.5587 0.1950 -1.4815 0.9882
4.3287 1.2987 -2.6092 0.9793
4.2764 1.4522 -2.6074 0.9794
4.2184 1.6036 -2.6055 0.9794
4.0859 1.8991 -2.6014 0.9794
3.9321 2.1834 -2.5967 0.9794
3.8474 2.3209 -2.5941 0.9795
3.6633 2.5856 -2.5888 0.9795
3.4606 2.8353 -2.5829 0.9795
3.3526 2.9542 -2.5799 0.9796
3.2404 3.0689 -2.5767 0.9796
3.0042 3.2851 -2.5701 0.9796
2.7534 3.4828 -2.5633 0.9797
2.6229 3.5744 -2.5597 0.9797
2.4894 3.6611 -2.5561 0.9798
2.3530 3.7427 -2.5524 0.9798
2.2139 3.8192 -2.5487 0.9798
2.0723 3.8904 -2.5449 0.9798
1.6346 4.0721 -2.5334 0.9799
1.4851 4.1217 -2.5294 0.9800
1.3341 4.1659 -2.5255 0.9800
1.1819 4.2045 -2.5216 0.9800
1.0285 4.2376 -2.5176 0.9801
0.8744 4.2650 -2.5136 0.9801
0.4088 4.3138 -2.5017 0.9802
0.0980 4.3184 -2.4939 0.9802
-0.0570 4.3124 -2.4900 0.9803
-0.5179 4.2616 -2.4785 0.9804
-1.1158 4.1190 -2.4638 0.9805
-1.2611 4.0705 -2.4603 0.9805
-1.5456 3.9585 -2.4535 0.9806
-1.6844 3.8951 -2.4501 0.9806
-2.0853 3.6772 -2.4406 0.9807
-2.2132 3.5955 -2.4376 0.9807
-2.8039 3.1251 -2.4241 0.9808
-2.9114 3.0194 -2.4217 0.9808
-3.0151 2.9102 -2.4194 0.9808
-3.2104 2.6816 -2.4151 0.9809
-3.3019 2.5625 -2.4131 0.9809
-3.4721 2.3156 -2.4095 0.9809
-3.5506 2.1880 -2.4079 0.9809
-3.6246 2.0578 -2.4064 0.9809
-3.7588 1.7905 -2.4038 0.9810
-3.8741 1.5149 -2.4017 0.9810
-3.9246 1.3744 -2.4008 0.9810
-3.9702 1.2322 -2.4000 0.9810
-4.0771 0.7978 -2.3986 0.9810
-4.1233 0.5031 -2.3982 0.9810
-4.1543 0.0570 -2.3987 0.9810
-4.1544 -0.0922 -2.3991 0.9810
-4.1035 -0.6867 -2.4021 0.9810
-4.0780 -0.8339 -2.4032 0.9810
-4.0118 -1.1255 -2.4057 0.9809
-3.9256 -1.4122 -2.4087 0.9809
-3.8751 -1.5533 -2.4103 0.9809
-3.6246 -2.0988 -2.4182 0.9808
-3.5503 -2.2296 -2.4205 0.9808
-3.4713 -2.3579 -2.4228 0.9808
-3.3879 -2.4835 -2.4253 0.9808
-3.3001 -2.6063 -2.4278 0.9808
-3.1115 -2.8427 -2.4333 0.9807
-3.0110 -2.9560 -2.4361 0.9807
-2.9065 -3.0659 -2.4391 0.9807
-2.7980 -3.1722 -2.4421 0.9807
-2.6858 -3.2748 -2.4452 0.9806
-2.3275 -3.5588 -2.4551 0.9806
-2.2013 -3.6451 -2.4585 0.9805
-2.0720 -3.7271 -2.4620 0.9805
-1.0914 -4.1688 -2.4880 0.9803
-0.9425 -4.2119 -2.4919 0.9803
-0.6399 -4.2821 -2.4997 0.9802
-0.4866 -4.3091 -2.5037 0.9802
-0.3321 -4.3306 -2.5076 0.9801
0.4500 -4.3544 -2.5274 0.9800
0.9197 -4.3006 -2.5391 0.9799
1.0752 -4.2713 -2.5429 0.9799
1.2296 -4.2362 -2.5467 0.9798
1.5349 -4.1492 -2.5542 0.9798
1.9804 -3.9768 -2.5649 0.9797
2.1247 -3.9084 -2.5684 0.9797
2.4058 -3.7556 -2.5750 0.9796
2.6756 -3.5821 -2.5814 0.9796
2.9325 -3.3887 -2.5873 0.9795
3.0555 -3.2848 -2.5901 0.9795
3.2900 -3.0633 -2.5954 0.9795
3.5078 -2.8246 -2.6002 0.9794
3.6100 -2.6992 -2.6024 0.9794
3.7076 -2.5699 -2.6045 0.9794
3.8003 -2.4370 -2.6065 0.9794
3.9707 -2.1610 -2.6100 0.9793
4.0481 -2.0183 -2.6115 0.9793
4.1202 -1.8727 -2.6129 0.9793
2.6242 -0.7631 -1.5778 0.9875
2.5591 -0.6455 -1.5238 0.9879
2.5531 -0.5473 -1.5075 0.9880
2.5556 -0.4526 -1.4984 0.9881
2.5563 -0.2655 -1.4838 0.9882
2.5572 -0.1730 -1.4798 0.9882
2.5575 -0.0810 -1.4773 0.9883
2.5577 0.0108 -1.4767 0.9883
2.5605 0.4759 -1.5037 0.9880
2.6178 0.5845 -1.5486 0.9877
4.3752 1.1432 -2.6108 0.9793
4.3287 1.2987 -2.6092 0.9793
4.2184 1.6036 -2.6055 0.9794
4.1549 1.7527 -2.6035 0.9794
3.8474 2.3209 -2.5941 0.9795
3.7578 2.4550 -2.5915 0.9795
3.4606 2.8353 -2.5829 0.9795
3.1242 3.1792 -2.5735 0.9796
2.7534 3.4828 -2.5633 0.9797
2.6229 3.5744 -2.5597 0.9797
2.0723 3.8904 -2.5449 0.9798
1.9284 3.9564 -2.5411 0.9799
1.7825 4.0169 -2.5372 0.9799
1.6346 4.0721 -2.5334 0.9799
1.3341 4.1659 -2.5255 0.9800
1.1819 4.2045 -2.5216 0.9800
1.0285 4.2376 -2.5176 0.9801
0.0980 4.3184 -2.4939 0.9802
-0.0570 4.3124 -2.4900 0.9803
-0.3651 4.2840 -2.4823 0.9803
-0.5179 4.2616 -2.4785 0.9804
-0.8198 4.2008 -2.4711 0.9804
-0.9686 4.1625 -2.4674 0.9805
-1.1158 4.1190 -2.4638 0.9805
-1.6844 3.8951 -2.4501 0.9806
-1.8207 3.8271 -2.4469 0.9806
-1.9544 3.7544 -2.4437 0.9806
-2.4597 3.4194 -2.4319 0.9807
-2.5780 3.3252 -2.4292 0.9808
-3.0151 2.9102 -2.4194 0.9808
-3.1148 2.7975 -2.4172 0.9808
-3.3019 2.5625 -2.4131 0.9809
-3.3892 2.4405 -2.4113 0.9809
-3.5506 2.1880 -2.4079 0.9809
-3.6246 2.0578 -2.4064 0.9809
-3.7588 1.7905 -2.4038 0.9810
-3.9246 1.3744 -2.4008 0.9810
-3.9702 1.2322 -2.4000 0.9810
-4.0107 1.0886 -2.3994 0.9810
-4.0464 0.9438 -2.3989 0.9810
-4.0771 0.7978 -2.3986 0.9810
-4.1387 0.3548 -2.3983 0.9810
-4.1491 0.2060 -2.3984 0.9810
-4.1543 0.0570 -2.3987 0.9810
-4.1544 -0.0922 -2.3991 0.9810
-4.1494 -0.2413 -2.3997 0.9810
-4.1392 -0.3902 -2.4004 0.9810
-4.1239 -0.5388 -2.4012 0.9810
-4.1035 -0.6867 -2.4021 0.9810
-4.0475 -0.9803 -2.4044 0.9809
-4.0118 -1.1255 -2.4057 0.9809
-3.9712 -1.2696 -2.4071 0.9809
-3.8751 -1.5533 -2.4103 0.9809
-3.8197 -1.6927 -2.4121 0.9809
-3.7594 -1.8301 -2.4140 0.9809
-3.6944 -1.9656 -2.4161 0.9809
-3.3879 -2.4835 -2.4253 0.9808
-3.1115 -2.8427 -2.4333 0.9807
-3.0110 -2.9560 -2.4361 0.9807
-2.9065 -3.0659 -2.4391 0.9807
-2.7980 -3.1722 -2.4421 0.9807
-2.6858 -3.2748 -2.4452 0.9806
-2.5699 -3.3735 -2.4484 0.9806
-2.4504 -3.4682 -2.4517 0.9806
-2.2013 -3.6451 -2.4585 0.9805
-1.9397 -3.8045 -2.4656 0.9805
-1.8045 -3.8774 -2.4692 0.9804
-1.6666 -3.9455 -2.4729 0.9804
-1.5262 -4.0089 -2.4766 0.9804
-1.0914 -4.1688 -2.4880 0.9803
-0.7920 -4.2497 -2.4958 0.9802
-0.6399 -4.2821 -2.4997 0.9802
-0.4866 -4.3091 -2.5037 0.9802
-0.1767 -4.3466 -2.5116 0.9801
0.1360 -4.3618 -2.5195 0.9800
0.6070 -4.3422 -2.5313 0.9800
0.7636 -4.3243 -2.5352 0.9799
1.5349 -4.1492 -2.5542 0.9798
1.6852 -4.0973 -2.5578 0.9797
1.9804 -3.9768 -2.5649 0.9797
2.1247 -3.9084 -2.5684 0.9797
2.4058 -3.7556 -2.5750 0.9796
2.5422 -3.6714 -2.5783 0.9796
2.9325 -3.3887 -2.5873 0.9795
3.0555 -3.2848 -2.5901 0.9795
3.1747 -3.1763 -2.5928 0.9795
3.2900 -3.0633 -2.5954 0.9795
3.4011 -2.9461 -2.5979 0.9794
3.8880 -2.3007 -2.6083 0.9793
4.0481 -2.0183 -2.6115 0.9793
2.6242 -0.7631 -1.5778 0.9875
2.5591 -0.6455 -1.5238 0.9879
2.5556 -0.4526 -1.4984 0.9881
2.5573 -0.3587 -1.4909 0.9881
2.5563 -0.2654 -1.4838 0.9882
2.5572 -0.1730 -1.4798 0.9882
2.5575 -0.0810 -1.4773 0.9883
2.5577 0.0108 -1.4767 0.9883
2.5573 0.1027 -1.4777 0.9882
2.5587 0.1950 -1.4815 0.9882
2.5551 0.3806 -1.4914 0.9881
2.6178 0.5845 -1.5486 0.9877
4.3752 1.1432 -2.6108 0.9793
4.1549 1.7527 -2.6035 0.9794
3.9321 2.1834 -2.5967 0.9794
3.8474 2.3209 -2.5941 0.9795
3.7578 2.4550 -2.5915 0.9795
3.5642 2.7124 -2.5859 0.9795
3.4606 2.8353 -2.5829 0.9795
3.1242 3.1792 -2.5735 0.9796
2.7534 3.4828 -2.5633 0.9797
2.4894 3.6611 -2.5561 0.9798
2.2139 3.8192 -2.5487 0.9798
1.9284 3.9564 -2.5411 0.9799
1.7825 4.0169 -2.5372 0.9799
1.6346 4.0721 -2.5334 0.9799
1.4851 4.1217 -2.5294 0.9800
1.1819 4.2045 -2.5216 0.9800
1.0285 4.2376 -2.5176 0.9801
0.8744 4.2650 -2.5136 0.9801
0.5644 4.3032 -2.5057 0.9802
0.0980 4.3184 -2.4939 0.9802
-0.0570 4.3124 -2.4900 0.9803
-0.2114 4.3009 -2.4861 0.9803
-0.6695 4.2338 -2.4748 0.9804
-0.9686 4.1625 -2.4674 0.9805
-1.2611 4.0705 -2.4603 0.9805
-1.4045 4.0169 -2.4568 0.9805
-1.5456 3.9585 -2.4535 0.9806
-2.3381 3.5096 -2.4347 0.9807
-2.4597 3.4194 -2.4319 0.9807
-2.5780 3.3252 -2.4292 0.9808
-2.8039 3.1251 -2.4241 0.9808
-3.0151 2.9102 -2.4194 0.9808
-3.1148 2.7975 -2.4172 0.9808
-3.3019 2.5625 -2.4131 0.9809
-3.6246 2.0578 -2.4064 0.9809
-3.6940 1.9253 -2.4050 0.9809
-3.7588 1.7905 -2.4038 0.9810
-3.8188 1.6537 -2.4027 0.9810
-3.9702 1.2322 -2.4000 0.9810
-4.0771 0.7978 -2.3986 0.9810
-4.1239 -0.5388 -2.4012 0.9810
-4.1035 -0.6867 -2.4021 0.9810
-4.0780 -0.8339 -2.4032 0.9810
-3.8751 -1.5533 -2.4103 0.9809
-3.7594 -1.8301 -2.4140 0.9809
-3.5503 -2.2296 -2.4205 0.9808
-3.0110 -2.9560 -2.4361 0.9807
-2.9065 -3.0659 -2.4391 0.9807
-2.6858 -3.2748 -2.4452 0.9806
-2.5699 -3.3735 -2.4484 0.9806
-2.4504 -3.4682 -2.4517 0.9806
-2.3275 -3.5588 -2.4551 0.9806
-2.2013 -3.6451 -2.4585 0.9805
-2.0720 -3.7271 -2.4620 0.9805
-1.8045 -3.8774 -2.4692 0.9804
-1.3834 -4.0672 -2.4803 0.9804
-1.2385 -4.1206 -2.4842 0.9803
-0.9425 -4.2119 -2.4919 0.9803
-0.6399 -4.2821 -2.4997 0.9802
-0.4866 -4.3091 -2.5037 0.9802
-0.3321 -4.3306 -2.5076 0.9801
-0.0206 -4.3570 -2.5155 0.9801
0.2930 -4.3609 -2.5235 0.9800
0.7636 -4.3243 -2.5352 0.9799
1.2296 -4.2362 -2.5467 0.9798
2.1247 -3.9084 -2.5684 0.9797
2.2666 -3.8347 -2.5718 0.9796
2.4058 -3.7556 -2.5750 0.9796
2.6756 -3.5821 -2.5814 0.9796
2.8057 -3.4878 -2.5844 0.9795
